Date,Number,Multiplier,Year,Game_Type,Ball_Type
5/17/2002,15,,2002,Mega Millions,Main
5/17/2002,18,,2002,Mega Millions,Main
5/17/2002,25,,2002,Mega Millions,Main
5/17/2002,33,,2002,Mega Millions,Main
5/17/2002,47,,2002,Mega Millions,Main
5/17/2002,30,,2002,Mega Millions,Mega_Ball
5/21/2002,4,,2002,Mega Millions,Main
5/21/2002,28,,2002,Mega Millions,Main
5/21/2002,39,,2002,Mega Millions,Main
5/21/2002,41,,2002,Mega Millions,Main
5/21/2002,44,,2002,Mega Millions,Main
5/21/2002,9,,2002,Mega Millions,Mega_Ball
5/24/2002,2,,2002,Mega Millions,Main
5/24/2002,4,,2002,Mega Millions,Main
5/24/2002,32,,2002,Mega Millions,Main
5/24/2002,44,,2002,Mega Millions,Main
5/24/2002,52,,2002,Mega Millions,Main
5/24/2002,36,,2002,Mega Millions,Mega_Ball
5/28/2002,6,,2002,Mega Millions,Main
5/28/2002,21,,2002,Mega Millions,Main
5/28/2002,22,,2002,Mega Millions,Main
5/28/2002,29,,2002,Mega Millions,Main
5/28/2002,32,,2002,Mega Millions,Main
5/28/2002,24,,2002,Mega Millions,Mega_Ball
5/31/2002,12,,2002,Mega Millions,Main
5/31/2002,28,,2002,Mega Millions,Main
5/31/2002,45,,2002,Mega Millions,Main
5/31/2002,46,,2002,Mega Millions,Main
5/31/2002,52,,2002,Mega Millions,Main
5/31/2002,47,,2002,Mega Millions,Mega_Ball
6/4/2002,3,,2002,Mega Millions,Main
6/4/2002,25,,2002,Mega Millions,Main
6/4/2002,29,,2002,Mega Millions,Main
6/4/2002,30,,2002,Mega Millions,Main
6/4/2002,48,,2002,Mega Millions,Main
6/4/2002,48,,2002,Mega Millions,Mega_Ball
6/7/2002,14,,2002,Mega Millions,Main
6/7/2002,22,,2002,Mega Millions,Main
6/7/2002,27,,2002,Mega Millions,Main
6/7/2002,28,,2002,Mega Millions,Main
6/7/2002,42,,2002,Mega Millions,Main
6/7/2002,13,,2002,Mega Millions,Mega_Ball
6/11/2002,5,,2002,Mega Millions,Main
6/11/2002,6,,2002,Mega Millions,Main
6/11/2002,9,,2002,Mega Millions,Main
6/11/2002,33,,2002,Mega Millions,Main
6/11/2002,44,,2002,Mega Millions,Main
6/11/2002,52,,2002,Mega Millions,Mega_Ball
6/14/2002,4,,2002,Mega Millions,Main
6/14/2002,8,,2002,Mega Millions,Main
6/14/2002,32,,2002,Mega Millions,Main
6/14/2002,37,,2002,Mega Millions,Main
6/14/2002,43,,2002,Mega Millions,Main
6/14/2002,2,,2002,Mega Millions,Mega_Ball
6/18/2002,6,,2002,Mega Millions,Main
6/18/2002,13,,2002,Mega Millions,Main
6/18/2002,18,,2002,Mega Millions,Main
6/18/2002,27,,2002,Mega Millions,Main
6/18/2002,45,,2002,Mega Millions,Main
6/18/2002,18,,2002,Mega Millions,Mega_Ball
6/21/2002,13,,2002,Mega Millions,Main
6/21/2002,18,,2002,Mega Millions,Main
6/21/2002,32,,2002,Mega Millions,Main
6/21/2002,39,,2002,Mega Millions,Main
6/21/2002,49,,2002,Mega Millions,Main
6/21/2002,6,,2002,Mega Millions,Mega_Ball
6/25/2002,4,,2002,Mega Millions,Main
6/25/2002,18,,2002,Mega Millions,Main
6/25/2002,21,,2002,Mega Millions,Main
6/25/2002,27,,2002,Mega Millions,Main
6/25/2002,41,,2002,Mega Millions,Main
6/25/2002,50,,2002,Mega Millions,Mega_Ball
6/28/2002,18,,2002,Mega Millions,Main
6/28/2002,31,,2002,Mega Millions,Main
6/28/2002,49,,2002,Mega Millions,Main
6/28/2002,50,,2002,Mega Millions,Main
6/28/2002,51,,2002,Mega Millions,Main
6/28/2002,4,,2002,Mega Millions,Mega_Ball
7/2/2002,14,,2002,Mega Millions,Main
7/2/2002,22,,2002,Mega Millions,Main
7/2/2002,32,,2002,Mega Millions,Main
7/2/2002,35,,2002,Mega Millions,Main
7/2/2002,44,,2002,Mega Millions,Main
7/2/2002,6,,2002,Mega Millions,Mega_Ball
7/5/2002,11,,2002,Mega Millions,Main
7/5/2002,20,,2002,Mega Millions,Main
7/5/2002,26,,2002,Mega Millions,Main
7/5/2002,29,,2002,Mega Millions,Main
7/5/2002,41,,2002,Mega Millions,Main
7/5/2002,41,,2002,Mega Millions,Mega_Ball
7/9/2002,26,,2002,Mega Millions,Main
7/9/2002,29,,2002,Mega Millions,Main
7/9/2002,31,,2002,Mega Millions,Main
7/9/2002,44,,2002,Mega Millions,Main
7/9/2002,48,,2002,Mega Millions,Main
7/9/2002,40,,2002,Mega Millions,Mega_Ball
7/12/2002,13,,2002,Mega Millions,Main
7/12/2002,19,,2002,Mega Millions,Main
7/12/2002,23,,2002,Mega Millions,Main
7/12/2002,38,,2002,Mega Millions,Main
7/12/2002,47,,2002,Mega Millions,Main
7/12/2002,15,,2002,Mega Millions,Mega_Ball
7/16/2002,10,,2002,Mega Millions,Main
7/16/2002,24,,2002,Mega Millions,Main
7/16/2002,35,,2002,Mega Millions,Main
7/16/2002,49,,2002,Mega Millions,Main
7/16/2002,52,,2002,Mega Millions,Main
7/16/2002,47,,2002,Mega Millions,Mega_Ball
7/19/2002,7,,2002,Mega Millions,Main
7/19/2002,15,,2002,Mega Millions,Main
7/19/2002,24,,2002,Mega Millions,Main
7/19/2002,37,,2002,Mega Millions,Main
7/19/2002,46,,2002,Mega Millions,Main
7/19/2002,9,,2002,Mega Millions,Mega_Ball
7/23/2002,10,,2002,Mega Millions,Main
7/23/2002,12,,2002,Mega Millions,Main
7/23/2002,29,,2002,Mega Millions,Main
7/23/2002,32,,2002,Mega Millions,Main
7/23/2002,38,,2002,Mega Millions,Main
7/23/2002,7,,2002,Mega Millions,Mega_Ball
7/26/2002,20,,2002,Mega Millions,Main
7/26/2002,27,,2002,Mega Millions,Main
7/26/2002,28,,2002,Mega Millions,Main
7/26/2002,37,,2002,Mega Millions,Main
7/26/2002,49,,2002,Mega Millions,Main
7/26/2002,32,,2002,Mega Millions,Mega_Ball
7/30/2002,2,,2002,Mega Millions,Main
7/30/2002,6,,2002,Mega Millions,Main
7/30/2002,22,,2002,Mega Millions,Main
7/30/2002,27,,2002,Mega Millions,Main
7/30/2002,44,,2002,Mega Millions,Main
7/30/2002,1,,2002,Mega Millions,Mega_Ball
8/2/2002,10,,2002,Mega Millions,Main
8/2/2002,16,,2002,Mega Millions,Main
8/2/2002,23,,2002,Mega Millions,Main
8/2/2002,28,,2002,Mega Millions,Main
8/2/2002,31,,2002,Mega Millions,Main
8/2/2002,7,,2002,Mega Millions,Mega_Ball
8/6/2002,2,,2002,Mega Millions,Main
8/6/2002,6,,2002,Mega Millions,Main
8/6/2002,38,,2002,Mega Millions,Main
8/6/2002,40,,2002,Mega Millions,Main
8/6/2002,50,,2002,Mega Millions,Main
8/6/2002,14,,2002,Mega Millions,Mega_Ball
8/9/2002,7,,2002,Mega Millions,Main
8/9/2002,17,,2002,Mega Millions,Main
8/9/2002,23,,2002,Mega Millions,Main
8/9/2002,43,,2002,Mega Millions,Main
8/9/2002,44,,2002,Mega Millions,Main
8/9/2002,26,,2002,Mega Millions,Mega_Ball
8/13/2002,3,,2002,Mega Millions,Main
8/13/2002,10,,2002,Mega Millions,Main
8/13/2002,15,,2002,Mega Millions,Main
8/13/2002,18,,2002,Mega Millions,Main
8/13/2002,25,,2002,Mega Millions,Main
8/13/2002,52,,2002,Mega Millions,Mega_Ball
8/16/2002,22,,2002,Mega Millions,Main
8/16/2002,31,,2002,Mega Millions,Main
8/16/2002,33,,2002,Mega Millions,Main
8/16/2002,44,,2002,Mega Millions,Main
8/16/2002,52,,2002,Mega Millions,Main
8/16/2002,43,,2002,Mega Millions,Mega_Ball
8/20/2002,2,,2002,Mega Millions,Main
8/20/2002,13,,2002,Mega Millions,Main
8/20/2002,20,,2002,Mega Millions,Main
8/20/2002,23,,2002,Mega Millions,Main
8/20/2002,43,,2002,Mega Millions,Main
8/20/2002,6,,2002,Mega Millions,Mega_Ball
8/23/2002,5,,2002,Mega Millions,Main
8/23/2002,19,,2002,Mega Millions,Main
8/23/2002,20,,2002,Mega Millions,Main
8/23/2002,45,,2002,Mega Millions,Main
8/23/2002,48,,2002,Mega Millions,Main
8/23/2002,44,,2002,Mega Millions,Mega_Ball
8/27/2002,2,,2002,Mega Millions,Main
8/27/2002,5,,2002,Mega Millions,Main
8/27/2002,11,,2002,Mega Millions,Main
8/27/2002,18,,2002,Mega Millions,Main
8/27/2002,45,,2002,Mega Millions,Main
8/27/2002,22,,2002,Mega Millions,Mega_Ball
8/30/2002,6,,2002,Mega Millions,Main
8/30/2002,31,,2002,Mega Millions,Main
8/30/2002,32,,2002,Mega Millions,Main
8/30/2002,42,,2002,Mega Millions,Main
8/30/2002,51,,2002,Mega Millions,Main
8/30/2002,42,,2002,Mega Millions,Mega_Ball
9/3/2002,8,,2002,Mega Millions,Main
9/3/2002,23,,2002,Mega Millions,Main
9/3/2002,36,,2002,Mega Millions,Main
9/3/2002,49,,2002,Mega Millions,Main
9/3/2002,51,,2002,Mega Millions,Main
9/3/2002,10,,2002,Mega Millions,Mega_Ball
9/6/2002,31,,2002,Mega Millions,Main
9/6/2002,39,,2002,Mega Millions,Main
9/6/2002,42,,2002,Mega Millions,Main
9/6/2002,49,,2002,Mega Millions,Main
9/6/2002,51,,2002,Mega Millions,Main
9/6/2002,35,,2002,Mega Millions,Mega_Ball
9/10/2002,4,,2002,Mega Millions,Main
9/10/2002,6,,2002,Mega Millions,Main
9/10/2002,10,,2002,Mega Millions,Main
9/10/2002,21,,2002,Mega Millions,Main
9/10/2002,25,,2002,Mega Millions,Main
9/10/2002,21,,2002,Mega Millions,Mega_Ball
9/13/2002,24,,2002,Mega Millions,Main
9/13/2002,32,,2002,Mega Millions,Main
9/13/2002,37,,2002,Mega Millions,Main
9/13/2002,40,,2002,Mega Millions,Main
9/13/2002,51,,2002,Mega Millions,Main
9/13/2002,12,,2002,Mega Millions,Mega_Ball
9/17/2002,7,,2002,Mega Millions,Main
9/17/2002,10,,2002,Mega Millions,Main
9/17/2002,19,,2002,Mega Millions,Main
9/17/2002,26,,2002,Mega Millions,Main
9/17/2002,44,,2002,Mega Millions,Main
9/17/2002,5,,2002,Mega Millions,Mega_Ball
9/20/2002,1,,2002,Mega Millions,Main
9/20/2002,2,,2002,Mega Millions,Main
9/20/2002,4,,2002,Mega Millions,Main
9/20/2002,5,,2002,Mega Millions,Main
9/20/2002,46,,2002,Mega Millions,Main
9/20/2002,8,,2002,Mega Millions,Mega_Ball
9/24/2002,8,,2002,Mega Millions,Main
9/24/2002,32,,2002,Mega Millions,Main
9/24/2002,34,,2002,Mega Millions,Main
9/24/2002,42,,2002,Mega Millions,Main
9/24/2002,50,,2002,Mega Millions,Main
9/24/2002,21,,2002,Mega Millions,Mega_Ball
9/27/2002,23,,2002,Mega Millions,Main
9/27/2002,27,,2002,Mega Millions,Main
9/27/2002,30,,2002,Mega Millions,Main
9/27/2002,33,,2002,Mega Millions,Main
9/27/2002,36,,2002,Mega Millions,Main
9/27/2002,5,,2002,Mega Millions,Mega_Ball
10/1/2002,7,,2002,Mega Millions,Main
10/1/2002,21,,2002,Mega Millions,Main
10/1/2002,30,,2002,Mega Millions,Main
10/1/2002,32,,2002,Mega Millions,Main
10/1/2002,37,,2002,Mega Millions,Main
10/1/2002,15,,2002,Mega Millions,Mega_Ball
10/4/2002,10,,2002,Mega Millions,Main
10/4/2002,42,,2002,Mega Millions,Main
10/4/2002,43,,2002,Mega Millions,Main
10/4/2002,45,,2002,Mega Millions,Main
10/4/2002,51,,2002,Mega Millions,Main
10/4/2002,1,,2002,Mega Millions,Mega_Ball
10/8/2002,18,,2002,Mega Millions,Main
10/8/2002,34,,2002,Mega Millions,Main
10/8/2002,43,,2002,Mega Millions,Main
10/8/2002,47,,2002,Mega Millions,Main
10/8/2002,50,,2002,Mega Millions,Main
10/8/2002,25,,2002,Mega Millions,Mega_Ball
10/11/2002,9,,2002,Mega Millions,Main
10/11/2002,11,,2002,Mega Millions,Main
10/11/2002,17,,2002,Mega Millions,Main
10/11/2002,26,,2002,Mega Millions,Main
10/11/2002,41,,2002,Mega Millions,Main
10/11/2002,29,,2002,Mega Millions,Mega_Ball
10/15/2002,6,,2002,Mega Millions,Main
10/15/2002,20,,2002,Mega Millions,Main
10/15/2002,27,,2002,Mega Millions,Main
10/15/2002,34,,2002,Mega Millions,Main
10/15/2002,51,,2002,Mega Millions,Main
10/15/2002,22,,2002,Mega Millions,Mega_Ball
10/18/2002,10,,2002,Mega Millions,Main
10/18/2002,31,,2002,Mega Millions,Main
10/18/2002,40,,2002,Mega Millions,Main
10/18/2002,48,,2002,Mega Millions,Main
10/18/2002,51,,2002,Mega Millions,Main
10/18/2002,38,,2002,Mega Millions,Mega_Ball
10/22/2002,16,,2002,Mega Millions,Main
10/22/2002,20,,2002,Mega Millions,Main
10/22/2002,26,,2002,Mega Millions,Main
10/22/2002,36,,2002,Mega Millions,Main
10/22/2002,48,,2002,Mega Millions,Main
10/22/2002,32,,2002,Mega Millions,Mega_Ball
10/25/2002,8,,2002,Mega Millions,Main
10/25/2002,15,,2002,Mega Millions,Main
10/25/2002,34,,2002,Mega Millions,Main
10/25/2002,39,,2002,Mega Millions,Main
10/25/2002,47,,2002,Mega Millions,Main
10/25/2002,4,,2002,Mega Millions,Mega_Ball
10/29/2002,9,,2002,Mega Millions,Main
10/29/2002,10,,2002,Mega Millions,Main
10/29/2002,14,,2002,Mega Millions,Main
10/29/2002,41,,2002,Mega Millions,Main
10/29/2002,49,,2002,Mega Millions,Main
10/29/2002,35,,2002,Mega Millions,Mega_Ball
11/1/2002,5,,2002,Mega Millions,Main
11/1/2002,10,,2002,Mega Millions,Main
11/1/2002,22,,2002,Mega Millions,Main
11/1/2002,23,,2002,Mega Millions,Main
11/1/2002,43,,2002,Mega Millions,Main
11/1/2002,37,,2002,Mega Millions,Mega_Ball
11/5/2002,2,,2002,Mega Millions,Main
11/5/2002,7,,2002,Mega Millions,Main
11/5/2002,16,,2002,Mega Millions,Main
11/5/2002,28,,2002,Mega Millions,Main
11/5/2002,36,,2002,Mega Millions,Main
11/5/2002,47,,2002,Mega Millions,Mega_Ball
11/8/2002,17,,2002,Mega Millions,Main
11/8/2002,19,,2002,Mega Millions,Main
11/8/2002,37,,2002,Mega Millions,Main
11/8/2002,47,,2002,Mega Millions,Main
11/8/2002,48,,2002,Mega Millions,Main
11/8/2002,14,,2002,Mega Millions,Mega_Ball
11/12/2002,3,,2002,Mega Millions,Main
11/12/2002,28,,2002,Mega Millions,Main
11/12/2002,45,,2002,Mega Millions,Main
11/12/2002,48,,2002,Mega Millions,Main
11/12/2002,50,,2002,Mega Millions,Main
11/12/2002,24,,2002,Mega Millions,Mega_Ball
11/15/2002,6,,2002,Mega Millions,Main
11/15/2002,17,,2002,Mega Millions,Main
11/15/2002,44,,2002,Mega Millions,Main
11/15/2002,49,,2002,Mega Millions,Main
11/15/2002,51,,2002,Mega Millions,Main
11/15/2002,39,,2002,Mega Millions,Mega_Ball
11/19/2002,7,,2002,Mega Millions,Main
11/19/2002,16,,2002,Mega Millions,Main
11/19/2002,20,,2002,Mega Millions,Main
11/19/2002,40,,2002,Mega Millions,Main
11/19/2002,52,,2002,Mega Millions,Main
11/19/2002,8,,2002,Mega Millions,Mega_Ball
11/22/2002,11,,2002,Mega Millions,Main
11/22/2002,16,,2002,Mega Millions,Main
11/22/2002,19,,2002,Mega Millions,Main
11/22/2002,22,,2002,Mega Millions,Main
11/22/2002,46,,2002,Mega Millions,Main
11/22/2002,5,,2002,Mega Millions,Mega_Ball
11/26/2002,3,,2002,Mega Millions,Main
11/26/2002,21,,2002,Mega Millions,Main
11/26/2002,27,,2002,Mega Millions,Main
11/26/2002,31,,2002,Mega Millions,Main
11/26/2002,43,,2002,Mega Millions,Main
11/26/2002,34,,2002,Mega Millions,Mega_Ball
11/29/2002,8,,2002,Mega Millions,Main
11/29/2002,25,,2002,Mega Millions,Main
11/29/2002,33,,2002,Mega Millions,Main
11/29/2002,42,,2002,Mega Millions,Main
11/29/2002,49,,2002,Mega Millions,Main
11/29/2002,40,,2002,Mega Millions,Mega_Ball
12/3/2002,1,,2002,Mega Millions,Main
12/3/2002,15,,2002,Mega Millions,Main
12/3/2002,19,,2002,Mega Millions,Main
12/3/2002,40,,2002,Mega Millions,Main
12/3/2002,51,,2002,Mega Millions,Main
12/3/2002,26,,2002,Mega Millions,Mega_Ball
12/6/2002,4,,2002,Mega Millions,Main
12/6/2002,8,,2002,Mega Millions,Main
12/6/2002,30,,2002,Mega Millions,Main
12/6/2002,36,,2002,Mega Millions,Main
12/6/2002,52,,2002,Mega Millions,Main
12/6/2002,48,,2002,Mega Millions,Mega_Ball
12/10/2002,3,,2002,Mega Millions,Main
12/10/2002,5,,2002,Mega Millions,Main
12/10/2002,9,,2002,Mega Millions,Main
12/10/2002,16,,2002,Mega Millions,Main
12/10/2002,31,,2002,Mega Millions,Main
12/10/2002,28,,2002,Mega Millions,Mega_Ball
12/13/2002,2,,2002,Mega Millions,Main
12/13/2002,13,,2002,Mega Millions,Main
12/13/2002,14,,2002,Mega Millions,Main
12/13/2002,24,,2002,Mega Millions,Main
12/13/2002,46,,2002,Mega Millions,Main
12/13/2002,34,,2002,Mega Millions,Mega_Ball
12/17/2002,3,,2002,Mega Millions,Main
12/17/2002,7,,2002,Mega Millions,Main
12/17/2002,21,,2002,Mega Millions,Main
12/17/2002,29,,2002,Mega Millions,Main
12/17/2002,49,,2002,Mega Millions,Main
12/17/2002,46,,2002,Mega Millions,Mega_Ball
12/20/2002,10,,2002,Mega Millions,Main
12/20/2002,14,,2002,Mega Millions,Main
12/20/2002,41,,2002,Mega Millions,Main
12/20/2002,46,,2002,Mega Millions,Main
12/20/2002,49,,2002,Mega Millions,Main
12/20/2002,52,,2002,Mega Millions,Mega_Ball
12/24/2002,8,,2002,Mega Millions,Main
12/24/2002,24,,2002,Mega Millions,Main
12/24/2002,39,,2002,Mega Millions,Main
12/24/2002,43,,2002,Mega Millions,Main
12/24/2002,52,,2002,Mega Millions,Main
12/24/2002,43,,2002,Mega Millions,Mega_Ball
12/27/2002,11,,2002,Mega Millions,Main
12/27/2002,14,,2002,Mega Millions,Main
12/27/2002,26,,2002,Mega Millions,Main
12/27/2002,30,,2002,Mega Millions,Main
12/27/2002,39,,2002,Mega Millions,Main
12/27/2002,3,,2002,Mega Millions,Mega_Ball
12/31/2002,8,,2002,Mega Millions,Main
12/31/2002,21,,2002,Mega Millions,Main
12/31/2002,29,,2002,Mega Millions,Main
12/31/2002,42,,2002,Mega Millions,Main
12/31/2002,51,,2002,Mega Millions,Main
12/31/2002,34,,2002,Mega Millions,Mega_Ball
1/3/2003,6,,2003,Mega Millions,Main
1/3/2003,14,,2003,Mega Millions,Main
1/3/2003,28,,2003,Mega Millions,Main
1/3/2003,37,,2003,Mega Millions,Main
1/3/2003,46,,2003,Mega Millions,Main
1/3/2003,3,,2003,Mega Millions,Mega_Ball
1/7/2003,15,,2003,Mega Millions,Main
1/7/2003,16,,2003,Mega Millions,Main
1/7/2003,28,,2003,Mega Millions,Main
1/7/2003,34,,2003,Mega Millions,Main
1/7/2003,51,,2003,Mega Millions,Main
1/7/2003,33,,2003,Mega Millions,Mega_Ball
1/10/2003,7,,2003,Mega Millions,Main
1/10/2003,17,,2003,Mega Millions,Main
1/10/2003,18,,2003,Mega Millions,Main
1/10/2003,34,,2003,Mega Millions,Main
1/10/2003,50,,2003,Mega Millions,Main
1/10/2003,18,,2003,Mega Millions,Mega_Ball
1/14/2003,30,,2003,Mega Millions,Main
1/14/2003,39,,2003,Mega Millions,Main
1/14/2003,41,,2003,Mega Millions,Main
1/14/2003,47,,2003,Mega Millions,Main
1/14/2003,52,,2003,Mega Millions,Main
1/14/2003,27,,2003,Mega Millions,Mega_Ball
1/17/2003,25,,2003,Mega Millions,Main
1/17/2003,26,,2003,Mega Millions,Main
1/17/2003,38,,2003,Mega Millions,Main
1/17/2003,42,,2003,Mega Millions,Main
1/17/2003,46,,2003,Mega Millions,Main
1/17/2003,27,,2003,Mega Millions,Mega_Ball
1/21/2003,4,,2003,Mega Millions,Main
1/21/2003,41,,2003,Mega Millions,Main
1/21/2003,48,,2003,Mega Millions,Main
1/21/2003,50,,2003,Mega Millions,Main
1/21/2003,51,,2003,Mega Millions,Main
1/21/2003,23,,2003,Mega Millions,Mega_Ball
1/24/2003,16,,2003,Mega Millions,Main
1/24/2003,31,,2003,Mega Millions,Main
1/24/2003,37,,2003,Mega Millions,Main
1/24/2003,40,,2003,Mega Millions,Main
1/24/2003,41,,2003,Mega Millions,Main
1/24/2003,5,,2003,Mega Millions,Mega_Ball
1/28/2003,13,,2003,Mega Millions,Main
1/28/2003,24,,2003,Mega Millions,Main
1/28/2003,26,,2003,Mega Millions,Main
1/28/2003,32,,2003,Mega Millions,Main
1/28/2003,47,,2003,Mega Millions,Main
1/28/2003,34,,2003,Mega Millions,Mega_Ball
1/31/2003,1,,2003,Mega Millions,Main
1/31/2003,8,,2003,Mega Millions,Main
1/31/2003,9,,2003,Mega Millions,Main
1/31/2003,19,,2003,Mega Millions,Main
1/31/2003,22,,2003,Mega Millions,Main
1/31/2003,21,,2003,Mega Millions,Mega_Ball
2/4/2003,5,,2003,Mega Millions,Main
2/4/2003,12,,2003,Mega Millions,Main
2/4/2003,16,,2003,Mega Millions,Main
2/4/2003,22,,2003,Mega Millions,Main
2/4/2003,24,,2003,Mega Millions,Main
2/4/2003,48,,2003,Mega Millions,Mega_Ball
2/7/2003,3,,2003,Mega Millions,Main
2/7/2003,9,,2003,Mega Millions,Main
2/7/2003,20,,2003,Mega Millions,Main
2/7/2003,26,,2003,Mega Millions,Main
2/7/2003,27,,2003,Mega Millions,Main
2/7/2003,50,,2003,Mega Millions,Mega_Ball
2/11/2003,18,,2003,Mega Millions,Main
2/11/2003,20,,2003,Mega Millions,Main
2/11/2003,23,,2003,Mega Millions,Main
2/11/2003,48,,2003,Mega Millions,Main
2/11/2003,49,,2003,Mega Millions,Main
2/11/2003,10,,2003,Mega Millions,Mega_Ball
2/14/2003,11,,2003,Mega Millions,Main
2/14/2003,13,,2003,Mega Millions,Main
2/14/2003,19,,2003,Mega Millions,Main
2/14/2003,32,,2003,Mega Millions,Main
2/14/2003,47,,2003,Mega Millions,Main
2/14/2003,21,,2003,Mega Millions,Mega_Ball
2/18/2003,12,,2003,Mega Millions,Main
2/18/2003,22,,2003,Mega Millions,Main
2/18/2003,29,,2003,Mega Millions,Main
2/18/2003,42,,2003,Mega Millions,Main
2/18/2003,50,,2003,Mega Millions,Main
2/18/2003,11,,2003,Mega Millions,Mega_Ball
2/21/2003,21,,2003,Mega Millions,Main
2/21/2003,28,,2003,Mega Millions,Main
2/21/2003,29,,2003,Mega Millions,Main
2/21/2003,40,,2003,Mega Millions,Main
2/21/2003,51,,2003,Mega Millions,Main
2/21/2003,20,,2003,Mega Millions,Mega_Ball
2/25/2003,2,,2003,Mega Millions,Main
2/25/2003,4,,2003,Mega Millions,Main
2/25/2003,6,,2003,Mega Millions,Main
2/25/2003,37,,2003,Mega Millions,Main
2/25/2003,47,,2003,Mega Millions,Main
2/25/2003,38,,2003,Mega Millions,Mega_Ball
2/28/2003,11,,2003,Mega Millions,Main
2/28/2003,16,,2003,Mega Millions,Main
2/28/2003,26,,2003,Mega Millions,Main
2/28/2003,48,,2003,Mega Millions,Main
2/28/2003,49,,2003,Mega Millions,Main
2/28/2003,13,,2003,Mega Millions,Mega_Ball
3/4/2003,2,,2003,Mega Millions,Main
3/4/2003,26,,2003,Mega Millions,Main
3/4/2003,36,,2003,Mega Millions,Main
3/4/2003,37,,2003,Mega Millions,Main
3/4/2003,41,,2003,Mega Millions,Main
3/4/2003,22,,2003,Mega Millions,Mega_Ball
3/7/2003,7,,2003,Mega Millions,Main
3/7/2003,10,,2003,Mega Millions,Main
3/7/2003,32,,2003,Mega Millions,Main
3/7/2003,36,,2003,Mega Millions,Main
3/7/2003,41,,2003,Mega Millions,Main
3/7/2003,33,,2003,Mega Millions,Mega_Ball
3/11/2003,10,,2003,Mega Millions,Main
3/11/2003,15,,2003,Mega Millions,Main
3/11/2003,26,,2003,Mega Millions,Main
3/11/2003,28,,2003,Mega Millions,Main
3/11/2003,39,,2003,Mega Millions,Main
3/11/2003,10,,2003,Mega Millions,Mega_Ball
3/14/2003,3,,2003,Mega Millions,Main
3/14/2003,6,,2003,Mega Millions,Main
3/14/2003,14,,2003,Mega Millions,Main
3/14/2003,31,,2003,Mega Millions,Main
3/14/2003,33,,2003,Mega Millions,Main
3/14/2003,8,,2003,Mega Millions,Mega_Ball
3/18/2003,13,,2003,Mega Millions,Main
3/18/2003,14,,2003,Mega Millions,Main
3/18/2003,16,,2003,Mega Millions,Main
3/18/2003,29,,2003,Mega Millions,Main
3/18/2003,49,,2003,Mega Millions,Main
3/18/2003,29,,2003,Mega Millions,Mega_Ball
3/21/2003,6,,2003,Mega Millions,Main
3/21/2003,17,,2003,Mega Millions,Main
3/21/2003,18,,2003,Mega Millions,Main
3/21/2003,40,,2003,Mega Millions,Main
3/21/2003,50,,2003,Mega Millions,Main
3/21/2003,8,,2003,Mega Millions,Mega_Ball
3/25/2003,15,,2003,Mega Millions,Main
3/25/2003,21,,2003,Mega Millions,Main
3/25/2003,37,,2003,Mega Millions,Main
3/25/2003,40,,2003,Mega Millions,Main
3/25/2003,42,,2003,Mega Millions,Main
3/25/2003,7,,2003,Mega Millions,Mega_Ball
3/28/2003,8,,2003,Mega Millions,Main
3/28/2003,12,,2003,Mega Millions,Main
3/28/2003,21,,2003,Mega Millions,Main
3/28/2003,27,,2003,Mega Millions,Main
3/28/2003,29,,2003,Mega Millions,Main
3/28/2003,15,,2003,Mega Millions,Mega_Ball
4/1/2003,7,,2003,Mega Millions,Main
4/1/2003,12,,2003,Mega Millions,Main
4/1/2003,26,,2003,Mega Millions,Main
4/1/2003,45,,2003,Mega Millions,Main
4/1/2003,47,,2003,Mega Millions,Main
4/1/2003,36,,2003,Mega Millions,Mega_Ball
4/4/2003,6,,2003,Mega Millions,Main
4/4/2003,22,,2003,Mega Millions,Main
4/4/2003,28,,2003,Mega Millions,Main
4/4/2003,31,,2003,Mega Millions,Main
4/4/2003,40,,2003,Mega Millions,Main
4/4/2003,18,,2003,Mega Millions,Mega_Ball
4/8/2003,8,,2003,Mega Millions,Main
4/8/2003,10,,2003,Mega Millions,Main
4/8/2003,24,,2003,Mega Millions,Main
4/8/2003,38,,2003,Mega Millions,Main
4/8/2003,45,,2003,Mega Millions,Main
4/8/2003,6,,2003,Mega Millions,Mega_Ball
4/11/2003,15,,2003,Mega Millions,Main
4/11/2003,26,,2003,Mega Millions,Main
4/11/2003,27,,2003,Mega Millions,Main
4/11/2003,38,,2003,Mega Millions,Main
4/11/2003,39,,2003,Mega Millions,Main
4/11/2003,46,,2003,Mega Millions,Mega_Ball
4/15/2003,16,,2003,Mega Millions,Main
4/15/2003,29,,2003,Mega Millions,Main
4/15/2003,31,,2003,Mega Millions,Main
4/15/2003,39,,2003,Mega Millions,Main
4/15/2003,52,,2003,Mega Millions,Main
4/15/2003,21,,2003,Mega Millions,Mega_Ball
4/18/2003,5,,2003,Mega Millions,Main
4/18/2003,15,,2003,Mega Millions,Main
4/18/2003,24,,2003,Mega Millions,Main
4/18/2003,50,,2003,Mega Millions,Main
4/18/2003,52,,2003,Mega Millions,Main
4/18/2003,3,,2003,Mega Millions,Mega_Ball
4/22/2003,3,,2003,Mega Millions,Main
4/22/2003,9,,2003,Mega Millions,Main
4/22/2003,15,,2003,Mega Millions,Main
4/22/2003,28,,2003,Mega Millions,Main
4/22/2003,52,,2003,Mega Millions,Main
4/22/2003,7,,2003,Mega Millions,Mega_Ball
4/25/2003,1,,2003,Mega Millions,Main
4/25/2003,12,,2003,Mega Millions,Main
4/25/2003,32,,2003,Mega Millions,Main
4/25/2003,48,,2003,Mega Millions,Main
4/25/2003,51,,2003,Mega Millions,Main
4/25/2003,29,,2003,Mega Millions,Mega_Ball
4/29/2003,6,,2003,Mega Millions,Main
4/29/2003,8,,2003,Mega Millions,Main
4/29/2003,9,,2003,Mega Millions,Main
4/29/2003,33,,2003,Mega Millions,Main
4/29/2003,35,,2003,Mega Millions,Main
4/29/2003,32,,2003,Mega Millions,Mega_Ball
5/2/2003,2,,2003,Mega Millions,Main
5/2/2003,5,,2003,Mega Millions,Main
5/2/2003,19,,2003,Mega Millions,Main
5/2/2003,32,,2003,Mega Millions,Main
5/2/2003,34,,2003,Mega Millions,Main
5/2/2003,52,,2003,Mega Millions,Mega_Ball
5/6/2003,5,,2003,Mega Millions,Main
5/6/2003,14,,2003,Mega Millions,Main
5/6/2003,32,,2003,Mega Millions,Main
5/6/2003,44,,2003,Mega Millions,Main
5/6/2003,52,,2003,Mega Millions,Main
5/6/2003,24,,2003,Mega Millions,Mega_Ball
5/9/2003,1,,2003,Mega Millions,Main
5/9/2003,10,,2003,Mega Millions,Main
5/9/2003,20,,2003,Mega Millions,Main
5/9/2003,22,,2003,Mega Millions,Main
5/9/2003,28,,2003,Mega Millions,Main
5/9/2003,39,,2003,Mega Millions,Mega_Ball
5/13/2003,17,,2003,Mega Millions,Main
5/13/2003,20,,2003,Mega Millions,Main
5/13/2003,47,,2003,Mega Millions,Main
5/13/2003,49,,2003,Mega Millions,Main
5/13/2003,50,,2003,Mega Millions,Main
5/13/2003,34,,2003,Mega Millions,Mega_Ball
5/16/2003,5,,2003,Mega Millions,Main
5/16/2003,10,,2003,Mega Millions,Main
5/16/2003,16,,2003,Mega Millions,Main
5/16/2003,26,,2003,Mega Millions,Main
5/16/2003,39,,2003,Mega Millions,Main
5/16/2003,52,,2003,Mega Millions,Mega_Ball
5/20/2003,2,,2003,Mega Millions,Main
5/20/2003,16,,2003,Mega Millions,Main
5/20/2003,36,,2003,Mega Millions,Main
5/20/2003,44,,2003,Mega Millions,Main
5/20/2003,49,,2003,Mega Millions,Main
5/20/2003,3,,2003,Mega Millions,Mega_Ball
5/23/2003,12,,2003,Mega Millions,Main
5/23/2003,20,,2003,Mega Millions,Main
5/23/2003,31,,2003,Mega Millions,Main
5/23/2003,33,,2003,Mega Millions,Main
5/23/2003,50,,2003,Mega Millions,Main
5/23/2003,17,,2003,Mega Millions,Mega_Ball
5/27/2003,10,,2003,Mega Millions,Main
5/27/2003,11,,2003,Mega Millions,Main
5/27/2003,17,,2003,Mega Millions,Main
5/27/2003,20,,2003,Mega Millions,Main
5/27/2003,26,,2003,Mega Millions,Main
5/27/2003,3,,2003,Mega Millions,Mega_Ball
5/30/2003,1,,2003,Mega Millions,Main
5/30/2003,21,,2003,Mega Millions,Main
5/30/2003,28,,2003,Mega Millions,Main
5/30/2003,33,,2003,Mega Millions,Main
5/30/2003,51,,2003,Mega Millions,Main
5/30/2003,3,,2003,Mega Millions,Mega_Ball
6/3/2003,4,,2003,Mega Millions,Main
6/3/2003,20,,2003,Mega Millions,Main
6/3/2003,25,,2003,Mega Millions,Main
6/3/2003,29,,2003,Mega Millions,Main
6/3/2003,32,,2003,Mega Millions,Main
6/3/2003,20,,2003,Mega Millions,Mega_Ball
6/6/2003,10,,2003,Mega Millions,Main
6/6/2003,14,,2003,Mega Millions,Main
6/6/2003,28,,2003,Mega Millions,Main
6/6/2003,39,,2003,Mega Millions,Main
6/6/2003,40,,2003,Mega Millions,Main
6/6/2003,35,,2003,Mega Millions,Mega_Ball
6/10/2003,14,,2003,Mega Millions,Main
6/10/2003,15,,2003,Mega Millions,Main
6/10/2003,23,,2003,Mega Millions,Main
6/10/2003,32,,2003,Mega Millions,Main
6/10/2003,52,,2003,Mega Millions,Main
6/10/2003,37,,2003,Mega Millions,Mega_Ball
6/13/2003,12,,2003,Mega Millions,Main
6/13/2003,15,,2003,Mega Millions,Main
6/13/2003,16,,2003,Mega Millions,Main
6/13/2003,20,,2003,Mega Millions,Main
6/13/2003,51,,2003,Mega Millions,Main
6/13/2003,33,,2003,Mega Millions,Mega_Ball
6/17/2003,27,,2003,Mega Millions,Main
6/17/2003,31,,2003,Mega Millions,Main
6/17/2003,34,,2003,Mega Millions,Main
6/17/2003,40,,2003,Mega Millions,Main
6/17/2003,52,,2003,Mega Millions,Main
6/17/2003,1,,2003,Mega Millions,Mega_Ball
6/20/2003,1,,2003,Mega Millions,Main
6/20/2003,2,,2003,Mega Millions,Main
6/20/2003,3,,2003,Mega Millions,Main
6/20/2003,12,,2003,Mega Millions,Main
6/20/2003,37,,2003,Mega Millions,Main
6/20/2003,35,,2003,Mega Millions,Mega_Ball
6/24/2003,2,,2003,Mega Millions,Main
6/24/2003,26,,2003,Mega Millions,Main
6/24/2003,43,,2003,Mega Millions,Main
6/24/2003,44,,2003,Mega Millions,Main
6/24/2003,47,,2003,Mega Millions,Main
6/24/2003,31,,2003,Mega Millions,Mega_Ball
6/27/2003,1,,2003,Mega Millions,Main
6/27/2003,14,,2003,Mega Millions,Main
6/27/2003,20,,2003,Mega Millions,Main
6/27/2003,31,,2003,Mega Millions,Main
6/27/2003,40,,2003,Mega Millions,Main
6/27/2003,43,,2003,Mega Millions,Mega_Ball
7/1/2003,28,,2003,Mega Millions,Main
7/1/2003,32,,2003,Mega Millions,Main
7/1/2003,39,,2003,Mega Millions,Main
7/1/2003,45,,2003,Mega Millions,Main
7/1/2003,48,,2003,Mega Millions,Main
7/1/2003,31,,2003,Mega Millions,Mega_Ball
7/4/2003,6,,2003,Mega Millions,Main
7/4/2003,7,,2003,Mega Millions,Main
7/4/2003,22,,2003,Mega Millions,Main
7/4/2003,37,,2003,Mega Millions,Main
7/4/2003,46,,2003,Mega Millions,Main
7/4/2003,8,,2003,Mega Millions,Mega_Ball
7/8/2003,2,,2003,Mega Millions,Main
7/8/2003,9,,2003,Mega Millions,Main
7/8/2003,27,,2003,Mega Millions,Main
7/8/2003,29,,2003,Mega Millions,Main
7/8/2003,35,,2003,Mega Millions,Main
7/8/2003,18,,2003,Mega Millions,Mega_Ball
7/11/2003,1,,2003,Mega Millions,Main
7/11/2003,4,,2003,Mega Millions,Main
7/11/2003,10,,2003,Mega Millions,Main
7/11/2003,16,,2003,Mega Millions,Main
7/11/2003,18,,2003,Mega Millions,Main
7/11/2003,10,,2003,Mega Millions,Mega_Ball
7/15/2003,1,,2003,Mega Millions,Main
7/15/2003,26,,2003,Mega Millions,Main
7/15/2003,33,,2003,Mega Millions,Main
7/15/2003,43,,2003,Mega Millions,Main
7/15/2003,48,,2003,Mega Millions,Main
7/15/2003,22,,2003,Mega Millions,Mega_Ball
7/18/2003,29,,2003,Mega Millions,Main
7/18/2003,30,,2003,Mega Millions,Main
7/18/2003,34,,2003,Mega Millions,Main
7/18/2003,38,,2003,Mega Millions,Main
7/18/2003,44,,2003,Mega Millions,Main
7/18/2003,39,,2003,Mega Millions,Mega_Ball
7/22/2003,1,,2003,Mega Millions,Main
7/22/2003,5,,2003,Mega Millions,Main
7/22/2003,31,,2003,Mega Millions,Main
7/22/2003,38,,2003,Mega Millions,Main
7/22/2003,47,,2003,Mega Millions,Main
7/22/2003,3,,2003,Mega Millions,Mega_Ball
7/25/2003,33,,2003,Mega Millions,Main
7/25/2003,46,,2003,Mega Millions,Main
7/25/2003,47,,2003,Mega Millions,Main
7/25/2003,50,,2003,Mega Millions,Main
7/25/2003,51,,2003,Mega Millions,Main
7/25/2003,30,,2003,Mega Millions,Mega_Ball
7/29/2003,1,,2003,Mega Millions,Main
7/29/2003,17,,2003,Mega Millions,Main
7/29/2003,19,,2003,Mega Millions,Main
7/29/2003,32,,2003,Mega Millions,Main
7/29/2003,42,,2003,Mega Millions,Main
7/29/2003,33,,2003,Mega Millions,Mega_Ball
8/1/2003,2,,2003,Mega Millions,Main
8/1/2003,11,,2003,Mega Millions,Main
8/1/2003,27,,2003,Mega Millions,Main
8/1/2003,30,,2003,Mega Millions,Main
8/1/2003,33,,2003,Mega Millions,Main
8/1/2003,46,,2003,Mega Millions,Mega_Ball
8/5/2003,7,,2003,Mega Millions,Main
8/5/2003,32,,2003,Mega Millions,Main
8/5/2003,34,,2003,Mega Millions,Main
8/5/2003,38,,2003,Mega Millions,Main
8/5/2003,44,,2003,Mega Millions,Main
8/5/2003,49,,2003,Mega Millions,Mega_Ball
8/8/2003,6,,2003,Mega Millions,Main
8/8/2003,9,,2003,Mega Millions,Main
8/8/2003,35,,2003,Mega Millions,Main
8/8/2003,40,,2003,Mega Millions,Main
8/8/2003,43,,2003,Mega Millions,Main
8/8/2003,42,,2003,Mega Millions,Mega_Ball
8/12/2003,8,,2003,Mega Millions,Main
8/12/2003,11,,2003,Mega Millions,Main
8/12/2003,18,,2003,Mega Millions,Main
8/12/2003,35,,2003,Mega Millions,Main
8/12/2003,51,,2003,Mega Millions,Main
8/12/2003,26,,2003,Mega Millions,Mega_Ball
8/15/2003,1,,2003,Mega Millions,Main
8/15/2003,16,,2003,Mega Millions,Main
8/15/2003,20,,2003,Mega Millions,Main
8/15/2003,41,,2003,Mega Millions,Main
8/15/2003,52,,2003,Mega Millions,Main
8/15/2003,13,,2003,Mega Millions,Mega_Ball
8/19/2003,7,,2003,Mega Millions,Main
8/19/2003,11,,2003,Mega Millions,Main
8/19/2003,24,,2003,Mega Millions,Main
8/19/2003,28,,2003,Mega Millions,Main
8/19/2003,52,,2003,Mega Millions,Main
8/19/2003,16,,2003,Mega Millions,Mega_Ball
8/22/2003,4,,2003,Mega Millions,Main
8/22/2003,19,,2003,Mega Millions,Main
8/22/2003,31,,2003,Mega Millions,Main
8/22/2003,32,,2003,Mega Millions,Main
8/22/2003,51,,2003,Mega Millions,Main
8/22/2003,31,,2003,Mega Millions,Mega_Ball
8/26/2003,9,,2003,Mega Millions,Main
8/26/2003,28,,2003,Mega Millions,Main
8/26/2003,42,,2003,Mega Millions,Main
8/26/2003,44,,2003,Mega Millions,Main
8/26/2003,49,,2003,Mega Millions,Main
8/26/2003,47,,2003,Mega Millions,Mega_Ball
8/29/2003,8,,2003,Mega Millions,Main
8/29/2003,11,,2003,Mega Millions,Main
8/29/2003,17,,2003,Mega Millions,Main
8/29/2003,42,,2003,Mega Millions,Main
8/29/2003,52,,2003,Mega Millions,Main
8/29/2003,10,,2003,Mega Millions,Mega_Ball
9/2/2003,22,,2003,Mega Millions,Main
9/2/2003,26,,2003,Mega Millions,Main
9/2/2003,27,,2003,Mega Millions,Main
9/2/2003,32,,2003,Mega Millions,Main
9/2/2003,39,,2003,Mega Millions,Main
9/2/2003,14,,2003,Mega Millions,Mega_Ball
9/5/2003,7,,2003,Mega Millions,Main
9/5/2003,9,,2003,Mega Millions,Main
9/5/2003,28,,2003,Mega Millions,Main
9/5/2003,41,,2003,Mega Millions,Main
9/5/2003,42,,2003,Mega Millions,Main
9/5/2003,19,,2003,Mega Millions,Mega_Ball
9/9/2003,14,,2003,Mega Millions,Main
9/9/2003,15,,2003,Mega Millions,Main
9/9/2003,30,,2003,Mega Millions,Main
9/9/2003,39,,2003,Mega Millions,Main
9/9/2003,46,,2003,Mega Millions,Main
9/9/2003,30,,2003,Mega Millions,Mega_Ball
9/12/2003,16,,2003,Mega Millions,Main
9/12/2003,22,,2003,Mega Millions,Main
9/12/2003,23,,2003,Mega Millions,Main
9/12/2003,38,,2003,Mega Millions,Main
9/12/2003,46,,2003,Mega Millions,Main
9/12/2003,45,,2003,Mega Millions,Mega_Ball
9/16/2003,15,,2003,Mega Millions,Main
9/16/2003,20,,2003,Mega Millions,Main
9/16/2003,24,,2003,Mega Millions,Main
9/16/2003,30,,2003,Mega Millions,Main
9/16/2003,46,,2003,Mega Millions,Main
9/16/2003,42,,2003,Mega Millions,Mega_Ball
9/19/2003,13,,2003,Mega Millions,Main
9/19/2003,14,,2003,Mega Millions,Main
9/19/2003,24,,2003,Mega Millions,Main
9/19/2003,34,,2003,Mega Millions,Main
9/19/2003,47,,2003,Mega Millions,Main
9/19/2003,13,,2003,Mega Millions,Mega_Ball
9/23/2003,5,,2003,Mega Millions,Main
9/23/2003,16,,2003,Mega Millions,Main
9/23/2003,24,,2003,Mega Millions,Main
9/23/2003,49,,2003,Mega Millions,Main
9/23/2003,51,,2003,Mega Millions,Main
9/23/2003,28,,2003,Mega Millions,Mega_Ball
9/26/2003,5,,2003,Mega Millions,Main
9/26/2003,29,,2003,Mega Millions,Main
9/26/2003,32,,2003,Mega Millions,Main
9/26/2003,45,,2003,Mega Millions,Main
9/26/2003,52,,2003,Mega Millions,Main
9/26/2003,29,,2003,Mega Millions,Mega_Ball
9/30/2003,2,,2003,Mega Millions,Main
9/30/2003,26,,2003,Mega Millions,Main
9/30/2003,37,,2003,Mega Millions,Main
9/30/2003,40,,2003,Mega Millions,Main
9/30/2003,46,,2003,Mega Millions,Main
9/30/2003,49,,2003,Mega Millions,Mega_Ball
10/3/2003,19,,2003,Mega Millions,Main
10/3/2003,21,,2003,Mega Millions,Main
10/3/2003,30,,2003,Mega Millions,Main
10/3/2003,31,,2003,Mega Millions,Main
10/3/2003,52,,2003,Mega Millions,Main
10/3/2003,51,,2003,Mega Millions,Mega_Ball
10/7/2003,1,,2003,Mega Millions,Main
10/7/2003,2,,2003,Mega Millions,Main
10/7/2003,22,,2003,Mega Millions,Main
10/7/2003,40,,2003,Mega Millions,Main
10/7/2003,41,,2003,Mega Millions,Main
10/7/2003,43,,2003,Mega Millions,Mega_Ball
10/10/2003,4,,2003,Mega Millions,Main
10/10/2003,19,,2003,Mega Millions,Main
10/10/2003,36,,2003,Mega Millions,Main
10/10/2003,42,,2003,Mega Millions,Main
10/10/2003,48,,2003,Mega Millions,Main
10/10/2003,13,,2003,Mega Millions,Mega_Ball
10/14/2003,18,,2003,Mega Millions,Main
10/14/2003,19,,2003,Mega Millions,Main
10/14/2003,21,,2003,Mega Millions,Main
10/14/2003,33,,2003,Mega Millions,Main
10/14/2003,40,,2003,Mega Millions,Main
10/14/2003,29,,2003,Mega Millions,Mega_Ball
10/17/2003,14,,2003,Mega Millions,Main
10/17/2003,20,,2003,Mega Millions,Main
10/17/2003,31,,2003,Mega Millions,Main
10/17/2003,46,,2003,Mega Millions,Main
10/17/2003,48,,2003,Mega Millions,Main
10/17/2003,18,,2003,Mega Millions,Mega_Ball
10/21/2003,18,,2003,Mega Millions,Main
10/21/2003,34,,2003,Mega Millions,Main
10/21/2003,46,,2003,Mega Millions,Main
10/21/2003,51,,2003,Mega Millions,Main
10/21/2003,52,,2003,Mega Millions,Main
10/21/2003,38,,2003,Mega Millions,Mega_Ball
10/24/2003,8,,2003,Mega Millions,Main
10/24/2003,9,,2003,Mega Millions,Main
10/24/2003,16,,2003,Mega Millions,Main
10/24/2003,30,,2003,Mega Millions,Main
10/24/2003,31,,2003,Mega Millions,Main
10/24/2003,15,,2003,Mega Millions,Mega_Ball
10/28/2003,6,,2003,Mega Millions,Main
10/28/2003,9,,2003,Mega Millions,Main
10/28/2003,20,,2003,Mega Millions,Main
10/28/2003,40,,2003,Mega Millions,Main
10/28/2003,47,,2003,Mega Millions,Main
10/28/2003,26,,2003,Mega Millions,Mega_Ball
10/31/2003,6,,2003,Mega Millions,Main
10/31/2003,12,,2003,Mega Millions,Main
10/31/2003,13,,2003,Mega Millions,Main
10/31/2003,36,,2003,Mega Millions,Main
10/31/2003,46,,2003,Mega Millions,Main
10/31/2003,3,,2003,Mega Millions,Mega_Ball
11/4/2003,16,,2003,Mega Millions,Main
11/4/2003,24,,2003,Mega Millions,Main
11/4/2003,43,,2003,Mega Millions,Main
11/4/2003,44,,2003,Mega Millions,Main
11/4/2003,45,,2003,Mega Millions,Main
11/4/2003,22,,2003,Mega Millions,Mega_Ball
11/7/2003,6,,2003,Mega Millions,Main
11/7/2003,18,,2003,Mega Millions,Main
11/7/2003,23,,2003,Mega Millions,Main
11/7/2003,26,,2003,Mega Millions,Main
11/7/2003,30,,2003,Mega Millions,Main
11/7/2003,31,,2003,Mega Millions,Mega_Ball
11/11/2003,2,,2003,Mega Millions,Main
11/11/2003,5,,2003,Mega Millions,Main
11/11/2003,17,,2003,Mega Millions,Main
11/11/2003,21,,2003,Mega Millions,Main
11/11/2003,22,,2003,Mega Millions,Main
11/11/2003,43,,2003,Mega Millions,Mega_Ball
11/14/2003,3,,2003,Mega Millions,Main
11/14/2003,13,,2003,Mega Millions,Main
11/14/2003,31,,2003,Mega Millions,Main
11/14/2003,41,,2003,Mega Millions,Main
11/14/2003,42,,2003,Mega Millions,Main
11/14/2003,52,,2003,Mega Millions,Mega_Ball
11/18/2003,4,,2003,Mega Millions,Main
11/18/2003,11,,2003,Mega Millions,Main
11/18/2003,25,,2003,Mega Millions,Main
11/18/2003,30,,2003,Mega Millions,Main
11/18/2003,52,,2003,Mega Millions,Main
11/18/2003,36,,2003,Mega Millions,Mega_Ball
11/21/2003,14,,2003,Mega Millions,Main
11/21/2003,26,,2003,Mega Millions,Main
11/21/2003,28,,2003,Mega Millions,Main
11/21/2003,36,,2003,Mega Millions,Main
11/21/2003,42,,2003,Mega Millions,Main
11/21/2003,14,,2003,Mega Millions,Mega_Ball
11/25/2003,22,,2003,Mega Millions,Main
11/25/2003,32,,2003,Mega Millions,Main
11/25/2003,37,,2003,Mega Millions,Main
11/25/2003,40,,2003,Mega Millions,Main
11/25/2003,41,,2003,Mega Millions,Main
11/25/2003,52,,2003,Mega Millions,Mega_Ball
11/28/2003,19,,2003,Mega Millions,Main
11/28/2003,26,,2003,Mega Millions,Main
11/28/2003,31,,2003,Mega Millions,Main
11/28/2003,44,,2003,Mega Millions,Main
11/28/2003,50,,2003,Mega Millions,Main
11/28/2003,19,,2003,Mega Millions,Mega_Ball
12/2/2003,10,,2003,Mega Millions,Main
12/2/2003,13,,2003,Mega Millions,Main
12/2/2003,24,,2003,Mega Millions,Main
12/2/2003,34,,2003,Mega Millions,Main
12/2/2003,49,,2003,Mega Millions,Main
12/2/2003,4,,2003,Mega Millions,Mega_Ball
12/5/2003,1,,2003,Mega Millions,Main
12/5/2003,12,,2003,Mega Millions,Main
12/5/2003,15,,2003,Mega Millions,Main
12/5/2003,18,,2003,Mega Millions,Main
12/5/2003,44,,2003,Mega Millions,Main
12/5/2003,42,,2003,Mega Millions,Mega_Ball
12/9/2003,4,,2003,Mega Millions,Main
12/9/2003,14,,2003,Mega Millions,Main
12/9/2003,15,,2003,Mega Millions,Main
12/9/2003,24,,2003,Mega Millions,Main
12/9/2003,48,,2003,Mega Millions,Main
12/9/2003,41,,2003,Mega Millions,Mega_Ball
12/12/2003,9,,2003,Mega Millions,Main
12/12/2003,16,,2003,Mega Millions,Main
12/12/2003,32,,2003,Mega Millions,Main
12/12/2003,45,,2003,Mega Millions,Main
12/12/2003,46,,2003,Mega Millions,Main
12/12/2003,26,,2003,Mega Millions,Mega_Ball
12/16/2003,16,,2003,Mega Millions,Main
12/16/2003,24,,2003,Mega Millions,Main
12/16/2003,31,,2003,Mega Millions,Main
12/16/2003,46,,2003,Mega Millions,Main
12/16/2003,47,,2003,Mega Millions,Main
12/16/2003,47,,2003,Mega Millions,Mega_Ball
12/19/2003,5,,2003,Mega Millions,Main
12/19/2003,10,,2003,Mega Millions,Main
12/19/2003,17,,2003,Mega Millions,Main
12/19/2003,35,,2003,Mega Millions,Main
12/19/2003,39,,2003,Mega Millions,Main
12/19/2003,38,,2003,Mega Millions,Mega_Ball
12/23/2003,2,,2003,Mega Millions,Main
12/23/2003,13,,2003,Mega Millions,Main
12/23/2003,21,,2003,Mega Millions,Main
12/23/2003,22,,2003,Mega Millions,Main
12/23/2003,49,,2003,Mega Millions,Main
12/23/2003,52,,2003,Mega Millions,Mega_Ball
12/26/2003,1,,2003,Mega Millions,Main
12/26/2003,10,,2003,Mega Millions,Main
12/26/2003,17,,2003,Mega Millions,Main
12/26/2003,20,,2003,Mega Millions,Main
12/26/2003,29,,2003,Mega Millions,Main
12/26/2003,36,,2003,Mega Millions,Mega_Ball
12/30/2003,12,,2003,Mega Millions,Main
12/30/2003,18,,2003,Mega Millions,Main
12/30/2003,21,,2003,Mega Millions,Main
12/30/2003,32,,2003,Mega Millions,Main
12/30/2003,46,,2003,Mega Millions,Main
12/30/2003,49,,2003,Mega Millions,Mega_Ball
1/2/2004,7,,2004,Mega Millions,Main
1/2/2004,8,,2004,Mega Millions,Main
1/2/2004,36,,2004,Mega Millions,Main
1/2/2004,44,,2004,Mega Millions,Main
1/2/2004,48,,2004,Mega Millions,Main
1/2/2004,9,,2004,Mega Millions,Mega_Ball
1/6/2004,7,,2004,Mega Millions,Main
1/6/2004,13,,2004,Mega Millions,Main
1/6/2004,15,,2004,Mega Millions,Main
1/6/2004,25,,2004,Mega Millions,Main
1/6/2004,32,,2004,Mega Millions,Main
1/6/2004,9,,2004,Mega Millions,Mega_Ball
1/9/2004,24,,2004,Mega Millions,Main
1/9/2004,32,,2004,Mega Millions,Main
1/9/2004,38,,2004,Mega Millions,Main
1/9/2004,47,,2004,Mega Millions,Main
1/9/2004,49,,2004,Mega Millions,Main
1/9/2004,12,,2004,Mega Millions,Mega_Ball
1/13/2004,3,,2004,Mega Millions,Main
1/13/2004,17,,2004,Mega Millions,Main
1/13/2004,18,,2004,Mega Millions,Main
1/13/2004,21,,2004,Mega Millions,Main
1/13/2004,45,,2004,Mega Millions,Main
1/13/2004,21,,2004,Mega Millions,Mega_Ball
1/16/2004,12,,2004,Mega Millions,Main
1/16/2004,26,,2004,Mega Millions,Main
1/16/2004,41,,2004,Mega Millions,Main
1/16/2004,44,,2004,Mega Millions,Main
1/16/2004,49,,2004,Mega Millions,Main
1/16/2004,44,,2004,Mega Millions,Mega_Ball
1/20/2004,5,,2004,Mega Millions,Main
1/20/2004,7,,2004,Mega Millions,Main
1/20/2004,14,,2004,Mega Millions,Main
1/20/2004,21,,2004,Mega Millions,Main
1/20/2004,45,,2004,Mega Millions,Main
1/20/2004,36,,2004,Mega Millions,Mega_Ball
1/23/2004,10,,2004,Mega Millions,Main
1/23/2004,18,,2004,Mega Millions,Main
1/23/2004,33,,2004,Mega Millions,Main
1/23/2004,46,,2004,Mega Millions,Main
1/23/2004,51,,2004,Mega Millions,Main
1/23/2004,13,,2004,Mega Millions,Mega_Ball
1/27/2004,6,,2004,Mega Millions,Main
1/27/2004,10,,2004,Mega Millions,Main
1/27/2004,20,,2004,Mega Millions,Main
1/27/2004,38,,2004,Mega Millions,Main
1/27/2004,50,,2004,Mega Millions,Main
1/27/2004,27,,2004,Mega Millions,Mega_Ball
1/30/2004,17,,2004,Mega Millions,Main
1/30/2004,28,,2004,Mega Millions,Main
1/30/2004,30,,2004,Mega Millions,Main
1/30/2004,40,,2004,Mega Millions,Main
1/30/2004,51,,2004,Mega Millions,Main
1/30/2004,44,,2004,Mega Millions,Mega_Ball
2/3/2004,9,,2004,Mega Millions,Main
2/3/2004,21,,2004,Mega Millions,Main
2/3/2004,26,,2004,Mega Millions,Main
2/3/2004,35,,2004,Mega Millions,Main
2/3/2004,41,,2004,Mega Millions,Main
2/3/2004,17,,2004,Mega Millions,Mega_Ball
2/6/2004,1,,2004,Mega Millions,Main
2/6/2004,6,,2004,Mega Millions,Main
2/6/2004,16,,2004,Mega Millions,Main
2/6/2004,30,,2004,Mega Millions,Main
2/6/2004,49,,2004,Mega Millions,Main
2/6/2004,13,,2004,Mega Millions,Mega_Ball
2/10/2004,3,,2004,Mega Millions,Main
2/10/2004,7,,2004,Mega Millions,Main
2/10/2004,10,,2004,Mega Millions,Main
2/10/2004,22,,2004,Mega Millions,Main
2/10/2004,32,,2004,Mega Millions,Main
2/10/2004,23,,2004,Mega Millions,Mega_Ball
2/13/2004,14,,2004,Mega Millions,Main
2/13/2004,30,,2004,Mega Millions,Main
2/13/2004,42,,2004,Mega Millions,Main
2/13/2004,43,,2004,Mega Millions,Main
2/13/2004,45,,2004,Mega Millions,Main
2/13/2004,30,,2004,Mega Millions,Mega_Ball
2/17/2004,2,,2004,Mega Millions,Main
2/17/2004,8,,2004,Mega Millions,Main
2/17/2004,34,,2004,Mega Millions,Main
2/17/2004,36,,2004,Mega Millions,Main
2/17/2004,52,,2004,Mega Millions,Main
2/17/2004,21,,2004,Mega Millions,Mega_Ball
2/20/2004,1,,2004,Mega Millions,Main
2/20/2004,13,,2004,Mega Millions,Main
2/20/2004,20,,2004,Mega Millions,Main
2/20/2004,21,,2004,Mega Millions,Main
2/20/2004,30,,2004,Mega Millions,Main
2/20/2004,24,,2004,Mega Millions,Mega_Ball
2/24/2004,6,,2004,Mega Millions,Main
2/24/2004,11,,2004,Mega Millions,Main
2/24/2004,43,,2004,Mega Millions,Main
2/24/2004,49,,2004,Mega Millions,Main
2/24/2004,52,,2004,Mega Millions,Main
2/24/2004,21,,2004,Mega Millions,Mega_Ball
2/27/2004,2,,2004,Mega Millions,Main
2/27/2004,9,,2004,Mega Millions,Main
2/27/2004,24,,2004,Mega Millions,Main
2/27/2004,36,,2004,Mega Millions,Main
2/27/2004,52,,2004,Mega Millions,Main
2/27/2004,44,,2004,Mega Millions,Mega_Ball
3/2/2004,25,,2004,Mega Millions,Main
3/2/2004,30,,2004,Mega Millions,Main
3/2/2004,35,,2004,Mega Millions,Main
3/2/2004,40,,2004,Mega Millions,Main
3/2/2004,50,,2004,Mega Millions,Main
3/2/2004,4,,2004,Mega Millions,Mega_Ball
3/5/2004,30,,2004,Mega Millions,Main
3/5/2004,40,,2004,Mega Millions,Main
3/5/2004,47,,2004,Mega Millions,Main
3/5/2004,49,,2004,Mega Millions,Main
3/5/2004,52,,2004,Mega Millions,Main
3/5/2004,3,,2004,Mega Millions,Mega_Ball
3/9/2004,16,,2004,Mega Millions,Main
3/9/2004,23,,2004,Mega Millions,Main
3/9/2004,29,,2004,Mega Millions,Main
3/9/2004,36,,2004,Mega Millions,Main
3/9/2004,51,,2004,Mega Millions,Main
3/9/2004,49,,2004,Mega Millions,Mega_Ball
3/12/2004,4,,2004,Mega Millions,Main
3/12/2004,29,,2004,Mega Millions,Main
3/12/2004,32,,2004,Mega Millions,Main
3/12/2004,35,,2004,Mega Millions,Main
3/12/2004,36,,2004,Mega Millions,Main
3/12/2004,11,,2004,Mega Millions,Mega_Ball
3/16/2004,3,,2004,Mega Millions,Main
3/16/2004,28,,2004,Mega Millions,Main
3/16/2004,45,,2004,Mega Millions,Main
3/16/2004,49,,2004,Mega Millions,Main
3/16/2004,51,,2004,Mega Millions,Main
3/16/2004,52,,2004,Mega Millions,Mega_Ball
3/19/2004,6,,2004,Mega Millions,Main
3/19/2004,9,,2004,Mega Millions,Main
3/19/2004,14,,2004,Mega Millions,Main
3/19/2004,32,,2004,Mega Millions,Main
3/19/2004,50,,2004,Mega Millions,Main
3/19/2004,4,,2004,Mega Millions,Mega_Ball
3/23/2004,12,,2004,Mega Millions,Main
3/23/2004,22,,2004,Mega Millions,Main
3/23/2004,35,,2004,Mega Millions,Main
3/23/2004,39,,2004,Mega Millions,Main
3/23/2004,46,,2004,Mega Millions,Main
3/23/2004,32,,2004,Mega Millions,Mega_Ball
3/26/2004,8,,2004,Mega Millions,Main
3/26/2004,10,,2004,Mega Millions,Main
3/26/2004,17,,2004,Mega Millions,Main
3/26/2004,37,,2004,Mega Millions,Main
3/26/2004,49,,2004,Mega Millions,Main
3/26/2004,20,,2004,Mega Millions,Mega_Ball
3/30/2004,3,,2004,Mega Millions,Main
3/30/2004,27,,2004,Mega Millions,Main
3/30/2004,31,,2004,Mega Millions,Main
3/30/2004,41,,2004,Mega Millions,Main
3/30/2004,45,,2004,Mega Millions,Main
3/30/2004,33,,2004,Mega Millions,Mega_Ball
4/2/2004,8,,2004,Mega Millions,Main
4/2/2004,17,,2004,Mega Millions,Main
4/2/2004,25,,2004,Mega Millions,Main
4/2/2004,46,,2004,Mega Millions,Main
4/2/2004,47,,2004,Mega Millions,Main
4/2/2004,13,,2004,Mega Millions,Mega_Ball
4/6/2004,8,,2004,Mega Millions,Main
4/6/2004,17,,2004,Mega Millions,Main
4/6/2004,29,,2004,Mega Millions,Main
4/6/2004,32,,2004,Mega Millions,Main
4/6/2004,39,,2004,Mega Millions,Main
4/6/2004,49,,2004,Mega Millions,Mega_Ball
4/9/2004,2,,2004,Mega Millions,Main
4/9/2004,8,,2004,Mega Millions,Main
4/9/2004,10,,2004,Mega Millions,Main
4/9/2004,11,,2004,Mega Millions,Main
4/9/2004,23,,2004,Mega Millions,Main
4/9/2004,40,,2004,Mega Millions,Mega_Ball
4/13/2004,13,,2004,Mega Millions,Main
4/13/2004,36,,2004,Mega Millions,Main
4/13/2004,39,,2004,Mega Millions,Main
4/13/2004,50,,2004,Mega Millions,Main
4/13/2004,51,,2004,Mega Millions,Main
4/13/2004,34,,2004,Mega Millions,Mega_Ball
4/16/2004,6,,2004,Mega Millions,Main
4/16/2004,24,,2004,Mega Millions,Main
4/16/2004,29,,2004,Mega Millions,Main
4/16/2004,42,,2004,Mega Millions,Main
4/16/2004,51,,2004,Mega Millions,Main
4/16/2004,41,,2004,Mega Millions,Mega_Ball
4/20/2004,12,,2004,Mega Millions,Main
4/20/2004,22,,2004,Mega Millions,Main
4/20/2004,37,,2004,Mega Millions,Main
4/20/2004,46,,2004,Mega Millions,Main
4/20/2004,48,,2004,Mega Millions,Main
4/20/2004,49,,2004,Mega Millions,Mega_Ball
4/23/2004,8,,2004,Mega Millions,Main
4/23/2004,22,,2004,Mega Millions,Main
4/23/2004,25,,2004,Mega Millions,Main
4/23/2004,47,,2004,Mega Millions,Main
4/23/2004,48,,2004,Mega Millions,Main
4/23/2004,27,,2004,Mega Millions,Mega_Ball
4/27/2004,1,,2004,Mega Millions,Main
4/27/2004,10,,2004,Mega Millions,Main
4/27/2004,17,,2004,Mega Millions,Main
4/27/2004,23,,2004,Mega Millions,Main
4/27/2004,35,,2004,Mega Millions,Main
4/27/2004,45,,2004,Mega Millions,Mega_Ball
4/30/2004,15,,2004,Mega Millions,Main
4/30/2004,21,,2004,Mega Millions,Main
4/30/2004,32,,2004,Mega Millions,Main
4/30/2004,39,,2004,Mega Millions,Main
4/30/2004,50,,2004,Mega Millions,Main
4/30/2004,34,,2004,Mega Millions,Mega_Ball
5/4/2004,3,,2004,Mega Millions,Main
5/4/2004,15,,2004,Mega Millions,Main
5/4/2004,29,,2004,Mega Millions,Main
5/4/2004,37,,2004,Mega Millions,Main
5/4/2004,39,,2004,Mega Millions,Main
5/4/2004,40,,2004,Mega Millions,Mega_Ball
5/7/2004,14,,2004,Mega Millions,Main
5/7/2004,17,,2004,Mega Millions,Main
5/7/2004,19,,2004,Mega Millions,Main
5/7/2004,44,,2004,Mega Millions,Main
5/7/2004,50,,2004,Mega Millions,Main
5/7/2004,17,,2004,Mega Millions,Mega_Ball
5/11/2004,9,,2004,Mega Millions,Main
5/11/2004,25,,2004,Mega Millions,Main
5/11/2004,30,,2004,Mega Millions,Main
5/11/2004,34,,2004,Mega Millions,Main
5/11/2004,37,,2004,Mega Millions,Main
5/11/2004,30,,2004,Mega Millions,Mega_Ball
5/14/2004,10,,2004,Mega Millions,Main
5/14/2004,19,,2004,Mega Millions,Main
5/14/2004,32,,2004,Mega Millions,Main
5/14/2004,36,,2004,Mega Millions,Main
5/14/2004,46,,2004,Mega Millions,Main
5/14/2004,6,,2004,Mega Millions,Mega_Ball
5/18/2004,2,,2004,Mega Millions,Main
5/18/2004,36,,2004,Mega Millions,Main
5/18/2004,44,,2004,Mega Millions,Main
5/18/2004,46,,2004,Mega Millions,Main
5/18/2004,51,,2004,Mega Millions,Main
5/18/2004,45,,2004,Mega Millions,Mega_Ball
5/21/2004,4,,2004,Mega Millions,Main
5/21/2004,20,,2004,Mega Millions,Main
5/21/2004,27,,2004,Mega Millions,Main
5/21/2004,38,,2004,Mega Millions,Main
5/21/2004,49,,2004,Mega Millions,Main
5/21/2004,31,,2004,Mega Millions,Mega_Ball
5/25/2004,5,,2004,Mega Millions,Main
5/25/2004,18,,2004,Mega Millions,Main
5/25/2004,34,,2004,Mega Millions,Main
5/25/2004,36,,2004,Mega Millions,Main
5/25/2004,39,,2004,Mega Millions,Main
5/25/2004,43,,2004,Mega Millions,Mega_Ball
5/28/2004,13,,2004,Mega Millions,Main
5/28/2004,27,,2004,Mega Millions,Main
5/28/2004,36,,2004,Mega Millions,Main
5/28/2004,39,,2004,Mega Millions,Main
5/28/2004,51,,2004,Mega Millions,Main
5/28/2004,33,,2004,Mega Millions,Mega_Ball
6/1/2004,7,,2004,Mega Millions,Main
6/1/2004,16,,2004,Mega Millions,Main
6/1/2004,17,,2004,Mega Millions,Main
6/1/2004,26,,2004,Mega Millions,Main
6/1/2004,48,,2004,Mega Millions,Main
6/1/2004,15,,2004,Mega Millions,Mega_Ball
6/4/2004,4,,2004,Mega Millions,Main
6/4/2004,16,,2004,Mega Millions,Main
6/4/2004,18,,2004,Mega Millions,Main
6/4/2004,41,,2004,Mega Millions,Main
6/4/2004,47,,2004,Mega Millions,Main
6/4/2004,46,,2004,Mega Millions,Mega_Ball
6/8/2004,17,,2004,Mega Millions,Main
6/8/2004,24,,2004,Mega Millions,Main
6/8/2004,29,,2004,Mega Millions,Main
6/8/2004,37,,2004,Mega Millions,Main
6/8/2004,45,,2004,Mega Millions,Main
6/8/2004,43,,2004,Mega Millions,Mega_Ball
6/11/2004,12,,2004,Mega Millions,Main
6/11/2004,28,,2004,Mega Millions,Main
6/11/2004,36,,2004,Mega Millions,Main
6/11/2004,39,,2004,Mega Millions,Main
6/11/2004,52,,2004,Mega Millions,Main
6/11/2004,36,,2004,Mega Millions,Mega_Ball
6/15/2004,18,,2004,Mega Millions,Main
6/15/2004,23,,2004,Mega Millions,Main
6/15/2004,27,,2004,Mega Millions,Main
6/15/2004,29,,2004,Mega Millions,Main
6/15/2004,44,,2004,Mega Millions,Main
6/15/2004,24,,2004,Mega Millions,Mega_Ball
6/18/2004,7,,2004,Mega Millions,Main
6/18/2004,10,,2004,Mega Millions,Main
6/18/2004,11,,2004,Mega Millions,Main
6/18/2004,15,,2004,Mega Millions,Main
6/18/2004,51,,2004,Mega Millions,Main
6/18/2004,23,,2004,Mega Millions,Mega_Ball
6/22/2004,9,,2004,Mega Millions,Main
6/22/2004,10,,2004,Mega Millions,Main
6/22/2004,17,,2004,Mega Millions,Main
6/22/2004,41,,2004,Mega Millions,Main
6/22/2004,52,,2004,Mega Millions,Main
6/22/2004,19,,2004,Mega Millions,Mega_Ball
6/25/2004,18,,2004,Mega Millions,Main
6/25/2004,19,,2004,Mega Millions,Main
6/25/2004,29,,2004,Mega Millions,Main
6/25/2004,32,,2004,Mega Millions,Main
6/25/2004,42,,2004,Mega Millions,Main
6/25/2004,32,,2004,Mega Millions,Mega_Ball
6/29/2004,10,,2004,Mega Millions,Main
6/29/2004,13,,2004,Mega Millions,Main
6/29/2004,19,,2004,Mega Millions,Main
6/29/2004,28,,2004,Mega Millions,Main
6/29/2004,38,,2004,Mega Millions,Main
6/29/2004,1,,2004,Mega Millions,Mega_Ball
7/2/2004,10,,2004,Mega Millions,Main
7/2/2004,25,,2004,Mega Millions,Main
7/2/2004,38,,2004,Mega Millions,Main
7/2/2004,39,,2004,Mega Millions,Main
7/2/2004,50,,2004,Mega Millions,Main
7/2/2004,12,,2004,Mega Millions,Mega_Ball
7/6/2004,6,,2004,Mega Millions,Main
7/6/2004,7,,2004,Mega Millions,Main
7/6/2004,8,,2004,Mega Millions,Main
7/6/2004,31,,2004,Mega Millions,Main
7/6/2004,48,,2004,Mega Millions,Main
7/6/2004,19,,2004,Mega Millions,Mega_Ball
7/9/2004,11,,2004,Mega Millions,Main
7/9/2004,23,,2004,Mega Millions,Main
7/9/2004,25,,2004,Mega Millions,Main
7/9/2004,29,,2004,Mega Millions,Main
7/9/2004,45,,2004,Mega Millions,Main
7/9/2004,16,,2004,Mega Millions,Mega_Ball
7/13/2004,13,,2004,Mega Millions,Main
7/13/2004,31,,2004,Mega Millions,Main
7/13/2004,37,,2004,Mega Millions,Main
7/13/2004,39,,2004,Mega Millions,Main
7/13/2004,52,,2004,Mega Millions,Main
7/13/2004,38,,2004,Mega Millions,Mega_Ball
7/16/2004,3,,2004,Mega Millions,Main
7/16/2004,21,,2004,Mega Millions,Main
7/16/2004,22,,2004,Mega Millions,Main
7/16/2004,35,,2004,Mega Millions,Main
7/16/2004,44,,2004,Mega Millions,Main
7/16/2004,7,,2004,Mega Millions,Mega_Ball
7/20/2004,6,,2004,Mega Millions,Main
7/20/2004,15,,2004,Mega Millions,Main
7/20/2004,21,,2004,Mega Millions,Main
7/20/2004,32,,2004,Mega Millions,Main
7/20/2004,44,,2004,Mega Millions,Main
7/20/2004,13,,2004,Mega Millions,Mega_Ball
7/23/2004,5,,2004,Mega Millions,Main
7/23/2004,12,,2004,Mega Millions,Main
7/23/2004,25,,2004,Mega Millions,Main
7/23/2004,35,,2004,Mega Millions,Main
7/23/2004,37,,2004,Mega Millions,Main
7/23/2004,12,,2004,Mega Millions,Mega_Ball
7/27/2004,8,,2004,Mega Millions,Main
7/27/2004,10,,2004,Mega Millions,Main
7/27/2004,11,,2004,Mega Millions,Main
7/27/2004,13,,2004,Mega Millions,Main
7/27/2004,24,,2004,Mega Millions,Main
7/27/2004,46,,2004,Mega Millions,Mega_Ball
7/30/2004,16,,2004,Mega Millions,Main
7/30/2004,19,,2004,Mega Millions,Main
7/30/2004,21,,2004,Mega Millions,Main
7/30/2004,34,,2004,Mega Millions,Main
7/30/2004,35,,2004,Mega Millions,Main
7/30/2004,22,,2004,Mega Millions,Mega_Ball
8/3/2004,1,,2004,Mega Millions,Main
8/3/2004,2,,2004,Mega Millions,Main
8/3/2004,13,,2004,Mega Millions,Main
8/3/2004,16,,2004,Mega Millions,Main
8/3/2004,22,,2004,Mega Millions,Main
8/3/2004,31,,2004,Mega Millions,Mega_Ball
8/6/2004,4,,2004,Mega Millions,Main
8/6/2004,23,,2004,Mega Millions,Main
8/6/2004,33,,2004,Mega Millions,Main
8/6/2004,38,,2004,Mega Millions,Main
8/6/2004,49,,2004,Mega Millions,Main
8/6/2004,7,,2004,Mega Millions,Mega_Ball
8/10/2004,18,,2004,Mega Millions,Main
8/10/2004,25,,2004,Mega Millions,Main
8/10/2004,29,,2004,Mega Millions,Main
8/10/2004,31,,2004,Mega Millions,Main
8/10/2004,44,,2004,Mega Millions,Main
8/10/2004,33,,2004,Mega Millions,Mega_Ball
8/13/2004,14,,2004,Mega Millions,Main
8/13/2004,31,,2004,Mega Millions,Main
8/13/2004,41,,2004,Mega Millions,Main
8/13/2004,45,,2004,Mega Millions,Main
8/13/2004,48,,2004,Mega Millions,Main
8/13/2004,20,,2004,Mega Millions,Mega_Ball
8/17/2004,22,,2004,Mega Millions,Main
8/17/2004,23,,2004,Mega Millions,Main
8/17/2004,26,,2004,Mega Millions,Main
8/17/2004,28,,2004,Mega Millions,Main
8/17/2004,36,,2004,Mega Millions,Main
8/17/2004,10,,2004,Mega Millions,Mega_Ball
8/20/2004,12,,2004,Mega Millions,Main
8/20/2004,17,,2004,Mega Millions,Main
8/20/2004,34,,2004,Mega Millions,Main
8/20/2004,37,,2004,Mega Millions,Main
8/20/2004,39,,2004,Mega Millions,Main
8/20/2004,34,,2004,Mega Millions,Mega_Ball
8/24/2004,2,,2004,Mega Millions,Main
8/24/2004,5,,2004,Mega Millions,Main
8/24/2004,21,,2004,Mega Millions,Main
8/24/2004,47,,2004,Mega Millions,Main
8/24/2004,50,,2004,Mega Millions,Main
8/24/2004,46,,2004,Mega Millions,Mega_Ball
8/27/2004,5,,2004,Mega Millions,Main
8/27/2004,25,,2004,Mega Millions,Main
8/27/2004,38,,2004,Mega Millions,Main
8/27/2004,46,,2004,Mega Millions,Main
8/27/2004,47,,2004,Mega Millions,Main
8/27/2004,14,,2004,Mega Millions,Mega_Ball
8/31/2004,14,,2004,Mega Millions,Main
8/31/2004,15,,2004,Mega Millions,Main
8/31/2004,25,,2004,Mega Millions,Main
8/31/2004,42,,2004,Mega Millions,Main
8/31/2004,44,,2004,Mega Millions,Main
8/31/2004,3,,2004,Mega Millions,Mega_Ball
9/3/2004,4,,2004,Mega Millions,Main
9/3/2004,14,,2004,Mega Millions,Main
9/3/2004,34,,2004,Mega Millions,Main
9/3/2004,38,,2004,Mega Millions,Main
9/3/2004,44,,2004,Mega Millions,Main
9/3/2004,10,,2004,Mega Millions,Mega_Ball
9/7/2004,13,,2004,Mega Millions,Main
9/7/2004,30,,2004,Mega Millions,Main
9/7/2004,36,,2004,Mega Millions,Main
9/7/2004,38,,2004,Mega Millions,Main
9/7/2004,51,,2004,Mega Millions,Main
9/7/2004,35,,2004,Mega Millions,Mega_Ball
9/10/2004,11,,2004,Mega Millions,Main
9/10/2004,17,,2004,Mega Millions,Main
9/10/2004,27,,2004,Mega Millions,Main
9/10/2004,45,,2004,Mega Millions,Main
9/10/2004,52,,2004,Mega Millions,Main
9/10/2004,5,,2004,Mega Millions,Mega_Ball
9/14/2004,12,,2004,Mega Millions,Main
9/14/2004,35,,2004,Mega Millions,Main
9/14/2004,37,,2004,Mega Millions,Main
9/14/2004,38,,2004,Mega Millions,Main
9/14/2004,50,,2004,Mega Millions,Main
9/14/2004,49,,2004,Mega Millions,Mega_Ball
9/17/2004,3,,2004,Mega Millions,Main
9/17/2004,16,,2004,Mega Millions,Main
9/17/2004,25,,2004,Mega Millions,Main
9/17/2004,38,,2004,Mega Millions,Main
9/17/2004,49,,2004,Mega Millions,Main
9/17/2004,4,,2004,Mega Millions,Mega_Ball
9/21/2004,1,,2004,Mega Millions,Main
9/21/2004,3,,2004,Mega Millions,Main
9/21/2004,15,,2004,Mega Millions,Main
9/21/2004,19,,2004,Mega Millions,Main
9/21/2004,29,,2004,Mega Millions,Main
9/21/2004,39,,2004,Mega Millions,Mega_Ball
9/24/2004,11,,2004,Mega Millions,Main
9/24/2004,26,,2004,Mega Millions,Main
9/24/2004,30,,2004,Mega Millions,Main
9/24/2004,49,,2004,Mega Millions,Main
9/24/2004,50,,2004,Mega Millions,Main
9/24/2004,52,,2004,Mega Millions,Mega_Ball
9/28/2004,1,,2004,Mega Millions,Main
9/28/2004,18,,2004,Mega Millions,Main
9/28/2004,39,,2004,Mega Millions,Main
9/28/2004,42,,2004,Mega Millions,Main
9/28/2004,50,,2004,Mega Millions,Main
9/28/2004,35,,2004,Mega Millions,Mega_Ball
10/1/2004,8,,2004,Mega Millions,Main
10/1/2004,10,,2004,Mega Millions,Main
10/1/2004,17,,2004,Mega Millions,Main
10/1/2004,24,,2004,Mega Millions,Main
10/1/2004,39,,2004,Mega Millions,Main
10/1/2004,52,,2004,Mega Millions,Mega_Ball
10/5/2004,8,,2004,Mega Millions,Main
10/5/2004,34,,2004,Mega Millions,Main
10/5/2004,39,,2004,Mega Millions,Main
10/5/2004,48,,2004,Mega Millions,Main
10/5/2004,49,,2004,Mega Millions,Main
10/5/2004,47,,2004,Mega Millions,Mega_Ball
10/8/2004,16,,2004,Mega Millions,Main
10/8/2004,17,,2004,Mega Millions,Main
10/8/2004,21,,2004,Mega Millions,Main
10/8/2004,33,,2004,Mega Millions,Main
10/8/2004,41,,2004,Mega Millions,Main
10/8/2004,6,,2004,Mega Millions,Mega_Ball
10/12/2004,4,,2004,Mega Millions,Main
10/12/2004,18,,2004,Mega Millions,Main
10/12/2004,19,,2004,Mega Millions,Main
10/12/2004,39,,2004,Mega Millions,Main
10/12/2004,51,,2004,Mega Millions,Main
10/12/2004,13,,2004,Mega Millions,Mega_Ball
10/15/2004,4,,2004,Mega Millions,Main
10/15/2004,8,,2004,Mega Millions,Main
10/15/2004,24,,2004,Mega Millions,Main
10/15/2004,30,,2004,Mega Millions,Main
10/15/2004,36,,2004,Mega Millions,Main
10/15/2004,25,,2004,Mega Millions,Mega_Ball
10/19/2004,6,,2004,Mega Millions,Main
10/19/2004,13,,2004,Mega Millions,Main
10/19/2004,19,,2004,Mega Millions,Main
10/19/2004,34,,2004,Mega Millions,Main
10/19/2004,50,,2004,Mega Millions,Main
10/19/2004,33,,2004,Mega Millions,Mega_Ball
10/22/2004,3,,2004,Mega Millions,Main
10/22/2004,7,,2004,Mega Millions,Main
10/22/2004,20,,2004,Mega Millions,Main
10/22/2004,24,,2004,Mega Millions,Main
10/22/2004,43,,2004,Mega Millions,Main
10/22/2004,36,,2004,Mega Millions,Mega_Ball
10/26/2004,14,,2004,Mega Millions,Main
10/26/2004,25,,2004,Mega Millions,Main
10/26/2004,39,,2004,Mega Millions,Main
10/26/2004,43,,2004,Mega Millions,Main
10/26/2004,49,,2004,Mega Millions,Main
10/26/2004,27,,2004,Mega Millions,Mega_Ball
10/29/2004,10,,2004,Mega Millions,Main
10/29/2004,18,,2004,Mega Millions,Main
10/29/2004,26,,2004,Mega Millions,Main
10/29/2004,31,,2004,Mega Millions,Main
10/29/2004,41,,2004,Mega Millions,Main
10/29/2004,48,,2004,Mega Millions,Mega_Ball
11/2/2004,24,,2004,Mega Millions,Main
11/2/2004,32,,2004,Mega Millions,Main
11/2/2004,42,,2004,Mega Millions,Main
11/2/2004,49,,2004,Mega Millions,Main
11/2/2004,50,,2004,Mega Millions,Main
11/2/2004,3,,2004,Mega Millions,Mega_Ball
11/5/2004,3,,2004,Mega Millions,Main
11/5/2004,29,,2004,Mega Millions,Main
11/5/2004,30,,2004,Mega Millions,Main
11/5/2004,41,,2004,Mega Millions,Main
11/5/2004,43,,2004,Mega Millions,Main
11/5/2004,1,,2004,Mega Millions,Mega_Ball
11/9/2004,11,,2004,Mega Millions,Main
11/9/2004,20,,2004,Mega Millions,Main
11/9/2004,26,,2004,Mega Millions,Main
11/9/2004,28,,2004,Mega Millions,Main
11/9/2004,52,,2004,Mega Millions,Main
11/9/2004,7,,2004,Mega Millions,Mega_Ball
11/12/2004,5,,2004,Mega Millions,Main
11/12/2004,31,,2004,Mega Millions,Main
11/12/2004,33,,2004,Mega Millions,Main
11/12/2004,35,,2004,Mega Millions,Main
11/12/2004,51,,2004,Mega Millions,Main
11/12/2004,1,,2004,Mega Millions,Mega_Ball
11/16/2004,9,,2004,Mega Millions,Main
11/16/2004,10,,2004,Mega Millions,Main
11/16/2004,27,,2004,Mega Millions,Main
11/16/2004,28,,2004,Mega Millions,Main
11/16/2004,30,,2004,Mega Millions,Main
11/16/2004,18,,2004,Mega Millions,Mega_Ball
11/19/2004,1,,2004,Mega Millions,Main
11/19/2004,12,,2004,Mega Millions,Main
11/19/2004,24,,2004,Mega Millions,Main
11/19/2004,36,,2004,Mega Millions,Main
11/19/2004,51,,2004,Mega Millions,Main
11/19/2004,38,,2004,Mega Millions,Mega_Ball
11/23/2004,8,,2004,Mega Millions,Main
11/23/2004,30,,2004,Mega Millions,Main
11/23/2004,32,,2004,Mega Millions,Main
11/23/2004,35,,2004,Mega Millions,Main
11/23/2004,51,,2004,Mega Millions,Main
11/23/2004,17,,2004,Mega Millions,Mega_Ball
11/26/2004,7,,2004,Mega Millions,Main
11/26/2004,9,,2004,Mega Millions,Main
11/26/2004,18,,2004,Mega Millions,Main
11/26/2004,37,,2004,Mega Millions,Main
11/26/2004,43,,2004,Mega Millions,Main
11/26/2004,34,,2004,Mega Millions,Mega_Ball
11/30/2004,10,,2004,Mega Millions,Main
11/30/2004,20,,2004,Mega Millions,Main
11/30/2004,22,,2004,Mega Millions,Main
11/30/2004,28,,2004,Mega Millions,Main
11/30/2004,52,,2004,Mega Millions,Main
11/30/2004,4,,2004,Mega Millions,Mega_Ball
12/3/2004,12,,2004,Mega Millions,Main
12/3/2004,32,,2004,Mega Millions,Main
12/3/2004,37,,2004,Mega Millions,Main
12/3/2004,41,,2004,Mega Millions,Main
12/3/2004,52,,2004,Mega Millions,Main
12/3/2004,13,,2004,Mega Millions,Mega_Ball
12/7/2004,1,,2004,Mega Millions,Main
12/7/2004,19,,2004,Mega Millions,Main
12/7/2004,22,,2004,Mega Millions,Main
12/7/2004,32,,2004,Mega Millions,Main
12/7/2004,49,,2004,Mega Millions,Main
12/7/2004,29,,2004,Mega Millions,Mega_Ball
12/10/2004,22,,2004,Mega Millions,Main
12/10/2004,23,,2004,Mega Millions,Main
12/10/2004,37,,2004,Mega Millions,Main
12/10/2004,42,,2004,Mega Millions,Main
12/10/2004,47,,2004,Mega Millions,Main
12/10/2004,15,,2004,Mega Millions,Mega_Ball
12/14/2004,14,,2004,Mega Millions,Main
12/14/2004,27,,2004,Mega Millions,Main
12/14/2004,32,,2004,Mega Millions,Main
12/14/2004,34,,2004,Mega Millions,Main
12/14/2004,40,,2004,Mega Millions,Main
12/14/2004,2,,2004,Mega Millions,Mega_Ball
12/17/2004,16,,2004,Mega Millions,Main
12/17/2004,34,,2004,Mega Millions,Main
12/17/2004,38,,2004,Mega Millions,Main
12/17/2004,42,,2004,Mega Millions,Main
12/17/2004,47,,2004,Mega Millions,Main
12/17/2004,1,,2004,Mega Millions,Mega_Ball
12/21/2004,7,,2004,Mega Millions,Main
12/21/2004,22,,2004,Mega Millions,Main
12/21/2004,27,,2004,Mega Millions,Main
12/21/2004,31,,2004,Mega Millions,Main
12/21/2004,38,,2004,Mega Millions,Main
12/21/2004,12,,2004,Mega Millions,Mega_Ball
12/24/2004,9,,2004,Mega Millions,Main
12/24/2004,20,,2004,Mega Millions,Main
12/24/2004,22,,2004,Mega Millions,Main
12/24/2004,41,,2004,Mega Millions,Main
12/24/2004,42,,2004,Mega Millions,Main
12/24/2004,10,,2004,Mega Millions,Mega_Ball
12/28/2004,18,,2004,Mega Millions,Main
12/28/2004,29,,2004,Mega Millions,Main
12/28/2004,32,,2004,Mega Millions,Main
12/28/2004,38,,2004,Mega Millions,Main
12/28/2004,43,,2004,Mega Millions,Main
12/28/2004,50,,2004,Mega Millions,Mega_Ball
12/31/2004,10,,2004,Mega Millions,Main
12/31/2004,14,,2004,Mega Millions,Main
12/31/2004,45,,2004,Mega Millions,Main
12/31/2004,47,,2004,Mega Millions,Main
12/31/2004,51,,2004,Mega Millions,Main
12/31/2004,20,,2004,Mega Millions,Mega_Ball
1/4/2005,3,,2005,Mega Millions,Main
1/4/2005,6,,2005,Mega Millions,Main
1/4/2005,7,,2005,Mega Millions,Main
1/4/2005,12,,2005,Mega Millions,Main
1/4/2005,32,,2005,Mega Millions,Main
1/4/2005,30,,2005,Mega Millions,Mega_Ball
1/7/2005,2,,2005,Mega Millions,Main
1/7/2005,8,,2005,Mega Millions,Main
1/7/2005,14,,2005,Mega Millions,Main
1/7/2005,15,,2005,Mega Millions,Main
1/7/2005,51,,2005,Mega Millions,Main
1/7/2005,38,,2005,Mega Millions,Mega_Ball
1/11/2005,2,,2005,Mega Millions,Main
1/11/2005,23,,2005,Mega Millions,Main
1/11/2005,24,,2005,Mega Millions,Main
1/11/2005,35,,2005,Mega Millions,Main
1/11/2005,45,,2005,Mega Millions,Main
1/11/2005,18,,2005,Mega Millions,Mega_Ball
1/14/2005,15,,2005,Mega Millions,Main
1/14/2005,19,,2005,Mega Millions,Main
1/14/2005,24,,2005,Mega Millions,Main
1/14/2005,40,,2005,Mega Millions,Main
1/14/2005,47,,2005,Mega Millions,Main
1/14/2005,50,,2005,Mega Millions,Mega_Ball
1/18/2005,10,,2005,Mega Millions,Main
1/18/2005,23,,2005,Mega Millions,Main
1/18/2005,28,,2005,Mega Millions,Main
1/18/2005,39,,2005,Mega Millions,Main
1/18/2005,51,,2005,Mega Millions,Main
1/18/2005,5,,2005,Mega Millions,Mega_Ball
1/21/2005,17,,2005,Mega Millions,Main
1/21/2005,27,,2005,Mega Millions,Main
1/21/2005,39,,2005,Mega Millions,Main
1/21/2005,40,,2005,Mega Millions,Main
1/21/2005,41,,2005,Mega Millions,Main
1/21/2005,21,,2005,Mega Millions,Mega_Ball
1/25/2005,2,,2005,Mega Millions,Main
1/25/2005,10,,2005,Mega Millions,Main
1/25/2005,21,,2005,Mega Millions,Main
1/25/2005,25,,2005,Mega Millions,Main
1/25/2005,45,,2005,Mega Millions,Main
1/25/2005,22,,2005,Mega Millions,Mega_Ball
1/28/2005,25,,2005,Mega Millions,Main
1/28/2005,31,,2005,Mega Millions,Main
1/28/2005,39,,2005,Mega Millions,Main
1/28/2005,47,,2005,Mega Millions,Main
1/28/2005,52,,2005,Mega Millions,Main
1/28/2005,43,,2005,Mega Millions,Mega_Ball
2/1/2005,3,,2005,Mega Millions,Main
2/1/2005,17,,2005,Mega Millions,Main
2/1/2005,21,,2005,Mega Millions,Main
2/1/2005,42,,2005,Mega Millions,Main
2/1/2005,44,,2005,Mega Millions,Main
2/1/2005,35,,2005,Mega Millions,Mega_Ball
2/4/2005,3,,2005,Mega Millions,Main
2/4/2005,12,,2005,Mega Millions,Main
2/4/2005,14,,2005,Mega Millions,Main
2/4/2005,30,,2005,Mega Millions,Main
2/4/2005,52,,2005,Mega Millions,Main
2/4/2005,34,,2005,Mega Millions,Mega_Ball
2/8/2005,8,,2005,Mega Millions,Main
2/8/2005,11,,2005,Mega Millions,Main
2/8/2005,14,,2005,Mega Millions,Main
2/8/2005,23,,2005,Mega Millions,Main
2/8/2005,25,,2005,Mega Millions,Main
2/8/2005,21,,2005,Mega Millions,Mega_Ball
2/11/2005,6,,2005,Mega Millions,Main
2/11/2005,14,,2005,Mega Millions,Main
2/11/2005,21,,2005,Mega Millions,Main
2/11/2005,24,,2005,Mega Millions,Main
2/11/2005,50,,2005,Mega Millions,Main
2/11/2005,28,,2005,Mega Millions,Mega_Ball
2/15/2005,3,,2005,Mega Millions,Main
2/15/2005,16,,2005,Mega Millions,Main
2/15/2005,20,,2005,Mega Millions,Main
2/15/2005,21,,2005,Mega Millions,Main
2/15/2005,38,,2005,Mega Millions,Main
2/15/2005,10,,2005,Mega Millions,Mega_Ball
2/18/2005,1,,2005,Mega Millions,Main
2/18/2005,19,,2005,Mega Millions,Main
2/18/2005,31,,2005,Mega Millions,Main
2/18/2005,35,,2005,Mega Millions,Main
2/18/2005,42,,2005,Mega Millions,Main
2/18/2005,34,,2005,Mega Millions,Mega_Ball
2/22/2005,15,,2005,Mega Millions,Main
2/22/2005,18,,2005,Mega Millions,Main
2/22/2005,28,,2005,Mega Millions,Main
2/22/2005,41,,2005,Mega Millions,Main
2/22/2005,45,,2005,Mega Millions,Main
2/22/2005,27,,2005,Mega Millions,Mega_Ball
2/25/2005,4,,2005,Mega Millions,Main
2/25/2005,13,,2005,Mega Millions,Main
2/25/2005,37,,2005,Mega Millions,Main
2/25/2005,38,,2005,Mega Millions,Main
2/25/2005,50,,2005,Mega Millions,Main
2/25/2005,24,,2005,Mega Millions,Mega_Ball
3/1/2005,1,,2005,Mega Millions,Main
3/1/2005,8,,2005,Mega Millions,Main
3/1/2005,18,,2005,Mega Millions,Main
3/1/2005,39,,2005,Mega Millions,Main
3/1/2005,48,,2005,Mega Millions,Main
3/1/2005,1,,2005,Mega Millions,Mega_Ball
3/4/2005,7,,2005,Mega Millions,Main
3/4/2005,10,,2005,Mega Millions,Main
3/4/2005,13,,2005,Mega Millions,Main
3/4/2005,35,,2005,Mega Millions,Main
3/4/2005,39,,2005,Mega Millions,Main
3/4/2005,21,,2005,Mega Millions,Mega_Ball
3/8/2005,8,,2005,Mega Millions,Main
3/8/2005,14,,2005,Mega Millions,Main
3/8/2005,15,,2005,Mega Millions,Main
3/8/2005,22,,2005,Mega Millions,Main
3/8/2005,31,,2005,Mega Millions,Main
3/8/2005,13,,2005,Mega Millions,Mega_Ball
3/11/2005,18,,2005,Mega Millions,Main
3/11/2005,19,,2005,Mega Millions,Main
3/11/2005,31,,2005,Mega Millions,Main
3/11/2005,35,,2005,Mega Millions,Main
3/11/2005,36,,2005,Mega Millions,Main
3/11/2005,17,,2005,Mega Millions,Mega_Ball
3/15/2005,14,,2005,Mega Millions,Main
3/15/2005,26,,2005,Mega Millions,Main
3/15/2005,27,,2005,Mega Millions,Main
3/15/2005,34,,2005,Mega Millions,Main
3/15/2005,44,,2005,Mega Millions,Main
3/15/2005,27,,2005,Mega Millions,Mega_Ball
3/18/2005,2,,2005,Mega Millions,Main
3/18/2005,9,,2005,Mega Millions,Main
3/18/2005,28,,2005,Mega Millions,Main
3/18/2005,29,,2005,Mega Millions,Main
3/18/2005,48,,2005,Mega Millions,Main
3/18/2005,33,,2005,Mega Millions,Mega_Ball
3/22/2005,6,,2005,Mega Millions,Main
3/22/2005,11,,2005,Mega Millions,Main
3/22/2005,27,,2005,Mega Millions,Main
3/22/2005,37,,2005,Mega Millions,Main
3/22/2005,43,,2005,Mega Millions,Main
3/22/2005,34,,2005,Mega Millions,Mega_Ball
3/25/2005,11,,2005,Mega Millions,Main
3/25/2005,18,,2005,Mega Millions,Main
3/25/2005,19,,2005,Mega Millions,Main
3/25/2005,45,,2005,Mega Millions,Main
3/25/2005,49,,2005,Mega Millions,Main
3/25/2005,2,,2005,Mega Millions,Mega_Ball
3/29/2005,7,,2005,Mega Millions,Main
3/29/2005,17,,2005,Mega Millions,Main
3/29/2005,18,,2005,Mega Millions,Main
3/29/2005,30,,2005,Mega Millions,Main
3/29/2005,42,,2005,Mega Millions,Main
3/29/2005,38,,2005,Mega Millions,Mega_Ball
4/1/2005,11,,2005,Mega Millions,Main
4/1/2005,19,,2005,Mega Millions,Main
4/1/2005,28,,2005,Mega Millions,Main
4/1/2005,32,,2005,Mega Millions,Main
4/1/2005,45,,2005,Mega Millions,Main
4/1/2005,10,,2005,Mega Millions,Mega_Ball
4/5/2005,4,,2005,Mega Millions,Main
4/5/2005,19,,2005,Mega Millions,Main
4/5/2005,45,,2005,Mega Millions,Main
4/5/2005,51,,2005,Mega Millions,Main
4/5/2005,52,,2005,Mega Millions,Main
4/5/2005,22,,2005,Mega Millions,Mega_Ball
4/8/2005,5,,2005,Mega Millions,Main
4/8/2005,13,,2005,Mega Millions,Main
4/8/2005,17,,2005,Mega Millions,Main
4/8/2005,33,,2005,Mega Millions,Main
4/8/2005,35,,2005,Mega Millions,Main
4/8/2005,35,,2005,Mega Millions,Mega_Ball
4/12/2005,15,,2005,Mega Millions,Main
4/12/2005,20,,2005,Mega Millions,Main
4/12/2005,43,,2005,Mega Millions,Main
4/12/2005,47,,2005,Mega Millions,Main
4/12/2005,50,,2005,Mega Millions,Main
4/12/2005,24,,2005,Mega Millions,Mega_Ball
4/15/2005,25,,2005,Mega Millions,Main
4/15/2005,26,,2005,Mega Millions,Main
4/15/2005,37,,2005,Mega Millions,Main
4/15/2005,39,,2005,Mega Millions,Main
4/15/2005,49,,2005,Mega Millions,Main
4/15/2005,29,,2005,Mega Millions,Mega_Ball
4/19/2005,5,,2005,Mega Millions,Main
4/19/2005,6,,2005,Mega Millions,Main
4/19/2005,14,,2005,Mega Millions,Main
4/19/2005,42,,2005,Mega Millions,Main
4/19/2005,47,,2005,Mega Millions,Main
4/19/2005,3,,2005,Mega Millions,Mega_Ball
4/22/2005,23,,2005,Mega Millions,Main
4/22/2005,25,,2005,Mega Millions,Main
4/22/2005,43,,2005,Mega Millions,Main
4/22/2005,46,,2005,Mega Millions,Main
4/22/2005,49,,2005,Mega Millions,Main
4/22/2005,26,,2005,Mega Millions,Mega_Ball
4/26/2005,18,,2005,Mega Millions,Main
4/26/2005,22,,2005,Mega Millions,Main
4/26/2005,33,,2005,Mega Millions,Main
4/26/2005,34,,2005,Mega Millions,Main
4/26/2005,42,,2005,Mega Millions,Main
4/26/2005,16,,2005,Mega Millions,Mega_Ball
4/29/2005,2,,2005,Mega Millions,Main
4/29/2005,5,,2005,Mega Millions,Main
4/29/2005,7,,2005,Mega Millions,Main
4/29/2005,28,,2005,Mega Millions,Main
4/29/2005,46,,2005,Mega Millions,Main
4/29/2005,21,,2005,Mega Millions,Mega_Ball
5/3/2005,7,,2005,Mega Millions,Main
5/3/2005,17,,2005,Mega Millions,Main
5/3/2005,42,,2005,Mega Millions,Main
5/3/2005,46,,2005,Mega Millions,Main
5/3/2005,52,,2005,Mega Millions,Main
5/3/2005,47,,2005,Mega Millions,Mega_Ball
5/6/2005,7,,2005,Mega Millions,Main
5/6/2005,12,,2005,Mega Millions,Main
5/6/2005,25,,2005,Mega Millions,Main
5/6/2005,50,,2005,Mega Millions,Main
5/6/2005,51,,2005,Mega Millions,Main
5/6/2005,19,,2005,Mega Millions,Mega_Ball
5/10/2005,11,,2005,Mega Millions,Main
5/10/2005,25,,2005,Mega Millions,Main
5/10/2005,38,,2005,Mega Millions,Main
5/10/2005,40,,2005,Mega Millions,Main
5/10/2005,42,,2005,Mega Millions,Main
5/10/2005,40,,2005,Mega Millions,Mega_Ball
5/13/2005,21,,2005,Mega Millions,Main
5/13/2005,23,,2005,Mega Millions,Main
5/13/2005,27,,2005,Mega Millions,Main
5/13/2005,33,,2005,Mega Millions,Main
5/13/2005,39,,2005,Mega Millions,Main
5/13/2005,8,,2005,Mega Millions,Mega_Ball
5/17/2005,7,,2005,Mega Millions,Main
5/17/2005,9,,2005,Mega Millions,Main
5/17/2005,10,,2005,Mega Millions,Main
5/17/2005,29,,2005,Mega Millions,Main
5/17/2005,44,,2005,Mega Millions,Main
5/17/2005,17,,2005,Mega Millions,Mega_Ball
5/20/2005,3,,2005,Mega Millions,Main
5/20/2005,6,,2005,Mega Millions,Main
5/20/2005,27,,2005,Mega Millions,Main
5/20/2005,40,,2005,Mega Millions,Main
5/20/2005,44,,2005,Mega Millions,Main
5/20/2005,9,,2005,Mega Millions,Mega_Ball
5/24/2005,9,,2005,Mega Millions,Main
5/24/2005,28,,2005,Mega Millions,Main
5/24/2005,39,,2005,Mega Millions,Main
5/24/2005,40,,2005,Mega Millions,Main
5/24/2005,45,,2005,Mega Millions,Main
5/24/2005,24,,2005,Mega Millions,Mega_Ball
5/27/2005,7,,2005,Mega Millions,Main
5/27/2005,17,,2005,Mega Millions,Main
5/27/2005,22,,2005,Mega Millions,Main
5/27/2005,34,,2005,Mega Millions,Main
5/27/2005,50,,2005,Mega Millions,Main
5/27/2005,24,,2005,Mega Millions,Mega_Ball
5/31/2005,5,,2005,Mega Millions,Main
5/31/2005,13,,2005,Mega Millions,Main
5/31/2005,22,,2005,Mega Millions,Main
5/31/2005,37,,2005,Mega Millions,Main
5/31/2005,38,,2005,Mega Millions,Main
5/31/2005,11,,2005,Mega Millions,Mega_Ball
6/3/2005,4,,2005,Mega Millions,Main
6/3/2005,6,,2005,Mega Millions,Main
6/3/2005,14,,2005,Mega Millions,Main
6/3/2005,28,,2005,Mega Millions,Main
6/3/2005,47,,2005,Mega Millions,Main
6/3/2005,42,,2005,Mega Millions,Mega_Ball
6/7/2005,7,,2005,Mega Millions,Main
6/7/2005,14,,2005,Mega Millions,Main
6/7/2005,28,,2005,Mega Millions,Main
6/7/2005,46,,2005,Mega Millions,Main
6/7/2005,47,,2005,Mega Millions,Main
6/7/2005,25,,2005,Mega Millions,Mega_Ball
6/10/2005,14,,2005,Mega Millions,Main
6/10/2005,29,,2005,Mega Millions,Main
6/10/2005,31,,2005,Mega Millions,Main
6/10/2005,37,,2005,Mega Millions,Main
6/10/2005,50,,2005,Mega Millions,Main
6/10/2005,34,,2005,Mega Millions,Mega_Ball
6/14/2005,1,,2005,Mega Millions,Main
6/14/2005,10,,2005,Mega Millions,Main
6/14/2005,29,,2005,Mega Millions,Main
6/14/2005,48,,2005,Mega Millions,Main
6/14/2005,49,,2005,Mega Millions,Main
6/14/2005,36,,2005,Mega Millions,Mega_Ball
6/17/2005,16,,2005,Mega Millions,Main
6/17/2005,35,,2005,Mega Millions,Main
6/17/2005,40,,2005,Mega Millions,Main
6/17/2005,49,,2005,Mega Millions,Main
6/17/2005,50,,2005,Mega Millions,Main
6/17/2005,34,,2005,Mega Millions,Mega_Ball
6/21/2005,9,,2005,Mega Millions,Main
6/21/2005,13,,2005,Mega Millions,Main
6/21/2005,40,,2005,Mega Millions,Main
6/21/2005,46,,2005,Mega Millions,Main
6/21/2005,50,,2005,Mega Millions,Main
6/21/2005,30,,2005,Mega Millions,Mega_Ball
6/24/2005,14,,2005,Mega Millions,Main
6/24/2005,43,,2005,Mega Millions,Main
6/24/2005,44,,2005,Mega Millions,Main
6/24/2005,50,,2005,Mega Millions,Main
6/24/2005,56,,2005,Mega Millions,Main
6/24/2005,7,,2005,Mega Millions,Mega_Ball
6/28/2005,2,,2005,Mega Millions,Main
6/28/2005,20,,2005,Mega Millions,Main
6/28/2005,37,,2005,Mega Millions,Main
6/28/2005,43,,2005,Mega Millions,Main
6/28/2005,46,,2005,Mega Millions,Main
6/28/2005,4,,2005,Mega Millions,Mega_Ball
7/1/2005,14,,2005,Mega Millions,Main
7/1/2005,25,,2005,Mega Millions,Main
7/1/2005,41,,2005,Mega Millions,Main
7/1/2005,42,,2005,Mega Millions,Main
7/1/2005,50,,2005,Mega Millions,Main
7/1/2005,40,,2005,Mega Millions,Mega_Ball
7/5/2005,22,,2005,Mega Millions,Main
7/5/2005,38,,2005,Mega Millions,Main
7/5/2005,48,,2005,Mega Millions,Main
7/5/2005,50,,2005,Mega Millions,Main
7/5/2005,55,,2005,Mega Millions,Main
7/5/2005,29,,2005,Mega Millions,Mega_Ball
7/8/2005,9,,2005,Mega Millions,Main
7/8/2005,23,,2005,Mega Millions,Main
7/8/2005,45,,2005,Mega Millions,Main
7/8/2005,48,,2005,Mega Millions,Main
7/8/2005,50,,2005,Mega Millions,Main
7/8/2005,3,,2005,Mega Millions,Mega_Ball
7/12/2005,5,,2005,Mega Millions,Main
7/12/2005,17,,2005,Mega Millions,Main
7/12/2005,32,,2005,Mega Millions,Main
7/12/2005,39,,2005,Mega Millions,Main
7/12/2005,53,,2005,Mega Millions,Main
7/12/2005,36,,2005,Mega Millions,Mega_Ball
7/15/2005,9,,2005,Mega Millions,Main
7/15/2005,13,,2005,Mega Millions,Main
7/15/2005,25,,2005,Mega Millions,Main
7/15/2005,36,,2005,Mega Millions,Main
7/15/2005,48,,2005,Mega Millions,Main
7/15/2005,2,,2005,Mega Millions,Mega_Ball
7/19/2005,7,,2005,Mega Millions,Main
7/19/2005,13,,2005,Mega Millions,Main
7/19/2005,48,,2005,Mega Millions,Main
7/19/2005,51,,2005,Mega Millions,Main
7/19/2005,54,,2005,Mega Millions,Main
7/19/2005,11,,2005,Mega Millions,Mega_Ball
7/22/2005,7,,2005,Mega Millions,Main
7/22/2005,18,,2005,Mega Millions,Main
7/22/2005,27,,2005,Mega Millions,Main
7/22/2005,35,,2005,Mega Millions,Main
7/22/2005,54,,2005,Mega Millions,Main
7/22/2005,34,,2005,Mega Millions,Mega_Ball
7/26/2005,1,,2005,Mega Millions,Main
7/26/2005,10,,2005,Mega Millions,Main
7/26/2005,18,,2005,Mega Millions,Main
7/26/2005,29,,2005,Mega Millions,Main
7/26/2005,55,,2005,Mega Millions,Main
7/26/2005,8,,2005,Mega Millions,Mega_Ball
7/29/2005,4,,2005,Mega Millions,Main
7/29/2005,16,,2005,Mega Millions,Main
7/29/2005,23,,2005,Mega Millions,Main
7/29/2005,25,,2005,Mega Millions,Main
7/29/2005,40,,2005,Mega Millions,Main
7/29/2005,22,,2005,Mega Millions,Mega_Ball
8/2/2005,17,,2005,Mega Millions,Main
8/2/2005,22,,2005,Mega Millions,Main
8/2/2005,39,,2005,Mega Millions,Main
8/2/2005,50,,2005,Mega Millions,Main
8/2/2005,52,,2005,Mega Millions,Main
8/2/2005,46,,2005,Mega Millions,Mega_Ball
8/5/2005,3,,2005,Mega Millions,Main
8/5/2005,5,,2005,Mega Millions,Main
8/5/2005,48,,2005,Mega Millions,Main
8/5/2005,50,,2005,Mega Millions,Main
8/5/2005,53,,2005,Mega Millions,Main
8/5/2005,4,,2005,Mega Millions,Mega_Ball
8/9/2005,13,,2005,Mega Millions,Main
8/9/2005,35,,2005,Mega Millions,Main
8/9/2005,36,,2005,Mega Millions,Main
8/9/2005,43,,2005,Mega Millions,Main
8/9/2005,52,,2005,Mega Millions,Main
8/9/2005,5,,2005,Mega Millions,Mega_Ball
8/12/2005,8,,2005,Mega Millions,Main
8/12/2005,37,,2005,Mega Millions,Main
8/12/2005,38,,2005,Mega Millions,Main
8/12/2005,45,,2005,Mega Millions,Main
8/12/2005,54,,2005,Mega Millions,Main
8/12/2005,21,,2005,Mega Millions,Mega_Ball
8/16/2005,9,,2005,Mega Millions,Main
8/16/2005,15,,2005,Mega Millions,Main
8/16/2005,20,,2005,Mega Millions,Main
8/16/2005,24,,2005,Mega Millions,Main
8/16/2005,55,,2005,Mega Millions,Main
8/16/2005,3,,2005,Mega Millions,Mega_Ball
8/19/2005,2,,2005,Mega Millions,Main
8/19/2005,13,,2005,Mega Millions,Main
8/19/2005,18,,2005,Mega Millions,Main
8/19/2005,36,,2005,Mega Millions,Main
8/19/2005,46,,2005,Mega Millions,Main
8/19/2005,36,,2005,Mega Millions,Mega_Ball
8/23/2005,6,,2005,Mega Millions,Main
8/23/2005,7,,2005,Mega Millions,Main
8/23/2005,8,,2005,Mega Millions,Main
8/23/2005,13,,2005,Mega Millions,Main
8/23/2005,40,,2005,Mega Millions,Main
8/23/2005,12,,2005,Mega Millions,Mega_Ball
8/26/2005,5,,2005,Mega Millions,Main
8/26/2005,20,,2005,Mega Millions,Main
8/26/2005,38,,2005,Mega Millions,Main
8/26/2005,47,,2005,Mega Millions,Main
8/26/2005,54,,2005,Mega Millions,Main
8/26/2005,35,,2005,Mega Millions,Mega_Ball
8/30/2005,19,,2005,Mega Millions,Main
8/30/2005,32,,2005,Mega Millions,Main
8/30/2005,42,,2005,Mega Millions,Main
8/30/2005,49,,2005,Mega Millions,Main
8/30/2005,56,,2005,Mega Millions,Main
8/30/2005,29,,2005,Mega Millions,Mega_Ball
9/2/2005,1,,2005,Mega Millions,Main
9/2/2005,4,,2005,Mega Millions,Main
9/2/2005,14,,2005,Mega Millions,Main
9/2/2005,45,,2005,Mega Millions,Main
9/2/2005,53,,2005,Mega Millions,Main
9/2/2005,33,,2005,Mega Millions,Mega_Ball
9/6/2005,1,,2005,Mega Millions,Main
9/6/2005,8,,2005,Mega Millions,Main
9/6/2005,27,,2005,Mega Millions,Main
9/6/2005,31,,2005,Mega Millions,Main
9/6/2005,50,,2005,Mega Millions,Main
9/6/2005,40,,2005,Mega Millions,Mega_Ball
9/9/2005,15,,2005,Mega Millions,Main
9/9/2005,28,,2005,Mega Millions,Main
9/9/2005,43,,2005,Mega Millions,Main
9/9/2005,51,,2005,Mega Millions,Main
9/9/2005,52,,2005,Mega Millions,Main
9/9/2005,11,,2005,Mega Millions,Mega_Ball
9/13/2005,13,,2005,Mega Millions,Main
9/13/2005,24,,2005,Mega Millions,Main
9/13/2005,44,,2005,Mega Millions,Main
9/13/2005,48,,2005,Mega Millions,Main
9/13/2005,52,,2005,Mega Millions,Main
9/13/2005,30,,2005,Mega Millions,Mega_Ball
9/16/2005,5,,2005,Mega Millions,Main
9/16/2005,16,,2005,Mega Millions,Main
9/16/2005,41,,2005,Mega Millions,Main
9/16/2005,46,,2005,Mega Millions,Main
9/16/2005,50,,2005,Mega Millions,Main
9/16/2005,1,,2005,Mega Millions,Mega_Ball
9/20/2005,35,,2005,Mega Millions,Main
9/20/2005,36,,2005,Mega Millions,Main
9/20/2005,40,,2005,Mega Millions,Main
9/20/2005,42,,2005,Mega Millions,Main
9/20/2005,52,,2005,Mega Millions,Main
9/20/2005,45,,2005,Mega Millions,Mega_Ball
9/23/2005,6,,2005,Mega Millions,Main
9/23/2005,7,,2005,Mega Millions,Main
9/23/2005,20,,2005,Mega Millions,Main
9/23/2005,41,,2005,Mega Millions,Main
9/23/2005,51,,2005,Mega Millions,Main
9/23/2005,38,,2005,Mega Millions,Mega_Ball
9/27/2005,14,,2005,Mega Millions,Main
9/27/2005,17,,2005,Mega Millions,Main
9/27/2005,26,,2005,Mega Millions,Main
9/27/2005,27,,2005,Mega Millions,Main
9/27/2005,28,,2005,Mega Millions,Main
9/27/2005,5,,2005,Mega Millions,Mega_Ball
9/30/2005,1,,2005,Mega Millions,Main
9/30/2005,3,,2005,Mega Millions,Main
9/30/2005,14,,2005,Mega Millions,Main
9/30/2005,30,,2005,Mega Millions,Main
9/30/2005,52,,2005,Mega Millions,Main
9/30/2005,10,,2005,Mega Millions,Mega_Ball
10/4/2005,12,,2005,Mega Millions,Main
10/4/2005,24,,2005,Mega Millions,Main
10/4/2005,28,,2005,Mega Millions,Main
10/4/2005,29,,2005,Mega Millions,Main
10/4/2005,36,,2005,Mega Millions,Main
10/4/2005,41,,2005,Mega Millions,Mega_Ball
10/7/2005,2,,2005,Mega Millions,Main
10/7/2005,4,,2005,Mega Millions,Main
10/7/2005,23,,2005,Mega Millions,Main
10/7/2005,27,,2005,Mega Millions,Main
10/7/2005,36,,2005,Mega Millions,Main
10/7/2005,37,,2005,Mega Millions,Mega_Ball
10/11/2005,24,,2005,Mega Millions,Main
10/11/2005,30,,2005,Mega Millions,Main
10/11/2005,42,,2005,Mega Millions,Main
10/11/2005,53,,2005,Mega Millions,Main
10/11/2005,54,,2005,Mega Millions,Main
10/11/2005,20,,2005,Mega Millions,Mega_Ball
10/14/2005,6,,2005,Mega Millions,Main
10/14/2005,20,,2005,Mega Millions,Main
10/14/2005,24,,2005,Mega Millions,Main
10/14/2005,25,,2005,Mega Millions,Main
10/14/2005,34,,2005,Mega Millions,Main
10/14/2005,44,,2005,Mega Millions,Mega_Ball
10/18/2005,3,,2005,Mega Millions,Main
10/18/2005,12,,2005,Mega Millions,Main
10/18/2005,16,,2005,Mega Millions,Main
10/18/2005,32,,2005,Mega Millions,Main
10/18/2005,33,,2005,Mega Millions,Main
10/18/2005,15,,2005,Mega Millions,Mega_Ball
10/21/2005,11,,2005,Mega Millions,Main
10/21/2005,17,,2005,Mega Millions,Main
10/21/2005,28,,2005,Mega Millions,Main
10/21/2005,29,,2005,Mega Millions,Main
10/21/2005,36,,2005,Mega Millions,Main
10/21/2005,42,,2005,Mega Millions,Mega_Ball
10/25/2005,7,,2005,Mega Millions,Main
10/25/2005,12,,2005,Mega Millions,Main
10/25/2005,18,,2005,Mega Millions,Main
10/25/2005,31,,2005,Mega Millions,Main
10/25/2005,55,,2005,Mega Millions,Main
10/25/2005,30,,2005,Mega Millions,Mega_Ball
10/28/2005,8,,2005,Mega Millions,Main
10/28/2005,17,,2005,Mega Millions,Main
10/28/2005,25,,2005,Mega Millions,Main
10/28/2005,28,,2005,Mega Millions,Main
10/28/2005,53,,2005,Mega Millions,Main
10/28/2005,1,,2005,Mega Millions,Mega_Ball
11/1/2005,5,,2005,Mega Millions,Main
11/1/2005,18,,2005,Mega Millions,Main
11/1/2005,21,,2005,Mega Millions,Main
11/1/2005,28,,2005,Mega Millions,Main
11/1/2005,36,,2005,Mega Millions,Main
11/1/2005,20,,2005,Mega Millions,Mega_Ball
11/4/2005,7,,2005,Mega Millions,Main
11/4/2005,9,,2005,Mega Millions,Main
11/4/2005,41,,2005,Mega Millions,Main
11/4/2005,53,,2005,Mega Millions,Main
11/4/2005,54,,2005,Mega Millions,Main
11/4/2005,38,,2005,Mega Millions,Mega_Ball
11/8/2005,8,,2005,Mega Millions,Main
11/8/2005,16,,2005,Mega Millions,Main
11/8/2005,21,,2005,Mega Millions,Main
11/8/2005,25,,2005,Mega Millions,Main
11/8/2005,27,,2005,Mega Millions,Main
11/8/2005,16,,2005,Mega Millions,Mega_Ball
11/11/2005,9,,2005,Mega Millions,Main
11/11/2005,14,,2005,Mega Millions,Main
11/11/2005,34,,2005,Mega Millions,Main
11/11/2005,50,,2005,Mega Millions,Main
11/11/2005,51,,2005,Mega Millions,Main
11/11/2005,40,,2005,Mega Millions,Mega_Ball
11/15/2005,2,,2005,Mega Millions,Main
11/15/2005,4,,2005,Mega Millions,Main
11/15/2005,5,,2005,Mega Millions,Main
11/15/2005,40,,2005,Mega Millions,Main
11/15/2005,48,,2005,Mega Millions,Main
11/15/2005,7,,2005,Mega Millions,Mega_Ball
11/18/2005,8,,2005,Mega Millions,Main
11/18/2005,18,,2005,Mega Millions,Main
11/18/2005,21,,2005,Mega Millions,Main
11/18/2005,42,,2005,Mega Millions,Main
11/18/2005,46,,2005,Mega Millions,Main
11/18/2005,11,,2005,Mega Millions,Mega_Ball
11/22/2005,9,,2005,Mega Millions,Main
11/22/2005,22,,2005,Mega Millions,Main
11/22/2005,37,,2005,Mega Millions,Main
11/22/2005,41,,2005,Mega Millions,Main
11/22/2005,43,,2005,Mega Millions,Main
11/22/2005,30,,2005,Mega Millions,Mega_Ball
11/25/2005,5,,2005,Mega Millions,Main
11/25/2005,25,,2005,Mega Millions,Main
11/25/2005,31,,2005,Mega Millions,Main
11/25/2005,33,,2005,Mega Millions,Main
11/25/2005,34,,2005,Mega Millions,Main
11/25/2005,41,,2005,Mega Millions,Mega_Ball
11/29/2005,7,,2005,Mega Millions,Main
11/29/2005,8,,2005,Mega Millions,Main
11/29/2005,47,,2005,Mega Millions,Main
11/29/2005,51,,2005,Mega Millions,Main
11/29/2005,52,,2005,Mega Millions,Main
11/29/2005,5,,2005,Mega Millions,Mega_Ball
12/2/2005,3,,2005,Mega Millions,Main
12/2/2005,12,,2005,Mega Millions,Main
12/2/2005,21,,2005,Mega Millions,Main
12/2/2005,38,,2005,Mega Millions,Main
12/2/2005,44,,2005,Mega Millions,Main
12/2/2005,45,,2005,Mega Millions,Mega_Ball
12/6/2005,6,,2005,Mega Millions,Main
12/6/2005,10,,2005,Mega Millions,Main
12/6/2005,26,,2005,Mega Millions,Main
12/6/2005,30,,2005,Mega Millions,Main
12/6/2005,33,,2005,Mega Millions,Main
12/6/2005,16,,2005,Mega Millions,Mega_Ball
12/9/2005,14,,2005,Mega Millions,Main
12/9/2005,15,,2005,Mega Millions,Main
12/9/2005,31,,2005,Mega Millions,Main
12/9/2005,32,,2005,Mega Millions,Main
12/9/2005,43,,2005,Mega Millions,Main
12/9/2005,20,,2005,Mega Millions,Mega_Ball
12/13/2005,9,,2005,Mega Millions,Main
12/13/2005,10,,2005,Mega Millions,Main
12/13/2005,12,,2005,Mega Millions,Main
12/13/2005,22,,2005,Mega Millions,Main
12/13/2005,41,,2005,Mega Millions,Main
12/13/2005,4,,2005,Mega Millions,Mega_Ball
12/16/2005,14,,2005,Mega Millions,Main
12/16/2005,25,,2005,Mega Millions,Main
12/16/2005,26,,2005,Mega Millions,Main
12/16/2005,31,,2005,Mega Millions,Main
12/16/2005,56,,2005,Mega Millions,Main
12/16/2005,17,,2005,Mega Millions,Mega_Ball
12/20/2005,6,,2005,Mega Millions,Main
12/20/2005,20,,2005,Mega Millions,Main
12/20/2005,23,,2005,Mega Millions,Main
12/20/2005,40,,2005,Mega Millions,Main
12/20/2005,56,,2005,Mega Millions,Main
12/20/2005,36,,2005,Mega Millions,Mega_Ball
12/23/2005,10,,2005,Mega Millions,Main
12/23/2005,37,,2005,Mega Millions,Main
12/23/2005,39,,2005,Mega Millions,Main
12/23/2005,49,,2005,Mega Millions,Main
12/23/2005,54,,2005,Mega Millions,Main
12/23/2005,8,,2005,Mega Millions,Mega_Ball
12/27/2005,11,,2005,Mega Millions,Main
12/27/2005,24,,2005,Mega Millions,Main
12/27/2005,27,,2005,Mega Millions,Main
12/27/2005,49,,2005,Mega Millions,Main
12/27/2005,55,,2005,Mega Millions,Main
12/27/2005,23,,2005,Mega Millions,Mega_Ball
12/30/2005,14,,2005,Mega Millions,Main
12/30/2005,20,,2005,Mega Millions,Main
12/30/2005,25,,2005,Mega Millions,Main
12/30/2005,40,,2005,Mega Millions,Main
12/30/2005,44,,2005,Mega Millions,Main
12/30/2005,37,,2005,Mega Millions,Mega_Ball
1/3/2006,15,,2006,Mega Millions,Main
1/3/2006,19,,2006,Mega Millions,Main
1/3/2006,20,,2006,Mega Millions,Main
1/3/2006,32,,2006,Mega Millions,Main
1/3/2006,38,,2006,Mega Millions,Main
1/3/2006,21,,2006,Mega Millions,Mega_Ball
1/6/2006,8,,2006,Mega Millions,Main
1/6/2006,11,,2006,Mega Millions,Main
1/6/2006,28,,2006,Mega Millions,Main
1/6/2006,37,,2006,Mega Millions,Main
1/6/2006,53,,2006,Mega Millions,Main
1/6/2006,12,,2006,Mega Millions,Mega_Ball
1/10/2006,7,,2006,Mega Millions,Main
1/10/2006,27,,2006,Mega Millions,Main
1/10/2006,32,,2006,Mega Millions,Main
1/10/2006,37,,2006,Mega Millions,Main
1/10/2006,38,,2006,Mega Millions,Main
1/10/2006,30,,2006,Mega Millions,Mega_Ball
1/13/2006,5,,2006,Mega Millions,Main
1/13/2006,21,,2006,Mega Millions,Main
1/13/2006,27,,2006,Mega Millions,Main
1/13/2006,44,,2006,Mega Millions,Main
1/13/2006,53,,2006,Mega Millions,Main
1/13/2006,36,,2006,Mega Millions,Mega_Ball
1/17/2006,24,,2006,Mega Millions,Main
1/17/2006,32,,2006,Mega Millions,Main
1/17/2006,37,,2006,Mega Millions,Main
1/17/2006,39,,2006,Mega Millions,Main
1/17/2006,40,,2006,Mega Millions,Main
1/17/2006,44,,2006,Mega Millions,Mega_Ball
1/20/2006,18,,2006,Mega Millions,Main
1/20/2006,22,,2006,Mega Millions,Main
1/20/2006,28,,2006,Mega Millions,Main
1/20/2006,44,,2006,Mega Millions,Main
1/20/2006,53,,2006,Mega Millions,Main
1/20/2006,46,,2006,Mega Millions,Mega_Ball
1/24/2006,31,,2006,Mega Millions,Main
1/24/2006,34,,2006,Mega Millions,Main
1/24/2006,36,,2006,Mega Millions,Main
1/24/2006,51,,2006,Mega Millions,Main
1/24/2006,55,,2006,Mega Millions,Main
1/24/2006,4,,2006,Mega Millions,Mega_Ball
1/27/2006,2,,2006,Mega Millions,Main
1/27/2006,7,,2006,Mega Millions,Main
1/27/2006,8,,2006,Mega Millions,Main
1/27/2006,18,,2006,Mega Millions,Main
1/27/2006,29,,2006,Mega Millions,Main
1/27/2006,46,,2006,Mega Millions,Mega_Ball
1/31/2006,1,,2006,Mega Millions,Main
1/31/2006,35,,2006,Mega Millions,Main
1/31/2006,53,,2006,Mega Millions,Main
1/31/2006,54,,2006,Mega Millions,Main
1/31/2006,56,,2006,Mega Millions,Main
1/31/2006,44,,2006,Mega Millions,Mega_Ball
2/3/2006,29,,2006,Mega Millions,Main
2/3/2006,31,,2006,Mega Millions,Main
2/3/2006,32,,2006,Mega Millions,Main
2/3/2006,41,,2006,Mega Millions,Main
2/3/2006,52,,2006,Mega Millions,Main
2/3/2006,42,,2006,Mega Millions,Mega_Ball
2/7/2006,2,,2006,Mega Millions,Main
2/7/2006,16,,2006,Mega Millions,Main
2/7/2006,25,,2006,Mega Millions,Main
2/7/2006,30,,2006,Mega Millions,Main
2/7/2006,48,,2006,Mega Millions,Main
2/7/2006,26,,2006,Mega Millions,Mega_Ball
2/10/2006,24,,2006,Mega Millions,Main
2/10/2006,39,,2006,Mega Millions,Main
2/10/2006,40,,2006,Mega Millions,Main
2/10/2006,43,,2006,Mega Millions,Main
2/10/2006,46,,2006,Mega Millions,Main
2/10/2006,2,,2006,Mega Millions,Mega_Ball
2/14/2006,27,,2006,Mega Millions,Main
2/14/2006,36,,2006,Mega Millions,Main
2/14/2006,43,,2006,Mega Millions,Main
2/14/2006,49,,2006,Mega Millions,Main
2/14/2006,54,,2006,Mega Millions,Main
2/14/2006,33,,2006,Mega Millions,Mega_Ball
2/17/2006,16,,2006,Mega Millions,Main
2/17/2006,25,,2006,Mega Millions,Main
2/17/2006,31,,2006,Mega Millions,Main
2/17/2006,43,,2006,Mega Millions,Main
2/17/2006,46,,2006,Mega Millions,Main
2/17/2006,28,,2006,Mega Millions,Mega_Ball
2/21/2006,14,,2006,Mega Millions,Main
2/21/2006,23,,2006,Mega Millions,Main
2/21/2006,27,,2006,Mega Millions,Main
2/21/2006,36,,2006,Mega Millions,Main
2/21/2006,45,,2006,Mega Millions,Main
2/21/2006,36,,2006,Mega Millions,Mega_Ball
2/24/2006,3,,2006,Mega Millions,Main
2/24/2006,5,,2006,Mega Millions,Main
2/24/2006,12,,2006,Mega Millions,Main
2/24/2006,16,,2006,Mega Millions,Main
2/24/2006,34,,2006,Mega Millions,Main
2/24/2006,27,,2006,Mega Millions,Mega_Ball
2/28/2006,2,,2006,Mega Millions,Main
2/28/2006,4,,2006,Mega Millions,Main
2/28/2006,35,,2006,Mega Millions,Main
2/28/2006,36,,2006,Mega Millions,Main
2/28/2006,48,,2006,Mega Millions,Main
2/28/2006,22,,2006,Mega Millions,Mega_Ball
3/3/2006,25,,2006,Mega Millions,Main
3/3/2006,29,,2006,Mega Millions,Main
3/3/2006,38,,2006,Mega Millions,Main
3/3/2006,39,,2006,Mega Millions,Main
3/3/2006,46,,2006,Mega Millions,Main
3/3/2006,4,,2006,Mega Millions,Mega_Ball
3/7/2006,15,,2006,Mega Millions,Main
3/7/2006,27,,2006,Mega Millions,Main
3/7/2006,36,,2006,Mega Millions,Main
3/7/2006,38,,2006,Mega Millions,Main
3/7/2006,42,,2006,Mega Millions,Main
3/7/2006,32,,2006,Mega Millions,Mega_Ball
3/10/2006,4,,2006,Mega Millions,Main
3/10/2006,17,,2006,Mega Millions,Main
3/10/2006,18,,2006,Mega Millions,Main
3/10/2006,51,,2006,Mega Millions,Main
3/10/2006,54,,2006,Mega Millions,Main
3/10/2006,31,,2006,Mega Millions,Mega_Ball
3/14/2006,27,,2006,Mega Millions,Main
3/14/2006,28,,2006,Mega Millions,Main
3/14/2006,30,,2006,Mega Millions,Main
3/14/2006,42,,2006,Mega Millions,Main
3/14/2006,50,,2006,Mega Millions,Main
3/14/2006,22,,2006,Mega Millions,Mega_Ball
3/17/2006,8,,2006,Mega Millions,Main
3/17/2006,11,,2006,Mega Millions,Main
3/17/2006,23,,2006,Mega Millions,Main
3/17/2006,48,,2006,Mega Millions,Main
3/17/2006,52,,2006,Mega Millions,Main
3/17/2006,5,,2006,Mega Millions,Mega_Ball
3/21/2006,4,,2006,Mega Millions,Main
3/21/2006,16,,2006,Mega Millions,Main
3/21/2006,17,,2006,Mega Millions,Main
3/21/2006,28,,2006,Mega Millions,Main
3/21/2006,31,,2006,Mega Millions,Main
3/21/2006,8,,2006,Mega Millions,Mega_Ball
3/24/2006,1,,2006,Mega Millions,Main
3/24/2006,2,,2006,Mega Millions,Main
3/24/2006,17,,2006,Mega Millions,Main
3/24/2006,47,,2006,Mega Millions,Main
3/24/2006,49,,2006,Mega Millions,Main
3/24/2006,19,,2006,Mega Millions,Mega_Ball
3/28/2006,14,,2006,Mega Millions,Main
3/28/2006,18,,2006,Mega Millions,Main
3/28/2006,35,,2006,Mega Millions,Main
3/28/2006,39,,2006,Mega Millions,Main
3/28/2006,49,,2006,Mega Millions,Main
3/28/2006,14,,2006,Mega Millions,Mega_Ball
3/31/2006,4,,2006,Mega Millions,Main
3/31/2006,7,,2006,Mega Millions,Main
3/31/2006,19,,2006,Mega Millions,Main
3/31/2006,50,,2006,Mega Millions,Main
3/31/2006,52,,2006,Mega Millions,Main
3/31/2006,15,,2006,Mega Millions,Mega_Ball
4/4/2006,9,,2006,Mega Millions,Main
4/4/2006,25,,2006,Mega Millions,Main
4/4/2006,48,,2006,Mega Millions,Main
4/4/2006,51,,2006,Mega Millions,Main
4/4/2006,56,,2006,Mega Millions,Main
4/4/2006,7,,2006,Mega Millions,Mega_Ball
4/7/2006,1,,2006,Mega Millions,Main
4/7/2006,18,,2006,Mega Millions,Main
4/7/2006,31,,2006,Mega Millions,Main
4/7/2006,46,,2006,Mega Millions,Main
4/7/2006,52,,2006,Mega Millions,Main
4/7/2006,37,,2006,Mega Millions,Mega_Ball
4/11/2006,2,,2006,Mega Millions,Main
4/11/2006,12,,2006,Mega Millions,Main
4/11/2006,45,,2006,Mega Millions,Main
4/11/2006,46,,2006,Mega Millions,Main
4/11/2006,56,,2006,Mega Millions,Main
4/11/2006,20,,2006,Mega Millions,Mega_Ball
4/14/2006,8,,2006,Mega Millions,Main
4/14/2006,10,,2006,Mega Millions,Main
4/14/2006,18,,2006,Mega Millions,Main
4/14/2006,29,,2006,Mega Millions,Main
4/14/2006,33,,2006,Mega Millions,Main
4/14/2006,10,,2006,Mega Millions,Mega_Ball
4/18/2006,13,,2006,Mega Millions,Main
4/18/2006,14,,2006,Mega Millions,Main
4/18/2006,25,,2006,Mega Millions,Main
4/18/2006,34,,2006,Mega Millions,Main
4/18/2006,50,,2006,Mega Millions,Main
4/18/2006,6,,2006,Mega Millions,Mega_Ball
4/21/2006,2,,2006,Mega Millions,Main
4/21/2006,4,,2006,Mega Millions,Main
4/21/2006,7,,2006,Mega Millions,Main
4/21/2006,27,,2006,Mega Millions,Main
4/21/2006,41,,2006,Mega Millions,Main
4/21/2006,4,,2006,Mega Millions,Mega_Ball
4/25/2006,1,,2006,Mega Millions,Main
4/25/2006,20,,2006,Mega Millions,Main
4/25/2006,32,,2006,Mega Millions,Main
4/25/2006,37,,2006,Mega Millions,Main
4/25/2006,39,,2006,Mega Millions,Main
4/25/2006,9,,2006,Mega Millions,Mega_Ball
4/28/2006,16,,2006,Mega Millions,Main
4/28/2006,29,,2006,Mega Millions,Main
4/28/2006,32,,2006,Mega Millions,Main
4/28/2006,36,,2006,Mega Millions,Main
4/28/2006,55,,2006,Mega Millions,Main
4/28/2006,12,,2006,Mega Millions,Mega_Ball
5/2/2006,7,,2006,Mega Millions,Main
5/2/2006,11,,2006,Mega Millions,Main
5/2/2006,22,,2006,Mega Millions,Main
5/2/2006,27,,2006,Mega Millions,Main
5/2/2006,31,,2006,Mega Millions,Main
5/2/2006,33,,2006,Mega Millions,Mega_Ball
5/5/2006,8,,2006,Mega Millions,Main
5/5/2006,20,,2006,Mega Millions,Main
5/5/2006,39,,2006,Mega Millions,Main
5/5/2006,53,,2006,Mega Millions,Main
5/5/2006,55,,2006,Mega Millions,Main
5/5/2006,10,,2006,Mega Millions,Mega_Ball
5/9/2006,7,,2006,Mega Millions,Main
5/9/2006,15,,2006,Mega Millions,Main
5/9/2006,24,,2006,Mega Millions,Main
5/9/2006,43,,2006,Mega Millions,Main
5/9/2006,44,,2006,Mega Millions,Main
5/9/2006,22,,2006,Mega Millions,Mega_Ball
5/12/2006,6,,2006,Mega Millions,Main
5/12/2006,36,,2006,Mega Millions,Main
5/12/2006,39,,2006,Mega Millions,Main
5/12/2006,45,,2006,Mega Millions,Main
5/12/2006,52,,2006,Mega Millions,Main
5/12/2006,45,,2006,Mega Millions,Mega_Ball
5/16/2006,7,,2006,Mega Millions,Main
5/16/2006,24,,2006,Mega Millions,Main
5/16/2006,40,,2006,Mega Millions,Main
5/16/2006,48,,2006,Mega Millions,Main
5/16/2006,50,,2006,Mega Millions,Main
5/16/2006,15,,2006,Mega Millions,Mega_Ball
5/19/2006,5,,2006,Mega Millions,Main
5/19/2006,12,,2006,Mega Millions,Main
5/19/2006,31,,2006,Mega Millions,Main
5/19/2006,51,,2006,Mega Millions,Main
5/19/2006,56,,2006,Mega Millions,Main
5/19/2006,1,,2006,Mega Millions,Mega_Ball
5/23/2006,17,,2006,Mega Millions,Main
5/23/2006,21,,2006,Mega Millions,Main
5/23/2006,28,,2006,Mega Millions,Main
5/23/2006,48,,2006,Mega Millions,Main
5/23/2006,54,,2006,Mega Millions,Main
5/23/2006,1,,2006,Mega Millions,Mega_Ball
5/26/2006,12,,2006,Mega Millions,Main
5/26/2006,14,,2006,Mega Millions,Main
5/26/2006,20,,2006,Mega Millions,Main
5/26/2006,47,,2006,Mega Millions,Main
5/26/2006,48,,2006,Mega Millions,Main
5/26/2006,24,,2006,Mega Millions,Mega_Ball
5/30/2006,2,,2006,Mega Millions,Main
5/30/2006,13,,2006,Mega Millions,Main
5/30/2006,28,,2006,Mega Millions,Main
5/30/2006,34,,2006,Mega Millions,Main
5/30/2006,45,,2006,Mega Millions,Main
5/30/2006,36,,2006,Mega Millions,Mega_Ball
6/2/2006,3,,2006,Mega Millions,Main
6/2/2006,10,,2006,Mega Millions,Main
6/2/2006,18,,2006,Mega Millions,Main
6/2/2006,36,,2006,Mega Millions,Main
6/2/2006,38,,2006,Mega Millions,Main
6/2/2006,41,,2006,Mega Millions,Mega_Ball
6/6/2006,5,,2006,Mega Millions,Main
6/6/2006,29,,2006,Mega Millions,Main
6/6/2006,35,,2006,Mega Millions,Main
6/6/2006,52,,2006,Mega Millions,Main
6/6/2006,53,,2006,Mega Millions,Main
6/6/2006,9,,2006,Mega Millions,Mega_Ball
6/9/2006,8,,2006,Mega Millions,Main
6/9/2006,17,,2006,Mega Millions,Main
6/9/2006,18,,2006,Mega Millions,Main
6/9/2006,26,,2006,Mega Millions,Main
6/9/2006,47,,2006,Mega Millions,Main
6/9/2006,37,,2006,Mega Millions,Mega_Ball
6/13/2006,1,,2006,Mega Millions,Main
6/13/2006,20,,2006,Mega Millions,Main
6/13/2006,23,,2006,Mega Millions,Main
6/13/2006,24,,2006,Mega Millions,Main
6/13/2006,33,,2006,Mega Millions,Main
6/13/2006,29,,2006,Mega Millions,Mega_Ball
6/16/2006,27,,2006,Mega Millions,Main
6/16/2006,30,,2006,Mega Millions,Main
6/16/2006,36,,2006,Mega Millions,Main
6/16/2006,38,,2006,Mega Millions,Main
6/16/2006,45,,2006,Mega Millions,Main
6/16/2006,13,,2006,Mega Millions,Mega_Ball
6/20/2006,11,,2006,Mega Millions,Main
6/20/2006,21,,2006,Mega Millions,Main
6/20/2006,37,,2006,Mega Millions,Main
6/20/2006,53,,2006,Mega Millions,Main
6/20/2006,54,,2006,Mega Millions,Main
6/20/2006,12,,2006,Mega Millions,Mega_Ball
6/23/2006,13,,2006,Mega Millions,Main
6/23/2006,17,,2006,Mega Millions,Main
6/23/2006,24,,2006,Mega Millions,Main
6/23/2006,34,,2006,Mega Millions,Main
6/23/2006,56,,2006,Mega Millions,Main
6/23/2006,24,,2006,Mega Millions,Mega_Ball
6/27/2006,2,,2006,Mega Millions,Main
6/27/2006,14,,2006,Mega Millions,Main
6/27/2006,20,,2006,Mega Millions,Main
6/27/2006,29,,2006,Mega Millions,Main
6/27/2006,44,,2006,Mega Millions,Main
6/27/2006,32,,2006,Mega Millions,Mega_Ball
6/30/2006,20,,2006,Mega Millions,Main
6/30/2006,40,,2006,Mega Millions,Main
6/30/2006,46,,2006,Mega Millions,Main
6/30/2006,48,,2006,Mega Millions,Main
6/30/2006,54,,2006,Mega Millions,Main
6/30/2006,27,,2006,Mega Millions,Mega_Ball
7/4/2006,9,,2006,Mega Millions,Main
7/4/2006,15,,2006,Mega Millions,Main
7/4/2006,31,,2006,Mega Millions,Main
7/4/2006,42,,2006,Mega Millions,Main
7/4/2006,45,,2006,Mega Millions,Main
7/4/2006,41,,2006,Mega Millions,Mega_Ball
7/7/2006,7,,2006,Mega Millions,Main
7/7/2006,15,,2006,Mega Millions,Main
7/7/2006,27,,2006,Mega Millions,Main
7/7/2006,46,,2006,Mega Millions,Main
7/7/2006,56,,2006,Mega Millions,Main
7/7/2006,39,,2006,Mega Millions,Mega_Ball
7/11/2006,5,,2006,Mega Millions,Main
7/11/2006,14,,2006,Mega Millions,Main
7/11/2006,34,,2006,Mega Millions,Main
7/11/2006,36,,2006,Mega Millions,Main
7/11/2006,52,,2006,Mega Millions,Main
7/11/2006,42,,2006,Mega Millions,Mega_Ball
7/14/2006,13,,2006,Mega Millions,Main
7/14/2006,25,,2006,Mega Millions,Main
7/14/2006,26,,2006,Mega Millions,Main
7/14/2006,28,,2006,Mega Millions,Main
7/14/2006,56,,2006,Mega Millions,Main
7/14/2006,39,,2006,Mega Millions,Mega_Ball
7/18/2006,12,,2006,Mega Millions,Main
7/18/2006,13,,2006,Mega Millions,Main
7/18/2006,29,,2006,Mega Millions,Main
7/18/2006,49,,2006,Mega Millions,Main
7/18/2006,52,,2006,Mega Millions,Main
7/18/2006,20,,2006,Mega Millions,Mega_Ball
7/21/2006,18,,2006,Mega Millions,Main
7/21/2006,26,,2006,Mega Millions,Main
7/21/2006,35,,2006,Mega Millions,Main
7/21/2006,36,,2006,Mega Millions,Main
7/21/2006,43,,2006,Mega Millions,Main
7/21/2006,24,,2006,Mega Millions,Mega_Ball
7/25/2006,7,,2006,Mega Millions,Main
7/25/2006,21,,2006,Mega Millions,Main
7/25/2006,24,,2006,Mega Millions,Main
7/25/2006,41,,2006,Mega Millions,Main
7/25/2006,51,,2006,Mega Millions,Main
7/25/2006,10,,2006,Mega Millions,Mega_Ball
7/28/2006,2,,2006,Mega Millions,Main
7/28/2006,13,,2006,Mega Millions,Main
7/28/2006,23,,2006,Mega Millions,Main
7/28/2006,32,,2006,Mega Millions,Main
7/28/2006,35,,2006,Mega Millions,Main
7/28/2006,4,,2006,Mega Millions,Mega_Ball
8/1/2006,14,,2006,Mega Millions,Main
8/1/2006,29,,2006,Mega Millions,Main
8/1/2006,32,,2006,Mega Millions,Main
8/1/2006,43,,2006,Mega Millions,Main
8/1/2006,49,,2006,Mega Millions,Main
8/1/2006,14,,2006,Mega Millions,Mega_Ball
8/4/2006,2,,2006,Mega Millions,Main
8/4/2006,24,,2006,Mega Millions,Main
8/4/2006,31,,2006,Mega Millions,Main
8/4/2006,50,,2006,Mega Millions,Main
8/4/2006,55,,2006,Mega Millions,Main
8/4/2006,44,,2006,Mega Millions,Mega_Ball
8/8/2006,1,,2006,Mega Millions,Main
8/8/2006,5,,2006,Mega Millions,Main
8/8/2006,13,,2006,Mega Millions,Main
8/8/2006,18,,2006,Mega Millions,Main
8/8/2006,33,,2006,Mega Millions,Main
8/8/2006,30,,2006,Mega Millions,Mega_Ball
8/11/2006,14,,2006,Mega Millions,Main
8/11/2006,16,,2006,Mega Millions,Main
8/11/2006,38,,2006,Mega Millions,Main
8/11/2006,40,,2006,Mega Millions,Main
8/11/2006,49,,2006,Mega Millions,Main
8/11/2006,29,,2006,Mega Millions,Mega_Ball
8/15/2006,10,,2006,Mega Millions,Main
8/15/2006,12,,2006,Mega Millions,Main
8/15/2006,22,,2006,Mega Millions,Main
8/15/2006,44,,2006,Mega Millions,Main
8/15/2006,48,,2006,Mega Millions,Main
8/15/2006,16,,2006,Mega Millions,Mega_Ball
8/18/2006,5,,2006,Mega Millions,Main
8/18/2006,12,,2006,Mega Millions,Main
8/18/2006,13,,2006,Mega Millions,Main
8/18/2006,46,,2006,Mega Millions,Main
8/18/2006,50,,2006,Mega Millions,Main
8/18/2006,10,,2006,Mega Millions,Mega_Ball
8/22/2006,3,,2006,Mega Millions,Main
8/22/2006,4,,2006,Mega Millions,Main
8/22/2006,5,,2006,Mega Millions,Main
8/22/2006,7,,2006,Mega Millions,Main
8/22/2006,36,,2006,Mega Millions,Main
8/22/2006,16,,2006,Mega Millions,Mega_Ball
8/25/2006,17,,2006,Mega Millions,Main
8/25/2006,24,,2006,Mega Millions,Main
8/25/2006,35,,2006,Mega Millions,Main
8/25/2006,46,,2006,Mega Millions,Main
8/25/2006,54,,2006,Mega Millions,Main
8/25/2006,33,,2006,Mega Millions,Mega_Ball
8/29/2006,15,,2006,Mega Millions,Main
8/29/2006,25,,2006,Mega Millions,Main
8/29/2006,37,,2006,Mega Millions,Main
8/29/2006,38,,2006,Mega Millions,Main
8/29/2006,52,,2006,Mega Millions,Main
8/29/2006,4,,2006,Mega Millions,Mega_Ball
9/1/2006,5,,2006,Mega Millions,Main
9/1/2006,6,,2006,Mega Millions,Main
9/1/2006,51,,2006,Mega Millions,Main
9/1/2006,53,,2006,Mega Millions,Main
9/1/2006,55,,2006,Mega Millions,Main
9/1/2006,12,,2006,Mega Millions,Mega_Ball
9/5/2006,1,,2006,Mega Millions,Main
9/5/2006,32,,2006,Mega Millions,Main
9/5/2006,36,,2006,Mega Millions,Main
9/5/2006,42,,2006,Mega Millions,Main
9/5/2006,53,,2006,Mega Millions,Main
9/5/2006,4,,2006,Mega Millions,Mega_Ball
9/8/2006,9,,2006,Mega Millions,Main
9/8/2006,17,,2006,Mega Millions,Main
9/8/2006,34,,2006,Mega Millions,Main
9/8/2006,52,,2006,Mega Millions,Main
9/8/2006,53,,2006,Mega Millions,Main
9/8/2006,2,,2006,Mega Millions,Mega_Ball
9/12/2006,3,,2006,Mega Millions,Main
9/12/2006,16,,2006,Mega Millions,Main
9/12/2006,25,,2006,Mega Millions,Main
9/12/2006,30,,2006,Mega Millions,Main
9/12/2006,44,,2006,Mega Millions,Main
9/12/2006,42,,2006,Mega Millions,Mega_Ball
9/15/2006,6,,2006,Mega Millions,Main
9/15/2006,26,,2006,Mega Millions,Main
9/15/2006,33,,2006,Mega Millions,Main
9/15/2006,39,,2006,Mega Millions,Main
9/15/2006,55,,2006,Mega Millions,Main
9/15/2006,1,,2006,Mega Millions,Mega_Ball
9/19/2006,2,,2006,Mega Millions,Main
9/19/2006,19,,2006,Mega Millions,Main
9/19/2006,44,,2006,Mega Millions,Main
9/19/2006,45,,2006,Mega Millions,Main
9/19/2006,56,,2006,Mega Millions,Main
9/19/2006,43,,2006,Mega Millions,Mega_Ball
9/22/2006,7,,2006,Mega Millions,Main
9/22/2006,12,,2006,Mega Millions,Main
9/22/2006,17,,2006,Mega Millions,Main
9/22/2006,22,,2006,Mega Millions,Main
9/22/2006,43,,2006,Mega Millions,Main
9/22/2006,16,,2006,Mega Millions,Mega_Ball
9/26/2006,3,,2006,Mega Millions,Main
9/26/2006,6,,2006,Mega Millions,Main
9/26/2006,38,,2006,Mega Millions,Main
9/26/2006,42,,2006,Mega Millions,Main
9/26/2006,45,,2006,Mega Millions,Main
9/26/2006,30,,2006,Mega Millions,Mega_Ball
9/29/2006,3,,2006,Mega Millions,Main
9/29/2006,25,,2006,Mega Millions,Main
9/29/2006,43,,2006,Mega Millions,Main
9/29/2006,45,,2006,Mega Millions,Main
9/29/2006,55,,2006,Mega Millions,Main
9/29/2006,40,,2006,Mega Millions,Mega_Ball
10/3/2006,6,,2006,Mega Millions,Main
10/3/2006,19,,2006,Mega Millions,Main
10/3/2006,32,,2006,Mega Millions,Main
10/3/2006,33,,2006,Mega Millions,Main
10/3/2006,40,,2006,Mega Millions,Main
10/3/2006,39,,2006,Mega Millions,Mega_Ball
10/6/2006,1,,2006,Mega Millions,Main
10/6/2006,11,,2006,Mega Millions,Main
10/6/2006,20,,2006,Mega Millions,Main
10/6/2006,21,,2006,Mega Millions,Main
10/6/2006,46,,2006,Mega Millions,Main
10/6/2006,18,,2006,Mega Millions,Mega_Ball
10/10/2006,14,,2006,Mega Millions,Main
10/10/2006,30,,2006,Mega Millions,Main
10/10/2006,35,,2006,Mega Millions,Main
10/10/2006,40,,2006,Mega Millions,Main
10/10/2006,43,,2006,Mega Millions,Main
10/10/2006,2,,2006,Mega Millions,Mega_Ball
10/13/2006,24,,2006,Mega Millions,Main
10/13/2006,27,,2006,Mega Millions,Main
10/13/2006,42,,2006,Mega Millions,Main
10/13/2006,47,,2006,Mega Millions,Main
10/13/2006,50,,2006,Mega Millions,Main
10/13/2006,8,,2006,Mega Millions,Mega_Ball
10/17/2006,6,,2006,Mega Millions,Main
10/17/2006,18,,2006,Mega Millions,Main
10/17/2006,20,,2006,Mega Millions,Main
10/17/2006,28,,2006,Mega Millions,Main
10/17/2006,38,,2006,Mega Millions,Main
10/17/2006,37,,2006,Mega Millions,Mega_Ball
10/20/2006,9,,2006,Mega Millions,Main
10/20/2006,13,,2006,Mega Millions,Main
10/20/2006,23,,2006,Mega Millions,Main
10/20/2006,29,,2006,Mega Millions,Main
10/20/2006,54,,2006,Mega Millions,Main
10/20/2006,34,,2006,Mega Millions,Mega_Ball
10/24/2006,5,,2006,Mega Millions,Main
10/24/2006,25,,2006,Mega Millions,Main
10/24/2006,41,,2006,Mega Millions,Main
10/24/2006,48,,2006,Mega Millions,Main
10/24/2006,51,,2006,Mega Millions,Main
10/24/2006,35,,2006,Mega Millions,Mega_Ball
10/27/2006,15,,2006,Mega Millions,Main
10/27/2006,22,,2006,Mega Millions,Main
10/27/2006,26,,2006,Mega Millions,Main
10/27/2006,30,,2006,Mega Millions,Main
10/27/2006,32,,2006,Mega Millions,Main
10/27/2006,31,,2006,Mega Millions,Mega_Ball
10/31/2006,5,,2006,Mega Millions,Main
10/31/2006,34,,2006,Mega Millions,Main
10/31/2006,40,,2006,Mega Millions,Main
10/31/2006,45,,2006,Mega Millions,Main
10/31/2006,46,,2006,Mega Millions,Main
10/31/2006,21,,2006,Mega Millions,Mega_Ball
11/3/2006,8,,2006,Mega Millions,Main
11/3/2006,10,,2006,Mega Millions,Main
11/3/2006,22,,2006,Mega Millions,Main
11/3/2006,25,,2006,Mega Millions,Main
11/3/2006,55,,2006,Mega Millions,Main
11/3/2006,22,,2006,Mega Millions,Mega_Ball
11/7/2006,13,,2006,Mega Millions,Main
11/7/2006,22,,2006,Mega Millions,Main
11/7/2006,33,,2006,Mega Millions,Main
11/7/2006,51,,2006,Mega Millions,Main
11/7/2006,52,,2006,Mega Millions,Main
11/7/2006,42,,2006,Mega Millions,Mega_Ball
11/10/2006,11,,2006,Mega Millions,Main
11/10/2006,42,,2006,Mega Millions,Main
11/10/2006,52,,2006,Mega Millions,Main
11/10/2006,53,,2006,Mega Millions,Main
11/10/2006,55,,2006,Mega Millions,Main
11/10/2006,28,,2006,Mega Millions,Mega_Ball
11/14/2006,9,,2006,Mega Millions,Main
11/14/2006,20,,2006,Mega Millions,Main
11/14/2006,24,,2006,Mega Millions,Main
11/14/2006,25,,2006,Mega Millions,Main
11/14/2006,36,,2006,Mega Millions,Main
11/14/2006,23,,2006,Mega Millions,Mega_Ball
11/17/2006,5,,2006,Mega Millions,Main
11/17/2006,19,,2006,Mega Millions,Main
11/17/2006,25,,2006,Mega Millions,Main
11/17/2006,30,,2006,Mega Millions,Main
11/17/2006,50,,2006,Mega Millions,Main
11/17/2006,42,,2006,Mega Millions,Mega_Ball
11/21/2006,7,,2006,Mega Millions,Main
11/21/2006,13,,2006,Mega Millions,Main
11/21/2006,20,,2006,Mega Millions,Main
11/21/2006,42,,2006,Mega Millions,Main
11/21/2006,47,,2006,Mega Millions,Main
11/21/2006,9,,2006,Mega Millions,Mega_Ball
11/24/2006,14,,2006,Mega Millions,Main
11/24/2006,35,,2006,Mega Millions,Main
11/24/2006,40,,2006,Mega Millions,Main
11/24/2006,47,,2006,Mega Millions,Main
11/24/2006,48,,2006,Mega Millions,Main
11/24/2006,35,,2006,Mega Millions,Mega_Ball
11/28/2006,7,,2006,Mega Millions,Main
11/28/2006,14,,2006,Mega Millions,Main
11/28/2006,24,,2006,Mega Millions,Main
11/28/2006,41,,2006,Mega Millions,Main
11/28/2006,56,,2006,Mega Millions,Main
11/28/2006,7,,2006,Mega Millions,Mega_Ball
12/1/2006,16,,2006,Mega Millions,Main
12/1/2006,22,,2006,Mega Millions,Main
12/1/2006,23,,2006,Mega Millions,Main
12/1/2006,37,,2006,Mega Millions,Main
12/1/2006,53,,2006,Mega Millions,Main
12/1/2006,35,,2006,Mega Millions,Mega_Ball
12/5/2006,6,,2006,Mega Millions,Main
12/5/2006,9,,2006,Mega Millions,Main
12/5/2006,13,,2006,Mega Millions,Main
12/5/2006,43,,2006,Mega Millions,Main
12/5/2006,46,,2006,Mega Millions,Main
12/5/2006,45,,2006,Mega Millions,Mega_Ball
12/8/2006,1,,2006,Mega Millions,Main
12/8/2006,15,,2006,Mega Millions,Main
12/8/2006,29,,2006,Mega Millions,Main
12/8/2006,32,,2006,Mega Millions,Main
12/8/2006,45,,2006,Mega Millions,Main
12/8/2006,8,,2006,Mega Millions,Mega_Ball
12/12/2006,20,,2006,Mega Millions,Main
12/12/2006,30,,2006,Mega Millions,Main
12/12/2006,31,,2006,Mega Millions,Main
12/12/2006,35,,2006,Mega Millions,Main
12/12/2006,49,,2006,Mega Millions,Main
12/12/2006,23,,2006,Mega Millions,Mega_Ball
12/15/2006,6,,2006,Mega Millions,Main
12/15/2006,7,,2006,Mega Millions,Main
12/15/2006,17,,2006,Mega Millions,Main
12/15/2006,28,,2006,Mega Millions,Main
12/15/2006,40,,2006,Mega Millions,Main
12/15/2006,39,,2006,Mega Millions,Mega_Ball
12/19/2006,9,,2006,Mega Millions,Main
12/19/2006,32,,2006,Mega Millions,Main
12/19/2006,37,,2006,Mega Millions,Main
12/19/2006,42,,2006,Mega Millions,Main
12/19/2006,48,,2006,Mega Millions,Main
12/19/2006,7,,2006,Mega Millions,Mega_Ball
12/22/2006,5,,2006,Mega Millions,Main
12/22/2006,12,,2006,Mega Millions,Main
12/22/2006,15,,2006,Mega Millions,Main
12/22/2006,25,,2006,Mega Millions,Main
12/22/2006,34,,2006,Mega Millions,Main
12/22/2006,43,,2006,Mega Millions,Mega_Ball
12/26/2006,7,,2006,Mega Millions,Main
12/26/2006,12,,2006,Mega Millions,Main
12/26/2006,25,,2006,Mega Millions,Main
12/26/2006,44,,2006,Mega Millions,Main
12/26/2006,53,,2006,Mega Millions,Main
12/26/2006,3,,2006,Mega Millions,Mega_Ball
12/29/2006,3,,2006,Mega Millions,Main
12/29/2006,4,,2006,Mega Millions,Main
12/29/2006,10,,2006,Mega Millions,Main
12/29/2006,39,,2006,Mega Millions,Main
12/29/2006,50,,2006,Mega Millions,Main
12/29/2006,29,,2006,Mega Millions,Mega_Ball
1/2/2007,9,,2007,Mega Millions,Main
1/2/2007,10,,2007,Mega Millions,Main
1/2/2007,38,,2007,Mega Millions,Main
1/2/2007,51,,2007,Mega Millions,Main
1/2/2007,53,,2007,Mega Millions,Main
1/2/2007,1,,2007,Mega Millions,Mega_Ball
1/5/2007,2,,2007,Mega Millions,Main
1/5/2007,12,,2007,Mega Millions,Main
1/5/2007,44,,2007,Mega Millions,Main
1/5/2007,46,,2007,Mega Millions,Main
1/5/2007,51,,2007,Mega Millions,Main
1/5/2007,6,,2007,Mega Millions,Mega_Ball
1/9/2007,7,,2007,Mega Millions,Main
1/9/2007,11,,2007,Mega Millions,Main
1/9/2007,26,,2007,Mega Millions,Main
1/9/2007,38,,2007,Mega Millions,Main
1/9/2007,54,,2007,Mega Millions,Main
1/9/2007,13,,2007,Mega Millions,Mega_Ball
1/12/2007,12,,2007,Mega Millions,Main
1/12/2007,14,,2007,Mega Millions,Main
1/12/2007,26,,2007,Mega Millions,Main
1/12/2007,40,,2007,Mega Millions,Main
1/12/2007,42,,2007,Mega Millions,Main
1/12/2007,22,,2007,Mega Millions,Mega_Ball
1/16/2007,4,,2007,Mega Millions,Main
1/16/2007,8,,2007,Mega Millions,Main
1/16/2007,15,,2007,Mega Millions,Main
1/16/2007,33,,2007,Mega Millions,Main
1/16/2007,52,,2007,Mega Millions,Main
1/16/2007,10,,2007,Mega Millions,Mega_Ball
1/19/2007,4,,2007,Mega Millions,Main
1/19/2007,28,,2007,Mega Millions,Main
1/19/2007,30,,2007,Mega Millions,Main
1/19/2007,31,,2007,Mega Millions,Main
1/19/2007,35,,2007,Mega Millions,Main
1/19/2007,17,,2007,Mega Millions,Mega_Ball
1/23/2007,3,,2007,Mega Millions,Main
1/23/2007,5,,2007,Mega Millions,Main
1/23/2007,15,,2007,Mega Millions,Main
1/23/2007,26,,2007,Mega Millions,Main
1/23/2007,53,,2007,Mega Millions,Main
1/23/2007,35,,2007,Mega Millions,Mega_Ball
1/26/2007,16,,2007,Mega Millions,Main
1/26/2007,17,,2007,Mega Millions,Main
1/26/2007,36,,2007,Mega Millions,Main
1/26/2007,49,,2007,Mega Millions,Main
1/26/2007,54,,2007,Mega Millions,Main
1/26/2007,14,,2007,Mega Millions,Mega_Ball
1/30/2007,14,,2007,Mega Millions,Main
1/30/2007,18,,2007,Mega Millions,Main
1/30/2007,44,,2007,Mega Millions,Main
1/30/2007,52,,2007,Mega Millions,Main
1/30/2007,56,,2007,Mega Millions,Main
1/30/2007,25,,2007,Mega Millions,Mega_Ball
2/2/2007,22,,2007,Mega Millions,Main
2/2/2007,33,,2007,Mega Millions,Main
2/2/2007,35,,2007,Mega Millions,Main
2/2/2007,40,,2007,Mega Millions,Main
2/2/2007,53,,2007,Mega Millions,Main
2/2/2007,15,,2007,Mega Millions,Mega_Ball
2/6/2007,16,,2007,Mega Millions,Main
2/6/2007,21,,2007,Mega Millions,Main
2/6/2007,35,,2007,Mega Millions,Main
2/6/2007,36,,2007,Mega Millions,Main
2/6/2007,46,,2007,Mega Millions,Main
2/6/2007,38,,2007,Mega Millions,Mega_Ball
2/9/2007,32,,2007,Mega Millions,Main
2/9/2007,39,,2007,Mega Millions,Main
2/9/2007,46,,2007,Mega Millions,Main
2/9/2007,48,,2007,Mega Millions,Main
2/9/2007,49,,2007,Mega Millions,Main
2/9/2007,41,,2007,Mega Millions,Mega_Ball
2/13/2007,3,,2007,Mega Millions,Main
2/13/2007,9,,2007,Mega Millions,Main
2/13/2007,24,,2007,Mega Millions,Main
2/13/2007,29,,2007,Mega Millions,Main
2/13/2007,41,,2007,Mega Millions,Main
2/13/2007,41,,2007,Mega Millions,Mega_Ball
2/16/2007,17,,2007,Mega Millions,Main
2/16/2007,35,,2007,Mega Millions,Main
2/16/2007,40,,2007,Mega Millions,Main
2/16/2007,46,,2007,Mega Millions,Main
2/16/2007,48,,2007,Mega Millions,Main
2/16/2007,41,,2007,Mega Millions,Mega_Ball
2/20/2007,1,,2007,Mega Millions,Main
2/20/2007,9,,2007,Mega Millions,Main
2/20/2007,26,,2007,Mega Millions,Main
2/20/2007,46,,2007,Mega Millions,Main
2/20/2007,51,,2007,Mega Millions,Main
2/20/2007,11,,2007,Mega Millions,Mega_Ball
2/23/2007,3,,2007,Mega Millions,Main
2/23/2007,18,,2007,Mega Millions,Main
2/23/2007,21,,2007,Mega Millions,Main
2/23/2007,38,,2007,Mega Millions,Main
2/23/2007,50,,2007,Mega Millions,Main
2/23/2007,43,,2007,Mega Millions,Mega_Ball
2/27/2007,18,,2007,Mega Millions,Main
2/27/2007,31,,2007,Mega Millions,Main
2/27/2007,44,,2007,Mega Millions,Main
2/27/2007,45,,2007,Mega Millions,Main
2/27/2007,48,,2007,Mega Millions,Main
2/27/2007,18,,2007,Mega Millions,Mega_Ball
3/2/2007,14,,2007,Mega Millions,Main
3/2/2007,21,,2007,Mega Millions,Main
3/2/2007,33,,2007,Mega Millions,Main
3/2/2007,35,,2007,Mega Millions,Main
3/2/2007,51,,2007,Mega Millions,Main
3/2/2007,43,,2007,Mega Millions,Mega_Ball
3/6/2007,16,,2007,Mega Millions,Main
3/6/2007,22,,2007,Mega Millions,Main
3/6/2007,29,,2007,Mega Millions,Main
3/6/2007,39,,2007,Mega Millions,Main
3/6/2007,42,,2007,Mega Millions,Main
3/6/2007,20,,2007,Mega Millions,Mega_Ball
3/9/2007,10,,2007,Mega Millions,Main
3/9/2007,13,,2007,Mega Millions,Main
3/9/2007,25,,2007,Mega Millions,Main
3/9/2007,42,,2007,Mega Millions,Main
3/9/2007,43,,2007,Mega Millions,Main
3/9/2007,30,,2007,Mega Millions,Mega_Ball
3/13/2007,7,,2007,Mega Millions,Main
3/13/2007,11,,2007,Mega Millions,Main
3/13/2007,16,,2007,Mega Millions,Main
3/13/2007,38,,2007,Mega Millions,Main
3/13/2007,49,,2007,Mega Millions,Main
3/13/2007,35,,2007,Mega Millions,Mega_Ball
3/16/2007,17,,2007,Mega Millions,Main
3/16/2007,25,,2007,Mega Millions,Main
3/16/2007,36,,2007,Mega Millions,Main
3/16/2007,40,,2007,Mega Millions,Main
3/16/2007,43,,2007,Mega Millions,Main
3/16/2007,9,,2007,Mega Millions,Mega_Ball
3/20/2007,7,,2007,Mega Millions,Main
3/20/2007,21,,2007,Mega Millions,Main
3/20/2007,46,,2007,Mega Millions,Main
3/20/2007,49,,2007,Mega Millions,Main
3/20/2007,55,,2007,Mega Millions,Main
3/20/2007,15,,2007,Mega Millions,Mega_Ball
3/23/2007,18,,2007,Mega Millions,Main
3/23/2007,21,,2007,Mega Millions,Main
3/23/2007,35,,2007,Mega Millions,Main
3/23/2007,51,,2007,Mega Millions,Main
3/23/2007,53,,2007,Mega Millions,Main
3/23/2007,36,,2007,Mega Millions,Mega_Ball
3/27/2007,18,,2007,Mega Millions,Main
3/27/2007,25,,2007,Mega Millions,Main
3/27/2007,34,,2007,Mega Millions,Main
3/27/2007,35,,2007,Mega Millions,Main
3/27/2007,42,,2007,Mega Millions,Main
3/27/2007,6,,2007,Mega Millions,Mega_Ball
3/30/2007,15,,2007,Mega Millions,Main
3/30/2007,23,,2007,Mega Millions,Main
3/30/2007,37,,2007,Mega Millions,Main
3/30/2007,48,,2007,Mega Millions,Main
3/30/2007,53,,2007,Mega Millions,Main
3/30/2007,22,,2007,Mega Millions,Mega_Ball
4/3/2007,16,,2007,Mega Millions,Main
4/3/2007,26,,2007,Mega Millions,Main
4/3/2007,33,,2007,Mega Millions,Main
4/3/2007,34,,2007,Mega Millions,Main
4/3/2007,46,,2007,Mega Millions,Main
4/3/2007,38,,2007,Mega Millions,Mega_Ball
4/6/2007,24,,2007,Mega Millions,Main
4/6/2007,32,,2007,Mega Millions,Main
4/6/2007,34,,2007,Mega Millions,Main
4/6/2007,36,,2007,Mega Millions,Main
4/6/2007,39,,2007,Mega Millions,Main
4/6/2007,6,,2007,Mega Millions,Mega_Ball
4/10/2007,7,,2007,Mega Millions,Main
4/10/2007,15,,2007,Mega Millions,Main
4/10/2007,16,,2007,Mega Millions,Main
4/10/2007,19,,2007,Mega Millions,Main
4/10/2007,28,,2007,Mega Millions,Main
4/10/2007,10,,2007,Mega Millions,Mega_Ball
4/13/2007,11,,2007,Mega Millions,Main
4/13/2007,14,,2007,Mega Millions,Main
4/13/2007,21,,2007,Mega Millions,Main
4/13/2007,25,,2007,Mega Millions,Main
4/13/2007,26,,2007,Mega Millions,Main
4/13/2007,33,,2007,Mega Millions,Mega_Ball
4/17/2007,1,,2007,Mega Millions,Main
4/17/2007,4,,2007,Mega Millions,Main
4/17/2007,11,,2007,Mega Millions,Main
4/17/2007,31,,2007,Mega Millions,Main
4/17/2007,47,,2007,Mega Millions,Main
4/17/2007,37,,2007,Mega Millions,Mega_Ball
4/20/2007,1,,2007,Mega Millions,Main
4/20/2007,9,,2007,Mega Millions,Main
4/20/2007,10,,2007,Mega Millions,Main
4/20/2007,23,,2007,Mega Millions,Main
4/20/2007,53,,2007,Mega Millions,Main
4/20/2007,40,,2007,Mega Millions,Mega_Ball
4/24/2007,8,,2007,Mega Millions,Main
4/24/2007,10,,2007,Mega Millions,Main
4/24/2007,35,,2007,Mega Millions,Main
4/24/2007,36,,2007,Mega Millions,Main
4/24/2007,43,,2007,Mega Millions,Main
4/24/2007,14,,2007,Mega Millions,Mega_Ball
4/27/2007,5,,2007,Mega Millions,Main
4/27/2007,7,,2007,Mega Millions,Main
4/27/2007,26,,2007,Mega Millions,Main
4/27/2007,38,,2007,Mega Millions,Main
4/27/2007,56,,2007,Mega Millions,Main
4/27/2007,15,,2007,Mega Millions,Mega_Ball
5/1/2007,11,,2007,Mega Millions,Main
5/1/2007,16,,2007,Mega Millions,Main
5/1/2007,31,,2007,Mega Millions,Main
5/1/2007,52,,2007,Mega Millions,Main
5/1/2007,53,,2007,Mega Millions,Main
5/1/2007,42,,2007,Mega Millions,Mega_Ball
5/4/2007,4,,2007,Mega Millions,Main
5/4/2007,9,,2007,Mega Millions,Main
5/4/2007,20,,2007,Mega Millions,Main
5/4/2007,45,,2007,Mega Millions,Main
5/4/2007,55,,2007,Mega Millions,Main
5/4/2007,34,,2007,Mega Millions,Mega_Ball
5/8/2007,16,,2007,Mega Millions,Main
5/8/2007,24,,2007,Mega Millions,Main
5/8/2007,41,,2007,Mega Millions,Main
5/8/2007,43,,2007,Mega Millions,Main
5/8/2007,54,,2007,Mega Millions,Main
5/8/2007,36,,2007,Mega Millions,Mega_Ball
5/11/2007,28,,2007,Mega Millions,Main
5/11/2007,30,,2007,Mega Millions,Main
5/11/2007,33,,2007,Mega Millions,Main
5/11/2007,48,,2007,Mega Millions,Main
5/11/2007,54,,2007,Mega Millions,Main
5/11/2007,25,,2007,Mega Millions,Mega_Ball
5/15/2007,6,,2007,Mega Millions,Main
5/15/2007,13,,2007,Mega Millions,Main
5/15/2007,42,,2007,Mega Millions,Main
5/15/2007,46,,2007,Mega Millions,Main
5/15/2007,56,,2007,Mega Millions,Main
5/15/2007,42,,2007,Mega Millions,Mega_Ball
5/18/2007,13,,2007,Mega Millions,Main
5/18/2007,23,,2007,Mega Millions,Main
5/18/2007,24,,2007,Mega Millions,Main
5/18/2007,30,,2007,Mega Millions,Main
5/18/2007,44,,2007,Mega Millions,Main
5/18/2007,5,,2007,Mega Millions,Mega_Ball
5/22/2007,2,,2007,Mega Millions,Main
5/22/2007,7,,2007,Mega Millions,Main
5/22/2007,11,,2007,Mega Millions,Main
5/22/2007,22,,2007,Mega Millions,Main
5/22/2007,36,,2007,Mega Millions,Main
5/22/2007,35,,2007,Mega Millions,Mega_Ball
5/25/2007,10,,2007,Mega Millions,Main
5/25/2007,14,,2007,Mega Millions,Main
5/25/2007,22,,2007,Mega Millions,Main
5/25/2007,42,,2007,Mega Millions,Main
5/25/2007,43,,2007,Mega Millions,Main
5/25/2007,1,,2007,Mega Millions,Mega_Ball
5/29/2007,2,,2007,Mega Millions,Main
5/29/2007,24,,2007,Mega Millions,Main
5/29/2007,44,,2007,Mega Millions,Main
5/29/2007,51,,2007,Mega Millions,Main
5/29/2007,54,,2007,Mega Millions,Main
5/29/2007,7,,2007,Mega Millions,Mega_Ball
6/1/2007,12,,2007,Mega Millions,Main
6/1/2007,19,,2007,Mega Millions,Main
6/1/2007,29,,2007,Mega Millions,Main
6/1/2007,32,,2007,Mega Millions,Main
6/1/2007,48,,2007,Mega Millions,Main
6/1/2007,9,,2007,Mega Millions,Mega_Ball
6/5/2007,27,,2007,Mega Millions,Main
6/5/2007,35,,2007,Mega Millions,Main
6/5/2007,38,,2007,Mega Millions,Main
6/5/2007,49,,2007,Mega Millions,Main
6/5/2007,56,,2007,Mega Millions,Main
6/5/2007,15,,2007,Mega Millions,Mega_Ball
6/8/2007,6,,2007,Mega Millions,Main
6/8/2007,26,,2007,Mega Millions,Main
6/8/2007,29,,2007,Mega Millions,Main
6/8/2007,31,,2007,Mega Millions,Main
6/8/2007,39,,2007,Mega Millions,Main
6/8/2007,31,,2007,Mega Millions,Mega_Ball
6/12/2007,3,,2007,Mega Millions,Main
6/12/2007,13,,2007,Mega Millions,Main
6/12/2007,19,,2007,Mega Millions,Main
6/12/2007,31,,2007,Mega Millions,Main
6/12/2007,50,,2007,Mega Millions,Main
6/12/2007,21,,2007,Mega Millions,Mega_Ball
6/15/2007,1,,2007,Mega Millions,Main
6/15/2007,5,,2007,Mega Millions,Main
6/15/2007,16,,2007,Mega Millions,Main
6/15/2007,26,,2007,Mega Millions,Main
6/15/2007,30,,2007,Mega Millions,Main
6/15/2007,21,,2007,Mega Millions,Mega_Ball
6/19/2007,5,,2007,Mega Millions,Main
6/19/2007,16,,2007,Mega Millions,Main
6/19/2007,31,,2007,Mega Millions,Main
6/19/2007,49,,2007,Mega Millions,Main
6/19/2007,54,,2007,Mega Millions,Main
6/19/2007,19,,2007,Mega Millions,Mega_Ball
6/22/2007,11,,2007,Mega Millions,Main
6/22/2007,14,,2007,Mega Millions,Main
6/22/2007,21,,2007,Mega Millions,Main
6/22/2007,24,,2007,Mega Millions,Main
6/22/2007,31,,2007,Mega Millions,Main
6/22/2007,23,,2007,Mega Millions,Mega_Ball
6/26/2007,4,,2007,Mega Millions,Main
6/26/2007,10,,2007,Mega Millions,Main
6/26/2007,20,,2007,Mega Millions,Main
6/26/2007,29,,2007,Mega Millions,Main
6/26/2007,45,,2007,Mega Millions,Main
6/26/2007,21,,2007,Mega Millions,Mega_Ball
6/29/2007,1,,2007,Mega Millions,Main
6/29/2007,17,,2007,Mega Millions,Main
6/29/2007,40,,2007,Mega Millions,Main
6/29/2007,51,,2007,Mega Millions,Main
6/29/2007,52,,2007,Mega Millions,Main
6/29/2007,7,,2007,Mega Millions,Mega_Ball
7/3/2007,21,,2007,Mega Millions,Main
7/3/2007,35,,2007,Mega Millions,Main
7/3/2007,37,,2007,Mega Millions,Main
7/3/2007,39,,2007,Mega Millions,Main
7/3/2007,40,,2007,Mega Millions,Main
7/3/2007,35,,2007,Mega Millions,Mega_Ball
7/6/2007,3,,2007,Mega Millions,Main
7/6/2007,9,,2007,Mega Millions,Main
7/6/2007,12,,2007,Mega Millions,Main
7/6/2007,25,,2007,Mega Millions,Main
7/6/2007,47,,2007,Mega Millions,Main
7/6/2007,37,,2007,Mega Millions,Mega_Ball
7/10/2007,19,,2007,Mega Millions,Main
7/10/2007,24,,2007,Mega Millions,Main
7/10/2007,30,,2007,Mega Millions,Main
7/10/2007,34,,2007,Mega Millions,Main
7/10/2007,56,,2007,Mega Millions,Main
7/10/2007,19,,2007,Mega Millions,Mega_Ball
7/13/2007,7,,2007,Mega Millions,Main
7/13/2007,39,,2007,Mega Millions,Main
7/13/2007,41,,2007,Mega Millions,Main
7/13/2007,48,,2007,Mega Millions,Main
7/13/2007,53,,2007,Mega Millions,Main
7/13/2007,21,,2007,Mega Millions,Mega_Ball
7/17/2007,16,,2007,Mega Millions,Main
7/17/2007,30,,2007,Mega Millions,Main
7/17/2007,38,,2007,Mega Millions,Main
7/17/2007,46,,2007,Mega Millions,Main
7/17/2007,51,,2007,Mega Millions,Main
7/17/2007,5,,2007,Mega Millions,Mega_Ball
7/20/2007,6,,2007,Mega Millions,Main
7/20/2007,13,,2007,Mega Millions,Main
7/20/2007,30,,2007,Mega Millions,Main
7/20/2007,41,,2007,Mega Millions,Main
7/20/2007,52,,2007,Mega Millions,Main
7/20/2007,26,,2007,Mega Millions,Mega_Ball
7/24/2007,8,,2007,Mega Millions,Main
7/24/2007,17,,2007,Mega Millions,Main
7/24/2007,20,,2007,Mega Millions,Main
7/24/2007,23,,2007,Mega Millions,Main
7/24/2007,50,,2007,Mega Millions,Main
7/24/2007,17,,2007,Mega Millions,Mega_Ball
7/27/2007,7,,2007,Mega Millions,Main
7/27/2007,12,,2007,Mega Millions,Main
7/27/2007,35,,2007,Mega Millions,Main
7/27/2007,54,,2007,Mega Millions,Main
7/27/2007,55,,2007,Mega Millions,Main
7/27/2007,2,,2007,Mega Millions,Mega_Ball
7/31/2007,5,,2007,Mega Millions,Main
7/31/2007,18,,2007,Mega Millions,Main
7/31/2007,37,,2007,Mega Millions,Main
7/31/2007,39,,2007,Mega Millions,Main
7/31/2007,43,,2007,Mega Millions,Main
7/31/2007,42,,2007,Mega Millions,Mega_Ball
8/3/2007,16,,2007,Mega Millions,Main
8/3/2007,29,,2007,Mega Millions,Main
8/3/2007,42,,2007,Mega Millions,Main
8/3/2007,46,,2007,Mega Millions,Main
8/3/2007,51,,2007,Mega Millions,Main
8/3/2007,40,,2007,Mega Millions,Mega_Ball
8/7/2007,36,,2007,Mega Millions,Main
8/7/2007,41,,2007,Mega Millions,Main
8/7/2007,50,,2007,Mega Millions,Main
8/7/2007,55,,2007,Mega Millions,Main
8/7/2007,56,,2007,Mega Millions,Main
8/7/2007,9,,2007,Mega Millions,Mega_Ball
8/10/2007,10,,2007,Mega Millions,Main
8/10/2007,20,,2007,Mega Millions,Main
8/10/2007,32,,2007,Mega Millions,Main
8/10/2007,33,,2007,Mega Millions,Main
8/10/2007,54,,2007,Mega Millions,Main
8/10/2007,39,,2007,Mega Millions,Mega_Ball
8/14/2007,5,,2007,Mega Millions,Main
8/14/2007,8,,2007,Mega Millions,Main
8/14/2007,9,,2007,Mega Millions,Main
8/14/2007,24,,2007,Mega Millions,Main
8/14/2007,34,,2007,Mega Millions,Main
8/14/2007,17,,2007,Mega Millions,Mega_Ball
8/17/2007,2,,2007,Mega Millions,Main
8/17/2007,8,,2007,Mega Millions,Main
8/17/2007,33,,2007,Mega Millions,Main
8/17/2007,38,,2007,Mega Millions,Main
8/17/2007,53,,2007,Mega Millions,Main
8/17/2007,12,,2007,Mega Millions,Mega_Ball
8/21/2007,8,,2007,Mega Millions,Main
8/21/2007,38,,2007,Mega Millions,Main
8/21/2007,54,,2007,Mega Millions,Main
8/21/2007,55,,2007,Mega Millions,Main
8/21/2007,56,,2007,Mega Millions,Main
8/21/2007,2,,2007,Mega Millions,Mega_Ball
8/24/2007,4,,2007,Mega Millions,Main
8/24/2007,21,,2007,Mega Millions,Main
8/24/2007,46,,2007,Mega Millions,Main
8/24/2007,51,,2007,Mega Millions,Main
8/24/2007,53,,2007,Mega Millions,Main
8/24/2007,5,,2007,Mega Millions,Mega_Ball
8/28/2007,37,,2007,Mega Millions,Main
8/28/2007,40,,2007,Mega Millions,Main
8/28/2007,48,,2007,Mega Millions,Main
8/28/2007,53,,2007,Mega Millions,Main
8/28/2007,56,,2007,Mega Millions,Main
8/28/2007,44,,2007,Mega Millions,Mega_Ball
8/31/2007,8,,2007,Mega Millions,Main
8/31/2007,18,,2007,Mega Millions,Main
8/31/2007,22,,2007,Mega Millions,Main
8/31/2007,40,,2007,Mega Millions,Main
8/31/2007,44,,2007,Mega Millions,Main
8/31/2007,11,,2007,Mega Millions,Mega_Ball
9/4/2007,3,,2007,Mega Millions,Main
9/4/2007,6,,2007,Mega Millions,Main
9/4/2007,11,,2007,Mega Millions,Main
9/4/2007,42,,2007,Mega Millions,Main
9/4/2007,46,,2007,Mega Millions,Main
9/4/2007,38,,2007,Mega Millions,Mega_Ball
9/7/2007,14,,2007,Mega Millions,Main
9/7/2007,19,,2007,Mega Millions,Main
9/7/2007,27,,2007,Mega Millions,Main
9/7/2007,34,,2007,Mega Millions,Main
9/7/2007,48,,2007,Mega Millions,Main
9/7/2007,3,,2007,Mega Millions,Mega_Ball
9/11/2007,9,,2007,Mega Millions,Main
9/11/2007,10,,2007,Mega Millions,Main
9/11/2007,17,,2007,Mega Millions,Main
9/11/2007,21,,2007,Mega Millions,Main
9/11/2007,35,,2007,Mega Millions,Main
9/11/2007,6,,2007,Mega Millions,Mega_Ball
9/14/2007,5,,2007,Mega Millions,Main
9/14/2007,9,,2007,Mega Millions,Main
9/14/2007,12,,2007,Mega Millions,Main
9/14/2007,33,,2007,Mega Millions,Main
9/14/2007,40,,2007,Mega Millions,Main
9/14/2007,27,,2007,Mega Millions,Mega_Ball
9/18/2007,20,,2007,Mega Millions,Main
9/18/2007,24,,2007,Mega Millions,Main
9/18/2007,31,,2007,Mega Millions,Main
9/18/2007,34,,2007,Mega Millions,Main
9/18/2007,49,,2007,Mega Millions,Main
9/18/2007,8,,2007,Mega Millions,Mega_Ball
9/21/2007,5,,2007,Mega Millions,Main
9/21/2007,21,,2007,Mega Millions,Main
9/21/2007,23,,2007,Mega Millions,Main
9/21/2007,33,,2007,Mega Millions,Main
9/21/2007,45,,2007,Mega Millions,Main
9/21/2007,43,,2007,Mega Millions,Mega_Ball
9/25/2007,2,,2007,Mega Millions,Main
9/25/2007,19,,2007,Mega Millions,Main
9/25/2007,23,,2007,Mega Millions,Main
9/25/2007,47,,2007,Mega Millions,Main
9/25/2007,54,,2007,Mega Millions,Main
9/25/2007,16,,2007,Mega Millions,Mega_Ball
9/28/2007,4,,2007,Mega Millions,Main
9/28/2007,13,,2007,Mega Millions,Main
9/28/2007,20,,2007,Mega Millions,Main
9/28/2007,25,,2007,Mega Millions,Main
9/28/2007,33,,2007,Mega Millions,Main
9/28/2007,42,,2007,Mega Millions,Mega_Ball
10/2/2007,28,,2007,Mega Millions,Main
10/2/2007,37,,2007,Mega Millions,Main
10/2/2007,40,,2007,Mega Millions,Main
10/2/2007,43,,2007,Mega Millions,Main
10/2/2007,44,,2007,Mega Millions,Main
10/2/2007,20,,2007,Mega Millions,Mega_Ball
10/5/2007,10,,2007,Mega Millions,Main
10/5/2007,19,,2007,Mega Millions,Main
10/5/2007,37,,2007,Mega Millions,Main
10/5/2007,40,,2007,Mega Millions,Main
10/5/2007,48,,2007,Mega Millions,Main
10/5/2007,1,,2007,Mega Millions,Mega_Ball
10/9/2007,1,,2007,Mega Millions,Main
10/9/2007,10,,2007,Mega Millions,Main
10/9/2007,17,,2007,Mega Millions,Main
10/9/2007,32,,2007,Mega Millions,Main
10/9/2007,51,,2007,Mega Millions,Main
10/9/2007,44,,2007,Mega Millions,Mega_Ball
10/12/2007,21,,2007,Mega Millions,Main
10/12/2007,26,,2007,Mega Millions,Main
10/12/2007,34,,2007,Mega Millions,Main
10/12/2007,44,,2007,Mega Millions,Main
10/12/2007,54,,2007,Mega Millions,Main
10/12/2007,23,,2007,Mega Millions,Mega_Ball
10/16/2007,1,,2007,Mega Millions,Main
10/16/2007,2,,2007,Mega Millions,Main
10/16/2007,5,,2007,Mega Millions,Main
10/16/2007,41,,2007,Mega Millions,Main
10/16/2007,44,,2007,Mega Millions,Main
10/16/2007,25,,2007,Mega Millions,Mega_Ball
10/19/2007,5,,2007,Mega Millions,Main
10/19/2007,15,,2007,Mega Millions,Main
10/19/2007,18,,2007,Mega Millions,Main
10/19/2007,23,,2007,Mega Millions,Main
10/19/2007,46,,2007,Mega Millions,Main
10/19/2007,14,,2007,Mega Millions,Mega_Ball
10/23/2007,2,,2007,Mega Millions,Main
10/23/2007,7,,2007,Mega Millions,Main
10/23/2007,45,,2007,Mega Millions,Main
10/23/2007,52,,2007,Mega Millions,Main
10/23/2007,53,,2007,Mega Millions,Main
10/23/2007,18,,2007,Mega Millions,Mega_Ball
10/26/2007,12,,2007,Mega Millions,Main
10/26/2007,20,,2007,Mega Millions,Main
10/26/2007,24,,2007,Mega Millions,Main
10/26/2007,38,,2007,Mega Millions,Main
10/26/2007,51,,2007,Mega Millions,Main
10/26/2007,3,,2007,Mega Millions,Mega_Ball
10/30/2007,2,,2007,Mega Millions,Main
10/30/2007,8,,2007,Mega Millions,Main
10/30/2007,44,,2007,Mega Millions,Main
10/30/2007,46,,2007,Mega Millions,Main
10/30/2007,51,,2007,Mega Millions,Main
10/30/2007,22,,2007,Mega Millions,Mega_Ball
11/2/2007,1,,2007,Mega Millions,Main
11/2/2007,3,,2007,Mega Millions,Main
11/2/2007,34,,2007,Mega Millions,Main
11/2/2007,49,,2007,Mega Millions,Main
11/2/2007,52,,2007,Mega Millions,Main
11/2/2007,19,,2007,Mega Millions,Mega_Ball
11/6/2007,3,,2007,Mega Millions,Main
11/6/2007,17,,2007,Mega Millions,Main
11/6/2007,43,,2007,Mega Millions,Main
11/6/2007,46,,2007,Mega Millions,Main
11/6/2007,47,,2007,Mega Millions,Main
11/6/2007,2,,2007,Mega Millions,Mega_Ball
11/9/2007,11,,2007,Mega Millions,Main
11/9/2007,33,,2007,Mega Millions,Main
11/9/2007,41,,2007,Mega Millions,Main
11/9/2007,42,,2007,Mega Millions,Main
11/9/2007,46,,2007,Mega Millions,Main
11/9/2007,21,,2007,Mega Millions,Mega_Ball
11/13/2007,15,,2007,Mega Millions,Main
11/13/2007,26,,2007,Mega Millions,Main
11/13/2007,36,,2007,Mega Millions,Main
11/13/2007,39,,2007,Mega Millions,Main
11/13/2007,40,,2007,Mega Millions,Main
11/13/2007,45,,2007,Mega Millions,Mega_Ball
11/16/2007,12,,2007,Mega Millions,Main
11/16/2007,13,,2007,Mega Millions,Main
11/16/2007,30,,2007,Mega Millions,Main
11/16/2007,31,,2007,Mega Millions,Main
11/16/2007,39,,2007,Mega Millions,Main
11/16/2007,29,,2007,Mega Millions,Mega_Ball
11/20/2007,14,,2007,Mega Millions,Main
11/20/2007,20,,2007,Mega Millions,Main
11/20/2007,23,,2007,Mega Millions,Main
11/20/2007,42,,2007,Mega Millions,Main
11/20/2007,43,,2007,Mega Millions,Main
11/20/2007,6,,2007,Mega Millions,Mega_Ball
11/23/2007,18,,2007,Mega Millions,Main
11/23/2007,21,,2007,Mega Millions,Main
11/23/2007,33,,2007,Mega Millions,Main
11/23/2007,42,,2007,Mega Millions,Main
11/23/2007,56,,2007,Mega Millions,Main
11/23/2007,11,,2007,Mega Millions,Mega_Ball
11/27/2007,9,,2007,Mega Millions,Main
11/27/2007,10,,2007,Mega Millions,Main
11/27/2007,26,,2007,Mega Millions,Main
11/27/2007,29,,2007,Mega Millions,Main
11/27/2007,39,,2007,Mega Millions,Main
11/27/2007,10,,2007,Mega Millions,Mega_Ball
11/30/2007,5,,2007,Mega Millions,Main
11/30/2007,6,,2007,Mega Millions,Main
11/30/2007,12,,2007,Mega Millions,Main
11/30/2007,26,,2007,Mega Millions,Main
11/30/2007,51,,2007,Mega Millions,Main
11/30/2007,7,,2007,Mega Millions,Mega_Ball
12/4/2007,16,,2007,Mega Millions,Main
12/4/2007,27,,2007,Mega Millions,Main
12/4/2007,30,,2007,Mega Millions,Main
12/4/2007,45,,2007,Mega Millions,Main
12/4/2007,53,,2007,Mega Millions,Main
12/4/2007,43,,2007,Mega Millions,Mega_Ball
12/7/2007,12,,2007,Mega Millions,Main
12/7/2007,18,,2007,Mega Millions,Main
12/7/2007,26,,2007,Mega Millions,Main
12/7/2007,28,,2007,Mega Millions,Main
12/7/2007,51,,2007,Mega Millions,Main
12/7/2007,35,,2007,Mega Millions,Mega_Ball
12/11/2007,6,,2007,Mega Millions,Main
12/11/2007,25,,2007,Mega Millions,Main
12/11/2007,27,,2007,Mega Millions,Main
12/11/2007,30,,2007,Mega Millions,Main
12/11/2007,45,,2007,Mega Millions,Main
12/11/2007,46,,2007,Mega Millions,Mega_Ball
12/14/2007,4,,2007,Mega Millions,Main
12/14/2007,7,,2007,Mega Millions,Main
12/14/2007,12,,2007,Mega Millions,Main
12/14/2007,17,,2007,Mega Millions,Main
12/14/2007,30,,2007,Mega Millions,Main
12/14/2007,44,,2007,Mega Millions,Mega_Ball
12/18/2007,3,,2007,Mega Millions,Main
12/18/2007,23,,2007,Mega Millions,Main
12/18/2007,46,,2007,Mega Millions,Main
12/18/2007,48,,2007,Mega Millions,Main
12/18/2007,49,,2007,Mega Millions,Main
12/18/2007,2,,2007,Mega Millions,Mega_Ball
12/21/2007,14,,2007,Mega Millions,Main
12/21/2007,19,,2007,Mega Millions,Main
12/21/2007,20,,2007,Mega Millions,Main
12/21/2007,43,,2007,Mega Millions,Main
12/21/2007,53,,2007,Mega Millions,Main
12/21/2007,7,,2007,Mega Millions,Mega_Ball
12/28/2007,2,,2007,Mega Millions,Main
12/28/2007,19,,2007,Mega Millions,Main
12/28/2007,22,,2007,Mega Millions,Main
12/28/2007,28,,2007,Mega Millions,Main
12/28/2007,54,,2007,Mega Millions,Main
12/28/2007,25,,2007,Mega Millions,Mega_Ball
1/1/2008,13,,2008,Mega Millions,Main
1/1/2008,16,,2008,Mega Millions,Main
1/1/2008,25,,2008,Mega Millions,Main
1/1/2008,30,,2008,Mega Millions,Main
1/1/2008,54,,2008,Mega Millions,Main
1/1/2008,11,,2008,Mega Millions,Mega_Ball
1/4/2008,24,,2008,Mega Millions,Main
1/4/2008,31,,2008,Mega Millions,Main
1/4/2008,39,,2008,Mega Millions,Main
1/4/2008,40,,2008,Mega Millions,Main
1/4/2008,56,,2008,Mega Millions,Main
1/4/2008,32,,2008,Mega Millions,Mega_Ball
1/8/2008,10,,2008,Mega Millions,Main
1/8/2008,29,,2008,Mega Millions,Main
1/8/2008,45,,2008,Mega Millions,Main
1/8/2008,52,,2008,Mega Millions,Main
1/8/2008,54,,2008,Mega Millions,Main
1/8/2008,10,,2008,Mega Millions,Mega_Ball
1/11/2008,22,,2008,Mega Millions,Main
1/11/2008,36,,2008,Mega Millions,Main
1/11/2008,42,,2008,Mega Millions,Main
1/11/2008,45,,2008,Mega Millions,Main
1/11/2008,55,,2008,Mega Millions,Main
1/11/2008,42,,2008,Mega Millions,Mega_Ball
1/15/2008,21,,2008,Mega Millions,Main
1/15/2008,30,,2008,Mega Millions,Main
1/15/2008,42,,2008,Mega Millions,Main
1/15/2008,44,,2008,Mega Millions,Main
1/15/2008,50,,2008,Mega Millions,Main
1/15/2008,6,,2008,Mega Millions,Mega_Ball
1/18/2008,12,,2008,Mega Millions,Main
1/18/2008,22,,2008,Mega Millions,Main
1/18/2008,33,,2008,Mega Millions,Main
1/18/2008,43,,2008,Mega Millions,Main
1/18/2008,44,,2008,Mega Millions,Main
1/18/2008,15,,2008,Mega Millions,Mega_Ball
1/22/2008,12,,2008,Mega Millions,Main
1/22/2008,15,,2008,Mega Millions,Main
1/22/2008,22,,2008,Mega Millions,Main
1/22/2008,25,,2008,Mega Millions,Main
1/22/2008,33,,2008,Mega Millions,Main
1/22/2008,2,,2008,Mega Millions,Mega_Ball
1/25/2008,5,,2008,Mega Millions,Main
1/25/2008,12,,2008,Mega Millions,Main
1/25/2008,22,,2008,Mega Millions,Main
1/25/2008,38,,2008,Mega Millions,Main
1/25/2008,56,,2008,Mega Millions,Main
1/25/2008,22,,2008,Mega Millions,Mega_Ball
1/29/2008,8,,2008,Mega Millions,Main
1/29/2008,23,,2008,Mega Millions,Main
1/29/2008,39,,2008,Mega Millions,Main
1/29/2008,40,,2008,Mega Millions,Main
1/29/2008,42,,2008,Mega Millions,Main
1/29/2008,24,,2008,Mega Millions,Mega_Ball
2/1/2008,3,,2008,Mega Millions,Main
2/1/2008,14,,2008,Mega Millions,Main
2/1/2008,30,,2008,Mega Millions,Main
2/1/2008,44,,2008,Mega Millions,Main
2/1/2008,56,,2008,Mega Millions,Main
2/1/2008,5,,2008,Mega Millions,Mega_Ball
2/5/2008,4,,2008,Mega Millions,Main
2/5/2008,5,,2008,Mega Millions,Main
2/5/2008,17,,2008,Mega Millions,Main
2/5/2008,40,,2008,Mega Millions,Main
2/5/2008,51,,2008,Mega Millions,Main
2/5/2008,38,,2008,Mega Millions,Mega_Ball
2/8/2008,21,,2008,Mega Millions,Main
2/8/2008,30,,2008,Mega Millions,Main
2/8/2008,43,,2008,Mega Millions,Main
2/8/2008,46,,2008,Mega Millions,Main
2/8/2008,50,,2008,Mega Millions,Main
2/8/2008,18,,2008,Mega Millions,Mega_Ball
2/12/2008,14,,2008,Mega Millions,Main
2/12/2008,27,,2008,Mega Millions,Main
2/12/2008,39,,2008,Mega Millions,Main
2/12/2008,47,,2008,Mega Millions,Main
2/12/2008,50,,2008,Mega Millions,Main
2/12/2008,12,,2008,Mega Millions,Mega_Ball
2/15/2008,7,,2008,Mega Millions,Main
2/15/2008,11,,2008,Mega Millions,Main
2/15/2008,26,,2008,Mega Millions,Main
2/15/2008,30,,2008,Mega Millions,Main
2/15/2008,53,,2008,Mega Millions,Main
2/15/2008,14,,2008,Mega Millions,Mega_Ball
2/19/2008,1,,2008,Mega Millions,Main
2/19/2008,38,,2008,Mega Millions,Main
2/19/2008,42,,2008,Mega Millions,Main
2/19/2008,55,,2008,Mega Millions,Main
2/19/2008,56,,2008,Mega Millions,Main
2/19/2008,34,,2008,Mega Millions,Mega_Ball
2/22/2008,7,,2008,Mega Millions,Main
2/22/2008,12,,2008,Mega Millions,Main
2/22/2008,13,,2008,Mega Millions,Main
2/22/2008,19,,2008,Mega Millions,Main
2/22/2008,22,,2008,Mega Millions,Main
2/22/2008,10,,2008,Mega Millions,Mega_Ball
2/26/2008,9,,2008,Mega Millions,Main
2/26/2008,12,,2008,Mega Millions,Main
2/26/2008,30,,2008,Mega Millions,Main
2/26/2008,36,,2008,Mega Millions,Main
2/26/2008,55,,2008,Mega Millions,Main
2/26/2008,15,,2008,Mega Millions,Mega_Ball
2/29/2008,5,,2008,Mega Millions,Main
2/29/2008,17,,2008,Mega Millions,Main
2/29/2008,22,,2008,Mega Millions,Main
2/29/2008,26,,2008,Mega Millions,Main
2/29/2008,55,,2008,Mega Millions,Main
2/29/2008,38,,2008,Mega Millions,Mega_Ball
3/4/2008,7,,2008,Mega Millions,Main
3/4/2008,15,,2008,Mega Millions,Main
3/4/2008,30,,2008,Mega Millions,Main
3/4/2008,33,,2008,Mega Millions,Main
3/4/2008,56,,2008,Mega Millions,Main
3/4/2008,22,,2008,Mega Millions,Mega_Ball
3/7/2008,19,,2008,Mega Millions,Main
3/7/2008,32,,2008,Mega Millions,Main
3/7/2008,33,,2008,Mega Millions,Main
3/7/2008,41,,2008,Mega Millions,Main
3/7/2008,48,,2008,Mega Millions,Main
3/7/2008,12,,2008,Mega Millions,Mega_Ball
3/11/2008,4,,2008,Mega Millions,Main
3/11/2008,13,,2008,Mega Millions,Main
3/11/2008,35,,2008,Mega Millions,Main
3/11/2008,41,,2008,Mega Millions,Main
3/11/2008,47,,2008,Mega Millions,Main
3/11/2008,44,,2008,Mega Millions,Mega_Ball
3/14/2008,3,,2008,Mega Millions,Main
3/14/2008,12,,2008,Mega Millions,Main
3/14/2008,18,,2008,Mega Millions,Main
3/14/2008,25,,2008,Mega Millions,Main
3/14/2008,52,,2008,Mega Millions,Main
3/14/2008,21,,2008,Mega Millions,Mega_Ball
3/18/2008,13,,2008,Mega Millions,Main
3/18/2008,15,,2008,Mega Millions,Main
3/18/2008,20,,2008,Mega Millions,Main
3/18/2008,25,,2008,Mega Millions,Main
3/18/2008,44,,2008,Mega Millions,Main
3/18/2008,37,,2008,Mega Millions,Mega_Ball
3/21/2008,5,,2008,Mega Millions,Main
3/21/2008,8,,2008,Mega Millions,Main
3/21/2008,17,,2008,Mega Millions,Main
3/21/2008,19,,2008,Mega Millions,Main
3/21/2008,41,,2008,Mega Millions,Main
3/21/2008,21,,2008,Mega Millions,Mega_Ball
3/25/2008,38,,2008,Mega Millions,Main
3/25/2008,42,,2008,Mega Millions,Main
3/25/2008,43,,2008,Mega Millions,Main
3/25/2008,48,,2008,Mega Millions,Main
3/25/2008,53,,2008,Mega Millions,Main
3/25/2008,12,,2008,Mega Millions,Mega_Ball
3/28/2008,7,,2008,Mega Millions,Main
3/28/2008,26,,2008,Mega Millions,Main
3/28/2008,27,,2008,Mega Millions,Main
3/28/2008,40,,2008,Mega Millions,Main
3/28/2008,43,,2008,Mega Millions,Main
3/28/2008,10,,2008,Mega Millions,Mega_Ball
4/1/2008,4,,2008,Mega Millions,Main
4/1/2008,17,,2008,Mega Millions,Main
4/1/2008,26,,2008,Mega Millions,Main
4/1/2008,46,,2008,Mega Millions,Main
4/1/2008,56,,2008,Mega Millions,Main
4/1/2008,25,,2008,Mega Millions,Mega_Ball
4/4/2008,3,,2008,Mega Millions,Main
4/4/2008,5,,2008,Mega Millions,Main
4/4/2008,40,,2008,Mega Millions,Main
4/4/2008,45,,2008,Mega Millions,Main
4/4/2008,49,,2008,Mega Millions,Main
4/4/2008,17,,2008,Mega Millions,Mega_Ball
4/8/2008,8,,2008,Mega Millions,Main
4/8/2008,9,,2008,Mega Millions,Main
4/8/2008,31,,2008,Mega Millions,Main
4/8/2008,37,,2008,Mega Millions,Main
4/8/2008,44,,2008,Mega Millions,Main
4/8/2008,38,,2008,Mega Millions,Mega_Ball
4/11/2008,14,,2008,Mega Millions,Main
4/11/2008,18,,2008,Mega Millions,Main
4/11/2008,27,,2008,Mega Millions,Main
4/11/2008,31,,2008,Mega Millions,Main
4/11/2008,42,,2008,Mega Millions,Main
4/11/2008,7,,2008,Mega Millions,Mega_Ball
4/15/2008,12,,2008,Mega Millions,Main
4/15/2008,13,,2008,Mega Millions,Main
4/15/2008,27,,2008,Mega Millions,Main
4/15/2008,48,,2008,Mega Millions,Main
4/15/2008,50,,2008,Mega Millions,Main
4/15/2008,30,,2008,Mega Millions,Mega_Ball
4/18/2008,24,,2008,Mega Millions,Main
4/18/2008,28,,2008,Mega Millions,Main
4/18/2008,36,,2008,Mega Millions,Main
4/18/2008,50,,2008,Mega Millions,Main
4/18/2008,53,,2008,Mega Millions,Main
4/18/2008,29,,2008,Mega Millions,Mega_Ball
4/22/2008,3,,2008,Mega Millions,Main
4/22/2008,22,,2008,Mega Millions,Main
4/22/2008,31,,2008,Mega Millions,Main
4/22/2008,48,,2008,Mega Millions,Main
4/22/2008,54,,2008,Mega Millions,Main
4/22/2008,9,,2008,Mega Millions,Mega_Ball
4/25/2008,19,,2008,Mega Millions,Main
4/25/2008,32,,2008,Mega Millions,Main
4/25/2008,37,,2008,Mega Millions,Main
4/25/2008,45,,2008,Mega Millions,Main
4/25/2008,52,,2008,Mega Millions,Main
4/25/2008,41,,2008,Mega Millions,Mega_Ball
4/29/2008,19,,2008,Mega Millions,Main
4/29/2008,24,,2008,Mega Millions,Main
4/29/2008,35,,2008,Mega Millions,Main
4/29/2008,44,,2008,Mega Millions,Main
4/29/2008,51,,2008,Mega Millions,Main
4/29/2008,26,,2008,Mega Millions,Mega_Ball
5/2/2008,8,,2008,Mega Millions,Main
5/2/2008,28,,2008,Mega Millions,Main
5/2/2008,37,,2008,Mega Millions,Main
5/2/2008,53,,2008,Mega Millions,Main
5/2/2008,55,,2008,Mega Millions,Main
5/2/2008,26,,2008,Mega Millions,Mega_Ball
5/6/2008,4,,2008,Mega Millions,Main
5/6/2008,21,,2008,Mega Millions,Main
5/6/2008,46,,2008,Mega Millions,Main
5/6/2008,53,,2008,Mega Millions,Main
5/6/2008,54,,2008,Mega Millions,Main
5/6/2008,26,,2008,Mega Millions,Mega_Ball
5/9/2008,16,,2008,Mega Millions,Main
5/9/2008,31,,2008,Mega Millions,Main
5/9/2008,43,,2008,Mega Millions,Main
5/9/2008,46,,2008,Mega Millions,Main
5/9/2008,56,,2008,Mega Millions,Main
5/9/2008,22,,2008,Mega Millions,Mega_Ball
5/13/2008,20,,2008,Mega Millions,Main
5/13/2008,24,,2008,Mega Millions,Main
5/13/2008,27,,2008,Mega Millions,Main
5/13/2008,31,,2008,Mega Millions,Main
5/13/2008,47,,2008,Mega Millions,Main
5/13/2008,15,,2008,Mega Millions,Mega_Ball
5/16/2008,6,,2008,Mega Millions,Main
5/16/2008,11,,2008,Mega Millions,Main
5/16/2008,39,,2008,Mega Millions,Main
5/16/2008,46,,2008,Mega Millions,Main
5/16/2008,47,,2008,Mega Millions,Main
5/16/2008,26,,2008,Mega Millions,Mega_Ball
5/20/2008,2,,2008,Mega Millions,Main
5/20/2008,14,,2008,Mega Millions,Main
5/20/2008,26,,2008,Mega Millions,Main
5/20/2008,32,,2008,Mega Millions,Main
5/20/2008,41,,2008,Mega Millions,Main
5/20/2008,32,,2008,Mega Millions,Mega_Ball
5/23/2008,4,,2008,Mega Millions,Main
5/23/2008,8,,2008,Mega Millions,Main
5/23/2008,11,,2008,Mega Millions,Main
5/23/2008,22,,2008,Mega Millions,Main
5/23/2008,30,,2008,Mega Millions,Main
5/23/2008,4,,2008,Mega Millions,Mega_Ball
5/27/2008,14,,2008,Mega Millions,Main
5/27/2008,24,,2008,Mega Millions,Main
5/27/2008,32,,2008,Mega Millions,Main
5/27/2008,45,,2008,Mega Millions,Main
5/27/2008,49,,2008,Mega Millions,Main
5/27/2008,17,,2008,Mega Millions,Mega_Ball
5/30/2008,39,,2008,Mega Millions,Main
5/30/2008,40,,2008,Mega Millions,Main
5/30/2008,47,,2008,Mega Millions,Main
5/30/2008,53,,2008,Mega Millions,Main
5/30/2008,55,,2008,Mega Millions,Main
5/30/2008,32,,2008,Mega Millions,Mega_Ball
6/3/2008,4,,2008,Mega Millions,Main
6/3/2008,19,,2008,Mega Millions,Main
6/3/2008,24,,2008,Mega Millions,Main
6/3/2008,32,,2008,Mega Millions,Main
6/3/2008,54,,2008,Mega Millions,Main
6/3/2008,5,,2008,Mega Millions,Mega_Ball
6/6/2008,8,,2008,Mega Millions,Main
6/6/2008,9,,2008,Mega Millions,Main
6/6/2008,43,,2008,Mega Millions,Main
6/6/2008,44,,2008,Mega Millions,Main
6/6/2008,54,,2008,Mega Millions,Main
6/6/2008,27,,2008,Mega Millions,Mega_Ball
6/10/2008,3,,2008,Mega Millions,Main
6/10/2008,5,,2008,Mega Millions,Main
6/10/2008,15,,2008,Mega Millions,Main
6/10/2008,43,,2008,Mega Millions,Main
6/10/2008,51,,2008,Mega Millions,Main
6/10/2008,11,,2008,Mega Millions,Mega_Ball
6/13/2008,8,,2008,Mega Millions,Main
6/13/2008,9,,2008,Mega Millions,Main
6/13/2008,14,,2008,Mega Millions,Main
6/13/2008,38,,2008,Mega Millions,Main
6/13/2008,44,,2008,Mega Millions,Main
6/13/2008,36,,2008,Mega Millions,Mega_Ball
6/17/2008,5,,2008,Mega Millions,Main
6/17/2008,14,,2008,Mega Millions,Main
6/17/2008,25,,2008,Mega Millions,Main
6/17/2008,47,,2008,Mega Millions,Main
6/17/2008,49,,2008,Mega Millions,Main
6/17/2008,36,,2008,Mega Millions,Mega_Ball
6/20/2008,11,,2008,Mega Millions,Main
6/20/2008,17,,2008,Mega Millions,Main
6/20/2008,25,,2008,Mega Millions,Main
6/20/2008,36,,2008,Mega Millions,Main
6/20/2008,42,,2008,Mega Millions,Main
6/20/2008,13,,2008,Mega Millions,Mega_Ball
6/24/2008,10,,2008,Mega Millions,Main
6/24/2008,22,,2008,Mega Millions,Main
6/24/2008,36,,2008,Mega Millions,Main
6/24/2008,50,,2008,Mega Millions,Main
6/24/2008,53,,2008,Mega Millions,Main
6/24/2008,39,,2008,Mega Millions,Mega_Ball
6/27/2008,8,,2008,Mega Millions,Main
6/27/2008,14,,2008,Mega Millions,Main
6/27/2008,22,,2008,Mega Millions,Main
6/27/2008,39,,2008,Mega Millions,Main
6/27/2008,50,,2008,Mega Millions,Main
6/27/2008,44,,2008,Mega Millions,Mega_Ball
7/1/2008,1,,2008,Mega Millions,Main
7/1/2008,22,,2008,Mega Millions,Main
7/1/2008,33,,2008,Mega Millions,Main
7/1/2008,43,,2008,Mega Millions,Main
7/1/2008,52,,2008,Mega Millions,Main
7/1/2008,36,,2008,Mega Millions,Mega_Ball
7/4/2008,1,,2008,Mega Millions,Main
7/4/2008,3,,2008,Mega Millions,Main
7/4/2008,12,,2008,Mega Millions,Main
7/4/2008,19,,2008,Mega Millions,Main
7/4/2008,20,,2008,Mega Millions,Main
7/4/2008,28,,2008,Mega Millions,Mega_Ball
7/8/2008,1,,2008,Mega Millions,Main
7/8/2008,20,,2008,Mega Millions,Main
7/8/2008,22,,2008,Mega Millions,Main
7/8/2008,29,,2008,Mega Millions,Main
7/8/2008,41,,2008,Mega Millions,Main
7/8/2008,35,,2008,Mega Millions,Mega_Ball
7/11/2008,5,,2008,Mega Millions,Main
7/11/2008,14,,2008,Mega Millions,Main
7/11/2008,16,,2008,Mega Millions,Main
7/11/2008,39,,2008,Mega Millions,Main
7/11/2008,51,,2008,Mega Millions,Main
7/11/2008,34,,2008,Mega Millions,Mega_Ball
7/15/2008,19,,2008,Mega Millions,Main
7/15/2008,24,,2008,Mega Millions,Main
7/15/2008,34,,2008,Mega Millions,Main
7/15/2008,45,,2008,Mega Millions,Main
7/15/2008,51,,2008,Mega Millions,Main
7/15/2008,40,,2008,Mega Millions,Mega_Ball
7/18/2008,17,,2008,Mega Millions,Main
7/18/2008,29,,2008,Mega Millions,Main
7/18/2008,36,,2008,Mega Millions,Main
7/18/2008,53,,2008,Mega Millions,Main
7/18/2008,55,,2008,Mega Millions,Main
7/18/2008,26,,2008,Mega Millions,Mega_Ball
7/22/2008,2,,2008,Mega Millions,Main
7/22/2008,16,,2008,Mega Millions,Main
7/22/2008,23,,2008,Mega Millions,Main
7/22/2008,29,,2008,Mega Millions,Main
7/22/2008,32,,2008,Mega Millions,Main
7/22/2008,46,,2008,Mega Millions,Mega_Ball
7/25/2008,2,,2008,Mega Millions,Main
7/25/2008,16,,2008,Mega Millions,Main
7/25/2008,19,,2008,Mega Millions,Main
7/25/2008,35,,2008,Mega Millions,Main
7/25/2008,52,,2008,Mega Millions,Main
7/25/2008,17,,2008,Mega Millions,Mega_Ball
7/29/2008,11,,2008,Mega Millions,Main
7/29/2008,13,,2008,Mega Millions,Main
7/29/2008,20,,2008,Mega Millions,Main
7/29/2008,30,,2008,Mega Millions,Main
7/29/2008,42,,2008,Mega Millions,Main
7/29/2008,3,,2008,Mega Millions,Mega_Ball
8/1/2008,9,,2008,Mega Millions,Main
8/1/2008,13,,2008,Mega Millions,Main
8/1/2008,17,,2008,Mega Millions,Main
8/1/2008,18,,2008,Mega Millions,Main
8/1/2008,56,,2008,Mega Millions,Main
8/1/2008,2,,2008,Mega Millions,Mega_Ball
8/5/2008,9,,2008,Mega Millions,Main
8/5/2008,21,,2008,Mega Millions,Main
8/5/2008,36,,2008,Mega Millions,Main
8/5/2008,38,,2008,Mega Millions,Main
8/5/2008,55,,2008,Mega Millions,Main
8/5/2008,13,,2008,Mega Millions,Mega_Ball
8/8/2008,11,,2008,Mega Millions,Main
8/8/2008,17,,2008,Mega Millions,Main
8/8/2008,28,,2008,Mega Millions,Main
8/8/2008,32,,2008,Mega Millions,Main
8/8/2008,50,,2008,Mega Millions,Main
8/8/2008,33,,2008,Mega Millions,Mega_Ball
8/12/2008,2,,2008,Mega Millions,Main
8/12/2008,7,,2008,Mega Millions,Main
8/12/2008,23,,2008,Mega Millions,Main
8/12/2008,38,,2008,Mega Millions,Main
8/12/2008,40,,2008,Mega Millions,Main
8/12/2008,40,,2008,Mega Millions,Mega_Ball
8/15/2008,8,,2008,Mega Millions,Main
8/15/2008,23,,2008,Mega Millions,Main
8/15/2008,29,,2008,Mega Millions,Main
8/15/2008,30,,2008,Mega Millions,Main
8/15/2008,53,,2008,Mega Millions,Main
8/15/2008,7,,2008,Mega Millions,Mega_Ball
8/19/2008,9,,2008,Mega Millions,Main
8/19/2008,18,,2008,Mega Millions,Main
8/19/2008,19,,2008,Mega Millions,Main
8/19/2008,26,,2008,Mega Millions,Main
8/19/2008,40,,2008,Mega Millions,Main
8/19/2008,38,,2008,Mega Millions,Mega_Ball
8/22/2008,12,,2008,Mega Millions,Main
8/22/2008,13,,2008,Mega Millions,Main
8/22/2008,15,,2008,Mega Millions,Main
8/22/2008,41,,2008,Mega Millions,Main
8/22/2008,42,,2008,Mega Millions,Main
8/22/2008,37,,2008,Mega Millions,Mega_Ball
8/26/2008,6,,2008,Mega Millions,Main
8/26/2008,16,,2008,Mega Millions,Main
8/26/2008,24,,2008,Mega Millions,Main
8/26/2008,34,,2008,Mega Millions,Main
8/26/2008,36,,2008,Mega Millions,Main
8/26/2008,30,,2008,Mega Millions,Mega_Ball
8/29/2008,21,,2008,Mega Millions,Main
8/29/2008,25,,2008,Mega Millions,Main
8/29/2008,26,,2008,Mega Millions,Main
8/29/2008,50,,2008,Mega Millions,Main
8/29/2008,51,,2008,Mega Millions,Main
8/29/2008,22,,2008,Mega Millions,Mega_Ball
9/2/2008,14,,2008,Mega Millions,Main
9/2/2008,23,,2008,Mega Millions,Main
9/2/2008,43,,2008,Mega Millions,Main
9/2/2008,44,,2008,Mega Millions,Main
9/2/2008,54,,2008,Mega Millions,Main
9/2/2008,39,,2008,Mega Millions,Mega_Ball
9/5/2008,1,,2008,Mega Millions,Main
9/5/2008,6,,2008,Mega Millions,Main
9/5/2008,15,,2008,Mega Millions,Main
9/5/2008,27,,2008,Mega Millions,Main
9/5/2008,46,,2008,Mega Millions,Main
9/5/2008,39,,2008,Mega Millions,Mega_Ball
9/9/2008,22,,2008,Mega Millions,Main
9/9/2008,23,,2008,Mega Millions,Main
9/9/2008,28,,2008,Mega Millions,Main
9/9/2008,49,,2008,Mega Millions,Main
9/9/2008,52,,2008,Mega Millions,Main
9/9/2008,2,,2008,Mega Millions,Mega_Ball
9/12/2008,1,,2008,Mega Millions,Main
9/12/2008,12,,2008,Mega Millions,Main
9/12/2008,14,,2008,Mega Millions,Main
9/12/2008,25,,2008,Mega Millions,Main
9/12/2008,35,,2008,Mega Millions,Main
9/12/2008,38,,2008,Mega Millions,Mega_Ball
9/16/2008,13,,2008,Mega Millions,Main
9/16/2008,24,,2008,Mega Millions,Main
9/16/2008,39,,2008,Mega Millions,Main
9/16/2008,51,,2008,Mega Millions,Main
9/16/2008,52,,2008,Mega Millions,Main
9/16/2008,44,,2008,Mega Millions,Mega_Ball
9/19/2008,2,,2008,Mega Millions,Main
9/19/2008,9,,2008,Mega Millions,Main
9/19/2008,41,,2008,Mega Millions,Main
9/19/2008,48,,2008,Mega Millions,Main
9/19/2008,51,,2008,Mega Millions,Main
9/19/2008,37,,2008,Mega Millions,Mega_Ball
9/23/2008,9,,2008,Mega Millions,Main
9/23/2008,32,,2008,Mega Millions,Main
9/23/2008,34,,2008,Mega Millions,Main
9/23/2008,43,,2008,Mega Millions,Main
9/23/2008,52,,2008,Mega Millions,Main
9/23/2008,4,,2008,Mega Millions,Mega_Ball
9/26/2008,6,,2008,Mega Millions,Main
9/26/2008,13,,2008,Mega Millions,Main
9/26/2008,14,,2008,Mega Millions,Main
9/26/2008,31,,2008,Mega Millions,Main
9/26/2008,36,,2008,Mega Millions,Main
9/26/2008,36,,2008,Mega Millions,Mega_Ball
9/30/2008,9,,2008,Mega Millions,Main
9/30/2008,30,,2008,Mega Millions,Main
9/30/2008,35,,2008,Mega Millions,Main
9/30/2008,39,,2008,Mega Millions,Main
9/30/2008,49,,2008,Mega Millions,Main
9/30/2008,36,,2008,Mega Millions,Mega_Ball
10/3/2008,13,,2008,Mega Millions,Main
10/3/2008,28,,2008,Mega Millions,Main
10/3/2008,32,,2008,Mega Millions,Main
10/3/2008,41,,2008,Mega Millions,Main
10/3/2008,52,,2008,Mega Millions,Main
10/3/2008,16,,2008,Mega Millions,Mega_Ball
10/7/2008,2,,2008,Mega Millions,Main
10/7/2008,25,,2008,Mega Millions,Main
10/7/2008,35,,2008,Mega Millions,Main
10/7/2008,38,,2008,Mega Millions,Main
10/7/2008,42,,2008,Mega Millions,Main
10/7/2008,34,,2008,Mega Millions,Mega_Ball
10/10/2008,14,,2008,Mega Millions,Main
10/10/2008,15,,2008,Mega Millions,Main
10/10/2008,43,,2008,Mega Millions,Main
10/10/2008,46,,2008,Mega Millions,Main
10/10/2008,48,,2008,Mega Millions,Main
10/10/2008,21,,2008,Mega Millions,Mega_Ball
10/14/2008,14,,2008,Mega Millions,Main
10/14/2008,35,,2008,Mega Millions,Main
10/14/2008,41,,2008,Mega Millions,Main
10/14/2008,42,,2008,Mega Millions,Main
10/14/2008,51,,2008,Mega Millions,Main
10/14/2008,23,,2008,Mega Millions,Mega_Ball
10/17/2008,7,,2008,Mega Millions,Main
10/17/2008,15,,2008,Mega Millions,Main
10/17/2008,27,,2008,Mega Millions,Main
10/17/2008,28,,2008,Mega Millions,Main
10/17/2008,31,,2008,Mega Millions,Main
10/17/2008,35,,2008,Mega Millions,Mega_Ball
10/21/2008,16,,2008,Mega Millions,Main
10/21/2008,19,,2008,Mega Millions,Main
10/21/2008,39,,2008,Mega Millions,Main
10/21/2008,42,,2008,Mega Millions,Main
10/21/2008,44,,2008,Mega Millions,Main
10/21/2008,38,,2008,Mega Millions,Mega_Ball
10/24/2008,5,,2008,Mega Millions,Main
10/24/2008,33,,2008,Mega Millions,Main
10/24/2008,34,,2008,Mega Millions,Main
10/24/2008,47,,2008,Mega Millions,Main
10/24/2008,52,,2008,Mega Millions,Main
10/24/2008,18,,2008,Mega Millions,Mega_Ball
10/28/2008,6,,2008,Mega Millions,Main
10/28/2008,39,,2008,Mega Millions,Main
10/28/2008,45,,2008,Mega Millions,Main
10/28/2008,46,,2008,Mega Millions,Main
10/28/2008,48,,2008,Mega Millions,Main
10/28/2008,36,,2008,Mega Millions,Mega_Ball
10/31/2008,2,,2008,Mega Millions,Main
10/31/2008,7,,2008,Mega Millions,Main
10/31/2008,17,,2008,Mega Millions,Main
10/31/2008,29,,2008,Mega Millions,Main
10/31/2008,47,,2008,Mega Millions,Main
10/31/2008,40,,2008,Mega Millions,Mega_Ball
11/4/2008,10,,2008,Mega Millions,Main
11/4/2008,21,,2008,Mega Millions,Main
11/4/2008,23,,2008,Mega Millions,Main
11/4/2008,41,,2008,Mega Millions,Main
11/4/2008,55,,2008,Mega Millions,Main
11/4/2008,9,,2008,Mega Millions,Mega_Ball
11/7/2008,14,,2008,Mega Millions,Main
11/7/2008,24,,2008,Mega Millions,Main
11/7/2008,32,,2008,Mega Millions,Main
11/7/2008,43,,2008,Mega Millions,Main
11/7/2008,44,,2008,Mega Millions,Main
11/7/2008,21,,2008,Mega Millions,Mega_Ball
11/11/2008,5,,2008,Mega Millions,Main
11/11/2008,27,,2008,Mega Millions,Main
11/11/2008,38,,2008,Mega Millions,Main
11/11/2008,42,,2008,Mega Millions,Main
11/11/2008,55,,2008,Mega Millions,Main
11/11/2008,41,,2008,Mega Millions,Mega_Ball
11/14/2008,3,,2008,Mega Millions,Main
11/14/2008,18,,2008,Mega Millions,Main
11/14/2008,19,,2008,Mega Millions,Main
11/14/2008,30,,2008,Mega Millions,Main
11/14/2008,34,,2008,Mega Millions,Main
11/14/2008,3,,2008,Mega Millions,Mega_Ball
11/18/2008,10,,2008,Mega Millions,Main
11/18/2008,15,,2008,Mega Millions,Main
11/18/2008,22,,2008,Mega Millions,Main
11/18/2008,52,,2008,Mega Millions,Main
11/18/2008,53,,2008,Mega Millions,Main
11/18/2008,12,,2008,Mega Millions,Mega_Ball
11/21/2008,1,,2008,Mega Millions,Main
11/21/2008,22,,2008,Mega Millions,Main
11/21/2008,52,,2008,Mega Millions,Main
11/21/2008,53,,2008,Mega Millions,Main
11/21/2008,56,,2008,Mega Millions,Main
11/21/2008,45,,2008,Mega Millions,Mega_Ball
11/25/2008,2,,2008,Mega Millions,Main
11/25/2008,11,,2008,Mega Millions,Main
11/25/2008,22,,2008,Mega Millions,Main
11/25/2008,51,,2008,Mega Millions,Main
11/25/2008,52,,2008,Mega Millions,Main
11/25/2008,46,,2008,Mega Millions,Mega_Ball
11/28/2008,10,,2008,Mega Millions,Main
11/28/2008,30,,2008,Mega Millions,Main
11/28/2008,44,,2008,Mega Millions,Main
11/28/2008,46,,2008,Mega Millions,Main
11/28/2008,48,,2008,Mega Millions,Main
11/28/2008,44,,2008,Mega Millions,Mega_Ball
12/2/2008,2,,2008,Mega Millions,Main
12/2/2008,17,,2008,Mega Millions,Main
12/2/2008,22,,2008,Mega Millions,Main
12/2/2008,32,,2008,Mega Millions,Main
12/2/2008,51,,2008,Mega Millions,Main
12/2/2008,35,,2008,Mega Millions,Mega_Ball
12/5/2008,21,,2008,Mega Millions,Main
12/5/2008,27,,2008,Mega Millions,Main
12/5/2008,46,,2008,Mega Millions,Main
12/5/2008,52,,2008,Mega Millions,Main
12/5/2008,55,,2008,Mega Millions,Main
12/5/2008,14,,2008,Mega Millions,Mega_Ball
12/9/2008,11,,2008,Mega Millions,Main
12/9/2008,12,,2008,Mega Millions,Main
12/9/2008,26,,2008,Mega Millions,Main
12/9/2008,31,,2008,Mega Millions,Main
12/9/2008,33,,2008,Mega Millions,Main
12/9/2008,27,,2008,Mega Millions,Mega_Ball
12/12/2008,10,,2008,Mega Millions,Main
12/12/2008,16,,2008,Mega Millions,Main
12/12/2008,19,,2008,Mega Millions,Main
12/12/2008,27,,2008,Mega Millions,Main
12/12/2008,48,,2008,Mega Millions,Main
12/12/2008,25,,2008,Mega Millions,Mega_Ball
12/16/2008,10,,2008,Mega Millions,Main
12/16/2008,14,,2008,Mega Millions,Main
12/16/2008,16,,2008,Mega Millions,Main
12/16/2008,29,,2008,Mega Millions,Main
12/16/2008,40,,2008,Mega Millions,Main
12/16/2008,6,,2008,Mega Millions,Mega_Ball
12/19/2008,3,,2008,Mega Millions,Main
12/19/2008,13,,2008,Mega Millions,Main
12/19/2008,16,,2008,Mega Millions,Main
12/19/2008,39,,2008,Mega Millions,Main
12/19/2008,54,,2008,Mega Millions,Main
12/19/2008,32,,2008,Mega Millions,Mega_Ball
12/23/2008,1,,2008,Mega Millions,Main
12/23/2008,8,,2008,Mega Millions,Main
12/23/2008,13,,2008,Mega Millions,Main
12/23/2008,27,,2008,Mega Millions,Main
12/23/2008,41,,2008,Mega Millions,Main
12/23/2008,45,,2008,Mega Millions,Mega_Ball
12/26/2008,6,,2008,Mega Millions,Main
12/26/2008,19,,2008,Mega Millions,Main
12/26/2008,29,,2008,Mega Millions,Main
12/26/2008,33,,2008,Mega Millions,Main
12/26/2008,37,,2008,Mega Millions,Main
12/26/2008,31,,2008,Mega Millions,Mega_Ball
12/30/2008,1,,2008,Mega Millions,Main
12/30/2008,22,,2008,Mega Millions,Main
12/30/2008,29,,2008,Mega Millions,Main
12/30/2008,44,,2008,Mega Millions,Main
12/30/2008,52,,2008,Mega Millions,Main
12/30/2008,39,,2008,Mega Millions,Mega_Ball
1/2/2009,2,,2009,Mega Millions,Main
1/2/2009,11,,2009,Mega Millions,Main
1/2/2009,19,,2009,Mega Millions,Main
1/2/2009,21,,2009,Mega Millions,Main
1/2/2009,34,,2009,Mega Millions,Main
1/2/2009,38,,2009,Mega Millions,Mega_Ball
1/6/2009,3,,2009,Mega Millions,Main
1/6/2009,11,,2009,Mega Millions,Main
1/6/2009,12,,2009,Mega Millions,Main
1/6/2009,19,,2009,Mega Millions,Main
1/6/2009,33,,2009,Mega Millions,Main
1/6/2009,30,,2009,Mega Millions,Mega_Ball
1/9/2009,23,,2009,Mega Millions,Main
1/9/2009,25,,2009,Mega Millions,Main
1/9/2009,30,,2009,Mega Millions,Main
1/9/2009,45,,2009,Mega Millions,Main
1/9/2009,50,,2009,Mega Millions,Main
1/9/2009,8,,2009,Mega Millions,Mega_Ball
1/13/2009,22,,2009,Mega Millions,Main
1/13/2009,25,,2009,Mega Millions,Main
1/13/2009,33,,2009,Mega Millions,Main
1/13/2009,36,,2009,Mega Millions,Main
1/13/2009,48,,2009,Mega Millions,Main
1/13/2009,40,,2009,Mega Millions,Mega_Ball
1/16/2009,2,,2009,Mega Millions,Main
1/16/2009,4,,2009,Mega Millions,Main
1/16/2009,21,,2009,Mega Millions,Main
1/16/2009,39,,2009,Mega Millions,Main
1/16/2009,51,,2009,Mega Millions,Main
1/16/2009,29,,2009,Mega Millions,Mega_Ball
1/20/2009,1,,2009,Mega Millions,Main
1/20/2009,9,,2009,Mega Millions,Main
1/20/2009,10,,2009,Mega Millions,Main
1/20/2009,35,,2009,Mega Millions,Main
1/20/2009,46,,2009,Mega Millions,Main
1/20/2009,9,,2009,Mega Millions,Mega_Ball
1/23/2009,2,,2009,Mega Millions,Main
1/23/2009,17,,2009,Mega Millions,Main
1/23/2009,20,,2009,Mega Millions,Main
1/23/2009,27,,2009,Mega Millions,Main
1/23/2009,28,,2009,Mega Millions,Main
1/23/2009,7,,2009,Mega Millions,Mega_Ball
1/27/2009,3,,2009,Mega Millions,Main
1/27/2009,11,,2009,Mega Millions,Main
1/27/2009,12,,2009,Mega Millions,Main
1/27/2009,14,,2009,Mega Millions,Main
1/27/2009,21,,2009,Mega Millions,Main
1/27/2009,25,,2009,Mega Millions,Mega_Ball
1/30/2009,13,,2009,Mega Millions,Main
1/30/2009,16,,2009,Mega Millions,Main
1/30/2009,19,,2009,Mega Millions,Main
1/30/2009,53,,2009,Mega Millions,Main
1/30/2009,55,,2009,Mega Millions,Main
1/30/2009,2,,2009,Mega Millions,Mega_Ball
2/3/2009,4,,2009,Mega Millions,Main
2/3/2009,15,,2009,Mega Millions,Main
2/3/2009,29,,2009,Mega Millions,Main
2/3/2009,43,,2009,Mega Millions,Main
2/3/2009,56,,2009,Mega Millions,Main
2/3/2009,29,,2009,Mega Millions,Mega_Ball
2/6/2009,2,,2009,Mega Millions,Main
2/6/2009,12,,2009,Mega Millions,Main
2/6/2009,18,,2009,Mega Millions,Main
2/6/2009,28,,2009,Mega Millions,Main
2/6/2009,31,,2009,Mega Millions,Main
2/6/2009,3,,2009,Mega Millions,Mega_Ball
2/10/2009,18,,2009,Mega Millions,Main
2/10/2009,29,,2009,Mega Millions,Main
2/10/2009,38,,2009,Mega Millions,Main
2/10/2009,43,,2009,Mega Millions,Main
2/10/2009,47,,2009,Mega Millions,Main
2/10/2009,7,,2009,Mega Millions,Mega_Ball
2/13/2009,25,,2009,Mega Millions,Main
2/13/2009,36,,2009,Mega Millions,Main
2/13/2009,37,,2009,Mega Millions,Main
2/13/2009,40,,2009,Mega Millions,Main
2/13/2009,51,,2009,Mega Millions,Main
2/13/2009,20,,2009,Mega Millions,Mega_Ball
2/17/2009,1,,2009,Mega Millions,Main
2/17/2009,9,,2009,Mega Millions,Main
2/17/2009,23,,2009,Mega Millions,Main
2/17/2009,27,,2009,Mega Millions,Main
2/17/2009,33,,2009,Mega Millions,Main
2/17/2009,24,,2009,Mega Millions,Mega_Ball
2/20/2009,21,,2009,Mega Millions,Main
2/20/2009,28,,2009,Mega Millions,Main
2/20/2009,41,,2009,Mega Millions,Main
2/20/2009,45,,2009,Mega Millions,Main
2/20/2009,55,,2009,Mega Millions,Main
2/20/2009,24,,2009,Mega Millions,Mega_Ball
2/24/2009,1,,2009,Mega Millions,Main
2/24/2009,27,,2009,Mega Millions,Main
2/24/2009,28,,2009,Mega Millions,Main
2/24/2009,35,,2009,Mega Millions,Main
2/24/2009,40,,2009,Mega Millions,Main
2/24/2009,6,,2009,Mega Millions,Mega_Ball
2/27/2009,24,,2009,Mega Millions,Main
2/27/2009,37,,2009,Mega Millions,Main
2/27/2009,44,,2009,Mega Millions,Main
2/27/2009,50,,2009,Mega Millions,Main
2/27/2009,56,,2009,Mega Millions,Main
2/27/2009,35,,2009,Mega Millions,Mega_Ball
3/3/2009,26,,2009,Mega Millions,Main
3/3/2009,32,,2009,Mega Millions,Main
3/3/2009,35,,2009,Mega Millions,Main
3/3/2009,43,,2009,Mega Millions,Main
3/3/2009,52,,2009,Mega Millions,Main
3/3/2009,10,,2009,Mega Millions,Mega_Ball
3/6/2009,11,,2009,Mega Millions,Main
3/6/2009,18,,2009,Mega Millions,Main
3/6/2009,37,,2009,Mega Millions,Main
3/6/2009,46,,2009,Mega Millions,Main
3/6/2009,55,,2009,Mega Millions,Main
3/6/2009,45,,2009,Mega Millions,Mega_Ball
3/10/2009,2,,2009,Mega Millions,Main
3/10/2009,27,,2009,Mega Millions,Main
3/10/2009,31,,2009,Mega Millions,Main
3/10/2009,39,,2009,Mega Millions,Main
3/10/2009,40,,2009,Mega Millions,Main
3/10/2009,23,,2009,Mega Millions,Mega_Ball
3/13/2009,10,,2009,Mega Millions,Main
3/13/2009,12,,2009,Mega Millions,Main
3/13/2009,26,,2009,Mega Millions,Main
3/13/2009,46,,2009,Mega Millions,Main
3/13/2009,50,,2009,Mega Millions,Main
3/13/2009,23,,2009,Mega Millions,Mega_Ball
3/17/2009,9,,2009,Mega Millions,Main
3/17/2009,15,,2009,Mega Millions,Main
3/17/2009,24,,2009,Mega Millions,Main
3/17/2009,28,,2009,Mega Millions,Main
3/17/2009,31,,2009,Mega Millions,Main
3/17/2009,17,,2009,Mega Millions,Mega_Ball
3/20/2009,15,,2009,Mega Millions,Main
3/20/2009,16,,2009,Mega Millions,Main
3/20/2009,20,,2009,Mega Millions,Main
3/20/2009,39,,2009,Mega Millions,Main
3/20/2009,40,,2009,Mega Millions,Main
3/20/2009,26,,2009,Mega Millions,Mega_Ball
3/24/2009,4,,2009,Mega Millions,Main
3/24/2009,25,,2009,Mega Millions,Main
3/24/2009,34,,2009,Mega Millions,Main
3/24/2009,43,,2009,Mega Millions,Main
3/24/2009,44,,2009,Mega Millions,Main
3/24/2009,45,,2009,Mega Millions,Mega_Ball
3/27/2009,10,,2009,Mega Millions,Main
3/27/2009,15,,2009,Mega Millions,Main
3/27/2009,24,,2009,Mega Millions,Main
3/27/2009,38,,2009,Mega Millions,Main
3/27/2009,50,,2009,Mega Millions,Main
3/27/2009,19,,2009,Mega Millions,Mega_Ball
3/31/2009,14,,2009,Mega Millions,Main
3/31/2009,39,,2009,Mega Millions,Main
3/31/2009,47,,2009,Mega Millions,Main
3/31/2009,48,,2009,Mega Millions,Main
3/31/2009,53,,2009,Mega Millions,Main
3/31/2009,29,,2009,Mega Millions,Mega_Ball
4/3/2009,16,,2009,Mega Millions,Main
4/3/2009,22,,2009,Mega Millions,Main
4/3/2009,38,,2009,Mega Millions,Main
4/3/2009,39,,2009,Mega Millions,Main
4/3/2009,48,,2009,Mega Millions,Main
4/3/2009,42,,2009,Mega Millions,Mega_Ball
4/7/2009,2,,2009,Mega Millions,Main
4/7/2009,4,,2009,Mega Millions,Main
4/7/2009,13,,2009,Mega Millions,Main
4/7/2009,17,,2009,Mega Millions,Main
4/7/2009,36,,2009,Mega Millions,Main
4/7/2009,15,,2009,Mega Millions,Mega_Ball
4/10/2009,18,,2009,Mega Millions,Main
4/10/2009,25,,2009,Mega Millions,Main
4/10/2009,36,,2009,Mega Millions,Main
4/10/2009,42,,2009,Mega Millions,Main
4/10/2009,51,,2009,Mega Millions,Main
4/10/2009,22,,2009,Mega Millions,Mega_Ball
4/14/2009,4,,2009,Mega Millions,Main
4/14/2009,11,,2009,Mega Millions,Main
4/14/2009,22,,2009,Mega Millions,Main
4/14/2009,48,,2009,Mega Millions,Main
4/14/2009,50,,2009,Mega Millions,Main
4/14/2009,42,,2009,Mega Millions,Mega_Ball
4/17/2009,5,,2009,Mega Millions,Main
4/17/2009,13,,2009,Mega Millions,Main
4/17/2009,26,,2009,Mega Millions,Main
4/17/2009,35,,2009,Mega Millions,Main
4/17/2009,45,,2009,Mega Millions,Main
4/17/2009,32,,2009,Mega Millions,Mega_Ball
4/21/2009,5,,2009,Mega Millions,Main
4/21/2009,24,,2009,Mega Millions,Main
4/21/2009,37,,2009,Mega Millions,Main
4/21/2009,47,,2009,Mega Millions,Main
4/21/2009,52,,2009,Mega Millions,Main
4/21/2009,6,,2009,Mega Millions,Mega_Ball
4/24/2009,9,,2009,Mega Millions,Main
4/24/2009,20,,2009,Mega Millions,Main
4/24/2009,21,,2009,Mega Millions,Main
4/24/2009,48,,2009,Mega Millions,Main
4/24/2009,49,,2009,Mega Millions,Main
4/24/2009,7,,2009,Mega Millions,Mega_Ball
4/28/2009,15,,2009,Mega Millions,Main
4/28/2009,20,,2009,Mega Millions,Main
4/28/2009,24,,2009,Mega Millions,Main
4/28/2009,36,,2009,Mega Millions,Main
4/28/2009,44,,2009,Mega Millions,Main
4/28/2009,6,,2009,Mega Millions,Mega_Ball
5/1/2009,9,,2009,Mega Millions,Main
5/1/2009,16,,2009,Mega Millions,Main
5/1/2009,24,,2009,Mega Millions,Main
5/1/2009,40,,2009,Mega Millions,Main
5/1/2009,43,,2009,Mega Millions,Main
5/1/2009,35,,2009,Mega Millions,Mega_Ball
5/5/2009,5,,2009,Mega Millions,Main
5/5/2009,23,,2009,Mega Millions,Main
5/5/2009,38,,2009,Mega Millions,Main
5/5/2009,39,,2009,Mega Millions,Main
5/5/2009,54,,2009,Mega Millions,Main
5/5/2009,3,,2009,Mega Millions,Mega_Ball
5/8/2009,12,,2009,Mega Millions,Main
5/8/2009,27,,2009,Mega Millions,Main
5/8/2009,29,,2009,Mega Millions,Main
5/8/2009,32,,2009,Mega Millions,Main
5/8/2009,34,,2009,Mega Millions,Main
5/8/2009,34,,2009,Mega Millions,Mega_Ball
5/12/2009,4,,2009,Mega Millions,Main
5/12/2009,8,,2009,Mega Millions,Main
5/12/2009,10,,2009,Mega Millions,Main
5/12/2009,14,,2009,Mega Millions,Main
5/12/2009,51,,2009,Mega Millions,Main
5/12/2009,31,,2009,Mega Millions,Mega_Ball
5/15/2009,7,,2009,Mega Millions,Main
5/15/2009,12,,2009,Mega Millions,Main
5/15/2009,24,,2009,Mega Millions,Main
5/15/2009,36,,2009,Mega Millions,Main
5/15/2009,48,,2009,Mega Millions,Main
5/15/2009,27,,2009,Mega Millions,Mega_Ball
5/19/2009,2,,2009,Mega Millions,Main
5/19/2009,4,,2009,Mega Millions,Main
5/19/2009,9,,2009,Mega Millions,Main
5/19/2009,15,,2009,Mega Millions,Main
5/19/2009,42,,2009,Mega Millions,Main
5/19/2009,13,,2009,Mega Millions,Mega_Ball
5/22/2009,3,,2009,Mega Millions,Main
5/22/2009,29,,2009,Mega Millions,Main
5/22/2009,34,,2009,Mega Millions,Main
5/22/2009,42,,2009,Mega Millions,Main
5/22/2009,49,,2009,Mega Millions,Main
5/22/2009,29,,2009,Mega Millions,Mega_Ball
5/26/2009,9,,2009,Mega Millions,Main
5/26/2009,18,,2009,Mega Millions,Main
5/26/2009,21,,2009,Mega Millions,Main
5/26/2009,37,,2009,Mega Millions,Main
5/26/2009,55,,2009,Mega Millions,Main
5/26/2009,33,,2009,Mega Millions,Mega_Ball
5/29/2009,23,,2009,Mega Millions,Main
5/29/2009,30,,2009,Mega Millions,Main
5/29/2009,36,,2009,Mega Millions,Main
5/29/2009,39,,2009,Mega Millions,Main
5/29/2009,48,,2009,Mega Millions,Main
5/29/2009,34,,2009,Mega Millions,Mega_Ball
6/2/2009,9,,2009,Mega Millions,Main
6/2/2009,13,,2009,Mega Millions,Main
6/2/2009,26,,2009,Mega Millions,Main
6/2/2009,30,,2009,Mega Millions,Main
6/2/2009,35,,2009,Mega Millions,Main
6/2/2009,33,,2009,Mega Millions,Mega_Ball
6/5/2009,5,,2009,Mega Millions,Main
6/5/2009,20,,2009,Mega Millions,Main
6/5/2009,38,,2009,Mega Millions,Main
6/5/2009,41,,2009,Mega Millions,Main
6/5/2009,52,,2009,Mega Millions,Main
6/5/2009,20,,2009,Mega Millions,Mega_Ball
6/9/2009,5,,2009,Mega Millions,Main
6/9/2009,17,,2009,Mega Millions,Main
6/9/2009,31,,2009,Mega Millions,Main
6/9/2009,36,,2009,Mega Millions,Main
6/9/2009,56,,2009,Mega Millions,Main
6/9/2009,46,,2009,Mega Millions,Mega_Ball
6/12/2009,6,,2009,Mega Millions,Main
6/12/2009,11,,2009,Mega Millions,Main
6/12/2009,20,,2009,Mega Millions,Main
6/12/2009,32,,2009,Mega Millions,Main
6/12/2009,44,,2009,Mega Millions,Main
6/12/2009,38,,2009,Mega Millions,Mega_Ball
6/16/2009,9,,2009,Mega Millions,Main
6/16/2009,15,,2009,Mega Millions,Main
6/16/2009,21,,2009,Mega Millions,Main
6/16/2009,26,,2009,Mega Millions,Main
6/16/2009,45,,2009,Mega Millions,Main
6/16/2009,25,,2009,Mega Millions,Mega_Ball
6/19/2009,4,,2009,Mega Millions,Main
6/19/2009,9,,2009,Mega Millions,Main
6/19/2009,12,,2009,Mega Millions,Main
6/19/2009,16,,2009,Mega Millions,Main
6/19/2009,46,,2009,Mega Millions,Main
6/19/2009,44,,2009,Mega Millions,Mega_Ball
6/23/2009,12,,2009,Mega Millions,Main
6/23/2009,14,,2009,Mega Millions,Main
6/23/2009,16,,2009,Mega Millions,Main
6/23/2009,31,,2009,Mega Millions,Main
6/23/2009,50,,2009,Mega Millions,Main
6/23/2009,9,,2009,Mega Millions,Mega_Ball
6/26/2009,11,,2009,Mega Millions,Main
6/26/2009,15,,2009,Mega Millions,Main
6/26/2009,17,,2009,Mega Millions,Main
6/26/2009,29,,2009,Mega Millions,Main
6/26/2009,46,,2009,Mega Millions,Main
6/26/2009,16,,2009,Mega Millions,Mega_Ball
6/30/2009,7,,2009,Mega Millions,Main
6/30/2009,34,,2009,Mega Millions,Main
6/30/2009,49,,2009,Mega Millions,Main
6/30/2009,54,,2009,Mega Millions,Main
6/30/2009,55,,2009,Mega Millions,Main
6/30/2009,34,,2009,Mega Millions,Mega_Ball
7/3/2009,5,,2009,Mega Millions,Main
7/3/2009,6,,2009,Mega Millions,Main
7/3/2009,7,,2009,Mega Millions,Main
7/3/2009,11,,2009,Mega Millions,Main
7/3/2009,25,,2009,Mega Millions,Main
7/3/2009,31,,2009,Mega Millions,Mega_Ball
7/7/2009,25,,2009,Mega Millions,Main
7/7/2009,27,,2009,Mega Millions,Main
7/7/2009,35,,2009,Mega Millions,Main
7/7/2009,38,,2009,Mega Millions,Main
7/7/2009,39,,2009,Mega Millions,Main
7/7/2009,28,,2009,Mega Millions,Mega_Ball
7/10/2009,5,,2009,Mega Millions,Main
7/10/2009,10,,2009,Mega Millions,Main
7/10/2009,26,,2009,Mega Millions,Main
7/10/2009,27,,2009,Mega Millions,Main
7/10/2009,28,,2009,Mega Millions,Main
7/10/2009,4,,2009,Mega Millions,Mega_Ball
7/14/2009,20,,2009,Mega Millions,Main
7/14/2009,29,,2009,Mega Millions,Main
7/14/2009,35,,2009,Mega Millions,Main
7/14/2009,45,,2009,Mega Millions,Main
7/14/2009,53,,2009,Mega Millions,Main
7/14/2009,41,,2009,Mega Millions,Mega_Ball
7/17/2009,8,,2009,Mega Millions,Main
7/17/2009,17,,2009,Mega Millions,Main
7/17/2009,40,,2009,Mega Millions,Main
7/17/2009,47,,2009,Mega Millions,Main
7/17/2009,50,,2009,Mega Millions,Main
7/17/2009,13,,2009,Mega Millions,Mega_Ball
7/21/2009,3,,2009,Mega Millions,Main
7/21/2009,8,,2009,Mega Millions,Main
7/21/2009,21,,2009,Mega Millions,Main
7/21/2009,50,,2009,Mega Millions,Main
7/21/2009,52,,2009,Mega Millions,Main
7/21/2009,2,,2009,Mega Millions,Mega_Ball
7/24/2009,3,,2009,Mega Millions,Main
7/24/2009,6,,2009,Mega Millions,Main
7/24/2009,43,,2009,Mega Millions,Main
7/24/2009,51,,2009,Mega Millions,Main
7/24/2009,52,,2009,Mega Millions,Main
7/24/2009,36,,2009,Mega Millions,Mega_Ball
7/28/2009,4,,2009,Mega Millions,Main
7/28/2009,17,,2009,Mega Millions,Main
7/28/2009,24,,2009,Mega Millions,Main
7/28/2009,25,,2009,Mega Millions,Main
7/28/2009,48,,2009,Mega Millions,Main
7/28/2009,34,,2009,Mega Millions,Mega_Ball
7/31/2009,17,,2009,Mega Millions,Main
7/31/2009,35,,2009,Mega Millions,Main
7/31/2009,44,,2009,Mega Millions,Main
7/31/2009,52,,2009,Mega Millions,Main
7/31/2009,56,,2009,Mega Millions,Main
7/31/2009,22,,2009,Mega Millions,Mega_Ball
8/4/2009,1,,2009,Mega Millions,Main
8/4/2009,28,,2009,Mega Millions,Main
8/4/2009,34,,2009,Mega Millions,Main
8/4/2009,42,,2009,Mega Millions,Main
8/4/2009,50,,2009,Mega Millions,Main
8/4/2009,27,,2009,Mega Millions,Mega_Ball
8/7/2009,7,,2009,Mega Millions,Main
8/7/2009,18,,2009,Mega Millions,Main
8/7/2009,35,,2009,Mega Millions,Main
8/7/2009,45,,2009,Mega Millions,Main
8/7/2009,56,,2009,Mega Millions,Main
8/7/2009,3,,2009,Mega Millions,Mega_Ball
8/11/2009,6,,2009,Mega Millions,Main
8/11/2009,12,,2009,Mega Millions,Main
8/11/2009,15,,2009,Mega Millions,Main
8/11/2009,32,,2009,Mega Millions,Main
8/11/2009,42,,2009,Mega Millions,Main
8/11/2009,40,,2009,Mega Millions,Mega_Ball
8/14/2009,8,,2009,Mega Millions,Main
8/14/2009,22,,2009,Mega Millions,Main
8/14/2009,25,,2009,Mega Millions,Main
8/14/2009,33,,2009,Mega Millions,Main
8/14/2009,35,,2009,Mega Millions,Main
8/14/2009,46,,2009,Mega Millions,Mega_Ball
8/18/2009,4,,2009,Mega Millions,Main
8/18/2009,5,,2009,Mega Millions,Main
8/18/2009,26,,2009,Mega Millions,Main
8/18/2009,37,,2009,Mega Millions,Main
8/18/2009,56,,2009,Mega Millions,Main
8/18/2009,25,,2009,Mega Millions,Mega_Ball
8/21/2009,9,,2009,Mega Millions,Main
8/21/2009,38,,2009,Mega Millions,Main
8/21/2009,44,,2009,Mega Millions,Main
8/21/2009,48,,2009,Mega Millions,Main
8/21/2009,49,,2009,Mega Millions,Main
8/21/2009,13,,2009,Mega Millions,Mega_Ball
8/25/2009,3,,2009,Mega Millions,Main
8/25/2009,12,,2009,Mega Millions,Main
8/25/2009,19,,2009,Mega Millions,Main
8/25/2009,22,,2009,Mega Millions,Main
8/25/2009,40,,2009,Mega Millions,Main
8/25/2009,2,,2009,Mega Millions,Mega_Ball
8/28/2009,1,,2009,Mega Millions,Main
8/28/2009,17,,2009,Mega Millions,Main
8/28/2009,31,,2009,Mega Millions,Main
8/28/2009,37,,2009,Mega Millions,Main
8/28/2009,54,,2009,Mega Millions,Main
8/28/2009,31,,2009,Mega Millions,Mega_Ball
9/1/2009,2,,2009,Mega Millions,Main
9/1/2009,9,,2009,Mega Millions,Main
9/1/2009,28,,2009,Mega Millions,Main
9/1/2009,51,,2009,Mega Millions,Main
9/1/2009,53,,2009,Mega Millions,Main
9/1/2009,19,,2009,Mega Millions,Mega_Ball
9/4/2009,2,,2009,Mega Millions,Main
9/4/2009,4,,2009,Mega Millions,Main
9/4/2009,6,,2009,Mega Millions,Main
9/4/2009,21,,2009,Mega Millions,Main
9/4/2009,44,,2009,Mega Millions,Main
9/4/2009,37,,2009,Mega Millions,Mega_Ball
9/8/2009,4,,2009,Mega Millions,Main
9/8/2009,10,,2009,Mega Millions,Main
9/8/2009,18,,2009,Mega Millions,Main
9/8/2009,28,,2009,Mega Millions,Main
9/8/2009,50,,2009,Mega Millions,Main
9/8/2009,35,,2009,Mega Millions,Mega_Ball
9/11/2009,16,,2009,Mega Millions,Main
9/11/2009,27,,2009,Mega Millions,Main
9/11/2009,48,,2009,Mega Millions,Main
9/11/2009,49,,2009,Mega Millions,Main
9/11/2009,54,,2009,Mega Millions,Main
9/11/2009,2,,2009,Mega Millions,Mega_Ball
9/15/2009,29,,2009,Mega Millions,Main
9/15/2009,30,,2009,Mega Millions,Main
9/15/2009,32,,2009,Mega Millions,Main
9/15/2009,35,,2009,Mega Millions,Main
9/15/2009,41,,2009,Mega Millions,Main
9/15/2009,39,,2009,Mega Millions,Mega_Ball
9/18/2009,18,,2009,Mega Millions,Main
9/18/2009,27,,2009,Mega Millions,Main
9/18/2009,31,,2009,Mega Millions,Main
9/18/2009,36,,2009,Mega Millions,Main
9/18/2009,52,,2009,Mega Millions,Main
9/18/2009,33,,2009,Mega Millions,Mega_Ball
9/22/2009,26,,2009,Mega Millions,Main
9/22/2009,29,,2009,Mega Millions,Main
9/22/2009,33,,2009,Mega Millions,Main
9/22/2009,39,,2009,Mega Millions,Main
9/22/2009,46,,2009,Mega Millions,Main
9/22/2009,24,,2009,Mega Millions,Mega_Ball
9/25/2009,7,,2009,Mega Millions,Main
9/25/2009,27,,2009,Mega Millions,Main
9/25/2009,42,,2009,Mega Millions,Main
9/25/2009,49,,2009,Mega Millions,Main
9/25/2009,52,,2009,Mega Millions,Main
9/25/2009,19,,2009,Mega Millions,Mega_Ball
9/29/2009,2,,2009,Mega Millions,Main
9/29/2009,21,,2009,Mega Millions,Main
9/29/2009,25,,2009,Mega Millions,Main
9/29/2009,45,,2009,Mega Millions,Main
9/29/2009,50,,2009,Mega Millions,Main
9/29/2009,21,,2009,Mega Millions,Mega_Ball
10/2/2009,15,,2009,Mega Millions,Main
10/2/2009,24,,2009,Mega Millions,Main
10/2/2009,51,,2009,Mega Millions,Main
10/2/2009,53,,2009,Mega Millions,Main
10/2/2009,55,,2009,Mega Millions,Main
10/2/2009,11,,2009,Mega Millions,Mega_Ball
10/6/2009,9,,2009,Mega Millions,Main
10/6/2009,33,,2009,Mega Millions,Main
10/6/2009,51,,2009,Mega Millions,Main
10/6/2009,53,,2009,Mega Millions,Main
10/6/2009,56,,2009,Mega Millions,Main
10/6/2009,39,,2009,Mega Millions,Mega_Ball
10/9/2009,3,,2009,Mega Millions,Main
10/9/2009,14,,2009,Mega Millions,Main
10/9/2009,21,,2009,Mega Millions,Main
10/9/2009,24,,2009,Mega Millions,Main
10/9/2009,51,,2009,Mega Millions,Main
10/9/2009,14,,2009,Mega Millions,Mega_Ball
10/13/2009,17,,2009,Mega Millions,Main
10/13/2009,31,,2009,Mega Millions,Main
10/13/2009,34,,2009,Mega Millions,Main
10/13/2009,45,,2009,Mega Millions,Main
10/13/2009,51,,2009,Mega Millions,Main
10/13/2009,24,,2009,Mega Millions,Mega_Ball
10/16/2009,10,,2009,Mega Millions,Main
10/16/2009,13,,2009,Mega Millions,Main
10/16/2009,18,,2009,Mega Millions,Main
10/16/2009,33,,2009,Mega Millions,Main
10/16/2009,51,,2009,Mega Millions,Main
10/16/2009,43,,2009,Mega Millions,Mega_Ball
10/20/2009,13,,2009,Mega Millions,Main
10/20/2009,17,,2009,Mega Millions,Main
10/20/2009,25,,2009,Mega Millions,Main
10/20/2009,45,,2009,Mega Millions,Main
10/20/2009,55,,2009,Mega Millions,Main
10/20/2009,8,,2009,Mega Millions,Mega_Ball
10/23/2009,27,,2009,Mega Millions,Main
10/23/2009,45,,2009,Mega Millions,Main
10/23/2009,48,,2009,Mega Millions,Main
10/23/2009,54,,2009,Mega Millions,Main
10/23/2009,56,,2009,Mega Millions,Main
10/23/2009,2,,2009,Mega Millions,Mega_Ball
10/27/2009,7,,2009,Mega Millions,Main
10/27/2009,13,,2009,Mega Millions,Main
10/27/2009,37,,2009,Mega Millions,Main
10/27/2009,46,,2009,Mega Millions,Main
10/27/2009,51,,2009,Mega Millions,Main
10/27/2009,2,,2009,Mega Millions,Mega_Ball
10/30/2009,4,,2009,Mega Millions,Main
10/30/2009,15,,2009,Mega Millions,Main
10/30/2009,17,,2009,Mega Millions,Main
10/30/2009,29,,2009,Mega Millions,Main
10/30/2009,38,,2009,Mega Millions,Main
10/30/2009,20,,2009,Mega Millions,Mega_Ball
11/3/2009,5,,2009,Mega Millions,Main
11/3/2009,18,,2009,Mega Millions,Main
11/3/2009,23,,2009,Mega Millions,Main
11/3/2009,31,,2009,Mega Millions,Main
11/3/2009,38,,2009,Mega Millions,Main
11/3/2009,20,,2009,Mega Millions,Mega_Ball
11/6/2009,7,,2009,Mega Millions,Main
11/6/2009,11,,2009,Mega Millions,Main
11/6/2009,27,,2009,Mega Millions,Main
11/6/2009,40,,2009,Mega Millions,Main
11/6/2009,46,,2009,Mega Millions,Main
11/6/2009,8,,2009,Mega Millions,Mega_Ball
11/10/2009,8,,2009,Mega Millions,Main
11/10/2009,21,,2009,Mega Millions,Main
11/10/2009,29,,2009,Mega Millions,Main
11/10/2009,34,,2009,Mega Millions,Main
11/10/2009,37,,2009,Mega Millions,Main
11/10/2009,15,,2009,Mega Millions,Mega_Ball
11/13/2009,27,,2009,Mega Millions,Main
11/13/2009,43,,2009,Mega Millions,Main
11/13/2009,45,,2009,Mega Millions,Main
11/13/2009,49,,2009,Mega Millions,Main
11/13/2009,54,,2009,Mega Millions,Main
11/13/2009,44,,2009,Mega Millions,Mega_Ball
11/17/2009,8,,2009,Mega Millions,Main
11/17/2009,22,,2009,Mega Millions,Main
11/17/2009,27,,2009,Mega Millions,Main
11/17/2009,49,,2009,Mega Millions,Main
11/17/2009,50,,2009,Mega Millions,Main
11/17/2009,28,,2009,Mega Millions,Mega_Ball
11/20/2009,3,,2009,Mega Millions,Main
11/20/2009,4,,2009,Mega Millions,Main
11/20/2009,7,,2009,Mega Millions,Main
11/20/2009,16,,2009,Mega Millions,Main
11/20/2009,56,,2009,Mega Millions,Main
11/20/2009,39,,2009,Mega Millions,Mega_Ball
11/24/2009,10,,2009,Mega Millions,Main
11/24/2009,11,,2009,Mega Millions,Main
11/24/2009,35,,2009,Mega Millions,Main
11/24/2009,37,,2009,Mega Millions,Main
11/24/2009,50,,2009,Mega Millions,Main
11/24/2009,12,,2009,Mega Millions,Mega_Ball
11/27/2009,12,,2009,Mega Millions,Main
11/27/2009,25,,2009,Mega Millions,Main
11/27/2009,37,,2009,Mega Millions,Main
11/27/2009,39,,2009,Mega Millions,Main
11/27/2009,45,,2009,Mega Millions,Main
11/27/2009,11,,2009,Mega Millions,Mega_Ball
12/1/2009,17,,2009,Mega Millions,Main
12/1/2009,30,,2009,Mega Millions,Main
12/1/2009,39,,2009,Mega Millions,Main
12/1/2009,52,,2009,Mega Millions,Main
12/1/2009,53,,2009,Mega Millions,Main
12/1/2009,21,,2009,Mega Millions,Mega_Ball
12/4/2009,4,,2009,Mega Millions,Main
12/4/2009,33,,2009,Mega Millions,Main
12/4/2009,41,,2009,Mega Millions,Main
12/4/2009,51,,2009,Mega Millions,Main
12/4/2009,56,,2009,Mega Millions,Main
12/4/2009,38,,2009,Mega Millions,Mega_Ball
12/8/2009,20,,2009,Mega Millions,Main
12/8/2009,23,,2009,Mega Millions,Main
12/8/2009,28,,2009,Mega Millions,Main
12/8/2009,30,,2009,Mega Millions,Main
12/8/2009,46,,2009,Mega Millions,Main
12/8/2009,29,,2009,Mega Millions,Mega_Ball
12/11/2009,2,,2009,Mega Millions,Main
12/11/2009,21,,2009,Mega Millions,Main
12/11/2009,27,,2009,Mega Millions,Main
12/11/2009,34,,2009,Mega Millions,Main
12/11/2009,44,,2009,Mega Millions,Main
12/11/2009,45,,2009,Mega Millions,Mega_Ball
12/15/2009,27,,2009,Mega Millions,Main
12/15/2009,31,,2009,Mega Millions,Main
12/15/2009,32,,2009,Mega Millions,Main
12/15/2009,36,,2009,Mega Millions,Main
12/15/2009,47,,2009,Mega Millions,Main
12/15/2009,35,,2009,Mega Millions,Mega_Ball
12/18/2009,10,,2009,Mega Millions,Main
12/18/2009,20,,2009,Mega Millions,Main
12/18/2009,30,,2009,Mega Millions,Main
12/18/2009,44,,2009,Mega Millions,Main
12/18/2009,49,,2009,Mega Millions,Main
12/18/2009,24,,2009,Mega Millions,Mega_Ball
12/22/2009,3,,2009,Mega Millions,Main
12/22/2009,33,,2009,Mega Millions,Main
12/22/2009,35,,2009,Mega Millions,Main
12/22/2009,39,,2009,Mega Millions,Main
12/22/2009,45,,2009,Mega Millions,Main
12/22/2009,13,,2009,Mega Millions,Mega_Ball
12/29/2009,2,,2009,Mega Millions,Main
12/29/2009,5,,2009,Mega Millions,Main
12/29/2009,29,,2009,Mega Millions,Main
12/29/2009,35,,2009,Mega Millions,Main
12/29/2009,51,,2009,Mega Millions,Main
12/29/2009,3,,2009,Mega Millions,Mega_Ball
1/1/2010,6,,2010,Mega Millions,Main
1/1/2010,8,,2010,Mega Millions,Main
1/1/2010,27,,2010,Mega Millions,Main
1/1/2010,40,,2010,Mega Millions,Main
1/1/2010,41,,2010,Mega Millions,Main
1/1/2010,21,,2010,Mega Millions,Mega_Ball
1/5/2010,13,,2010,Mega Millions,Main
1/5/2010,28,,2010,Mega Millions,Main
1/5/2010,39,,2010,Mega Millions,Main
1/5/2010,50,,2010,Mega Millions,Main
1/5/2010,55,,2010,Mega Millions,Main
1/5/2010,10,,2010,Mega Millions,Mega_Ball
1/8/2010,18,,2010,Mega Millions,Main
1/8/2010,20,,2010,Mega Millions,Main
1/8/2010,31,,2010,Mega Millions,Main
1/8/2010,36,,2010,Mega Millions,Main
1/8/2010,43,,2010,Mega Millions,Main
1/8/2010,33,,2010,Mega Millions,Mega_Ball
1/12/2010,5,,2010,Mega Millions,Main
1/12/2010,9,,2010,Mega Millions,Main
1/12/2010,31,,2010,Mega Millions,Main
1/12/2010,37,,2010,Mega Millions,Main
1/12/2010,56,,2010,Mega Millions,Main
1/12/2010,16,,2010,Mega Millions,Mega_Ball
1/15/2010,4,,2010,Mega Millions,Main
1/15/2010,7,,2010,Mega Millions,Main
1/15/2010,19,,2010,Mega Millions,Main
1/15/2010,21,,2010,Mega Millions,Main
1/15/2010,38,,2010,Mega Millions,Main
1/15/2010,29,,2010,Mega Millions,Mega_Ball
1/19/2010,4,,2010,Mega Millions,Main
1/19/2010,5,,2010,Mega Millions,Main
1/19/2010,34,,2010,Mega Millions,Main
1/19/2010,38,,2010,Mega Millions,Main
1/19/2010,41,,2010,Mega Millions,Main
1/19/2010,18,,2010,Mega Millions,Mega_Ball
1/22/2010,8,,2010,Mega Millions,Main
1/22/2010,13,,2010,Mega Millions,Main
1/22/2010,27,,2010,Mega Millions,Main
1/22/2010,28,,2010,Mega Millions,Main
1/22/2010,52,,2010,Mega Millions,Main
1/22/2010,9,,2010,Mega Millions,Mega_Ball
1/26/2010,7,,2010,Mega Millions,Main
1/26/2010,8,,2010,Mega Millions,Main
1/26/2010,38,,2010,Mega Millions,Main
1/26/2010,39,,2010,Mega Millions,Main
1/26/2010,48,,2010,Mega Millions,Main
1/26/2010,22,,2010,Mega Millions,Mega_Ball
1/29/2010,1,,2010,Mega Millions,Main
1/29/2010,10,,2010,Mega Millions,Main
1/29/2010,22,,2010,Mega Millions,Main
1/29/2010,23,,2010,Mega Millions,Main
1/29/2010,38,,2010,Mega Millions,Main
1/29/2010,19,,2010,Mega Millions,Mega_Ball
2/2/2010,6,,2010,Mega Millions,Main
2/2/2010,7,,2010,Mega Millions,Main
2/2/2010,26,,2010,Mega Millions,Main
2/2/2010,27,,2010,Mega Millions,Main
2/2/2010,49,,2010,Mega Millions,Main
2/2/2010,9,,2010,Mega Millions,Mega_Ball
2/5/2010,10,,2010,Mega Millions,Main
2/5/2010,20,,2010,Mega Millions,Main
2/5/2010,45,,2010,Mega Millions,Main
2/5/2010,51,,2010,Mega Millions,Main
2/5/2010,53,,2010,Mega Millions,Main
2/5/2010,41,,2010,Mega Millions,Mega_Ball
2/9/2010,2,,2010,Mega Millions,Main
2/9/2010,17,,2010,Mega Millions,Main
2/9/2010,20,,2010,Mega Millions,Main
2/9/2010,26,,2010,Mega Millions,Main
2/9/2010,48,,2010,Mega Millions,Main
2/9/2010,12,,2010,Mega Millions,Mega_Ball
2/12/2010,14,,2010,Mega Millions,Main
2/12/2010,16,,2010,Mega Millions,Main
2/12/2010,17,,2010,Mega Millions,Main
2/12/2010,33,,2010,Mega Millions,Main
2/12/2010,47,,2010,Mega Millions,Main
2/12/2010,23,,2010,Mega Millions,Mega_Ball
2/16/2010,11,,2010,Mega Millions,Main
2/16/2010,12,,2010,Mega Millions,Main
2/16/2010,21,,2010,Mega Millions,Main
2/16/2010,29,,2010,Mega Millions,Main
2/16/2010,45,,2010,Mega Millions,Main
2/16/2010,5,,2010,Mega Millions,Mega_Ball
2/19/2010,1,,2010,Mega Millions,Main
2/19/2010,22,,2010,Mega Millions,Main
2/19/2010,39,,2010,Mega Millions,Main
2/19/2010,42,,2010,Mega Millions,Main
2/19/2010,46,,2010,Mega Millions,Main
2/19/2010,36,,2010,Mega Millions,Mega_Ball
2/23/2010,4,,2010,Mega Millions,Main
2/23/2010,16,,2010,Mega Millions,Main
2/23/2010,36,,2010,Mega Millions,Main
2/23/2010,40,,2010,Mega Millions,Main
2/23/2010,53,,2010,Mega Millions,Main
2/23/2010,18,,2010,Mega Millions,Mega_Ball
2/26/2010,4,,2010,Mega Millions,Main
2/26/2010,14,,2010,Mega Millions,Main
2/26/2010,29,,2010,Mega Millions,Main
2/26/2010,54,,2010,Mega Millions,Main
2/26/2010,56,,2010,Mega Millions,Main
2/26/2010,40,,2010,Mega Millions,Mega_Ball
3/2/2010,9,,2010,Mega Millions,Main
3/2/2010,12,,2010,Mega Millions,Main
3/2/2010,47,,2010,Mega Millions,Main
3/2/2010,48,,2010,Mega Millions,Main
3/2/2010,56,,2010,Mega Millions,Main
3/2/2010,25,,2010,Mega Millions,Mega_Ball
3/5/2010,11,,2010,Mega Millions,Main
3/5/2010,31,,2010,Mega Millions,Main
3/5/2010,34,,2010,Mega Millions,Main
3/5/2010,44,,2010,Mega Millions,Main
3/5/2010,52,,2010,Mega Millions,Main
3/5/2010,32,,2010,Mega Millions,Mega_Ball
3/9/2010,14,,2010,Mega Millions,Main
3/9/2010,16,,2010,Mega Millions,Main
3/9/2010,18,,2010,Mega Millions,Main
3/9/2010,19,,2010,Mega Millions,Main
3/9/2010,29,,2010,Mega Millions,Main
3/9/2010,16,,2010,Mega Millions,Mega_Ball
3/12/2010,2,,2010,Mega Millions,Main
3/12/2010,15,,2010,Mega Millions,Main
3/12/2010,25,,2010,Mega Millions,Main
3/12/2010,48,,2010,Mega Millions,Main
3/12/2010,53,,2010,Mega Millions,Main
3/12/2010,41,,2010,Mega Millions,Mega_Ball
3/16/2010,3,,2010,Mega Millions,Main
3/16/2010,22,,2010,Mega Millions,Main
3/16/2010,48,,2010,Mega Millions,Main
3/16/2010,52,,2010,Mega Millions,Main
3/16/2010,56,,2010,Mega Millions,Main
3/16/2010,13,,2010,Mega Millions,Mega_Ball
3/19/2010,10,,2010,Mega Millions,Main
3/19/2010,31,,2010,Mega Millions,Main
3/19/2010,45,,2010,Mega Millions,Main
3/19/2010,50,,2010,Mega Millions,Main
3/19/2010,54,,2010,Mega Millions,Main
3/19/2010,25,,2010,Mega Millions,Mega_Ball
3/23/2010,3,,2010,Mega Millions,Main
3/23/2010,25,,2010,Mega Millions,Main
3/23/2010,28,,2010,Mega Millions,Main
3/23/2010,29,,2010,Mega Millions,Main
3/23/2010,40,,2010,Mega Millions,Main
3/23/2010,13,,2010,Mega Millions,Mega_Ball
3/26/2010,23,,2010,Mega Millions,Main
3/26/2010,41,,2010,Mega Millions,Main
3/26/2010,46,,2010,Mega Millions,Main
3/26/2010,47,,2010,Mega Millions,Main
3/26/2010,52,,2010,Mega Millions,Main
3/26/2010,22,,2010,Mega Millions,Mega_Ball
3/30/2010,1,,2010,Mega Millions,Main
3/30/2010,11,,2010,Mega Millions,Main
3/30/2010,24,,2010,Mega Millions,Main
3/30/2010,38,,2010,Mega Millions,Main
3/30/2010,44,,2010,Mega Millions,Main
3/30/2010,41,,2010,Mega Millions,Mega_Ball
4/2/2010,2,,2010,Mega Millions,Main
4/2/2010,17,,2010,Mega Millions,Main
4/2/2010,22,,2010,Mega Millions,Main
4/2/2010,30,,2010,Mega Millions,Main
4/2/2010,31,,2010,Mega Millions,Main
4/2/2010,19,,2010,Mega Millions,Mega_Ball
4/6/2010,16,,2010,Mega Millions,Main
4/6/2010,43,,2010,Mega Millions,Main
4/6/2010,44,,2010,Mega Millions,Main
4/6/2010,52,,2010,Mega Millions,Main
4/6/2010,56,,2010,Mega Millions,Main
4/6/2010,26,,2010,Mega Millions,Mega_Ball
4/9/2010,15,,2010,Mega Millions,Main
4/9/2010,18,,2010,Mega Millions,Main
4/9/2010,39,,2010,Mega Millions,Main
4/9/2010,48,,2010,Mega Millions,Main
4/9/2010,53,,2010,Mega Millions,Main
4/9/2010,3,,2010,Mega Millions,Mega_Ball
4/13/2010,3,,2010,Mega Millions,Main
4/13/2010,12,,2010,Mega Millions,Main
4/13/2010,27,,2010,Mega Millions,Main
4/13/2010,39,,2010,Mega Millions,Main
4/13/2010,47,,2010,Mega Millions,Main
4/13/2010,32,,2010,Mega Millions,Mega_Ball
4/16/2010,10,,2010,Mega Millions,Main
4/16/2010,16,,2010,Mega Millions,Main
4/16/2010,31,,2010,Mega Millions,Main
4/16/2010,48,,2010,Mega Millions,Main
4/16/2010,50,,2010,Mega Millions,Main
4/16/2010,44,,2010,Mega Millions,Mega_Ball
4/20/2010,5,,2010,Mega Millions,Main
4/20/2010,8,,2010,Mega Millions,Main
4/20/2010,10,,2010,Mega Millions,Main
4/20/2010,34,,2010,Mega Millions,Main
4/20/2010,42,,2010,Mega Millions,Main
4/20/2010,25,,2010,Mega Millions,Mega_Ball
4/23/2010,19,,2010,Mega Millions,Main
4/23/2010,26,,2010,Mega Millions,Main
4/23/2010,28,,2010,Mega Millions,Main
4/23/2010,37,,2010,Mega Millions,Main
4/23/2010,52,,2010,Mega Millions,Main
4/23/2010,18,,2010,Mega Millions,Mega_Ball
4/27/2010,23,,2010,Mega Millions,Main
4/27/2010,37,,2010,Mega Millions,Main
4/27/2010,41,,2010,Mega Millions,Main
4/27/2010,50,,2010,Mega Millions,Main
4/27/2010,55,,2010,Mega Millions,Main
4/27/2010,6,,2010,Mega Millions,Mega_Ball
4/30/2010,14,,2010,Mega Millions,Main
4/30/2010,20,,2010,Mega Millions,Main
4/30/2010,41,,2010,Mega Millions,Main
4/30/2010,47,,2010,Mega Millions,Main
4/30/2010,53,,2010,Mega Millions,Main
4/30/2010,40,,2010,Mega Millions,Mega_Ball
5/4/2010,9,,2010,Mega Millions,Main
5/4/2010,21,,2010,Mega Millions,Main
5/4/2010,31,,2010,Mega Millions,Main
5/4/2010,36,,2010,Mega Millions,Main
5/4/2010,43,,2010,Mega Millions,Main
5/4/2010,8,,2010,Mega Millions,Mega_Ball
5/7/2010,2,,2010,Mega Millions,Main
5/7/2010,7,,2010,Mega Millions,Main
5/7/2010,20,,2010,Mega Millions,Main
5/7/2010,34,,2010,Mega Millions,Main
5/7/2010,50,,2010,Mega Millions,Main
5/7/2010,40,,2010,Mega Millions,Mega_Ball
5/11/2010,26,,2010,Mega Millions,Main
5/11/2010,33,,2010,Mega Millions,Main
5/11/2010,43,,2010,Mega Millions,Main
5/11/2010,46,,2010,Mega Millions,Main
5/11/2010,54,,2010,Mega Millions,Main
5/11/2010,9,,2010,Mega Millions,Mega_Ball
5/14/2010,20,,2010,Mega Millions,Main
5/14/2010,21,,2010,Mega Millions,Main
5/14/2010,40,,2010,Mega Millions,Main
5/14/2010,47,,2010,Mega Millions,Main
5/14/2010,56,,2010,Mega Millions,Main
5/14/2010,12,,2010,Mega Millions,Mega_Ball
5/18/2010,11,,2010,Mega Millions,Main
5/18/2010,13,,2010,Mega Millions,Main
5/18/2010,19,,2010,Mega Millions,Main
5/18/2010,37,,2010,Mega Millions,Main
5/18/2010,40,,2010,Mega Millions,Main
5/18/2010,26,,2010,Mega Millions,Mega_Ball
5/21/2010,15,,2010,Mega Millions,Main
5/21/2010,20,,2010,Mega Millions,Main
5/21/2010,23,,2010,Mega Millions,Main
5/21/2010,26,,2010,Mega Millions,Main
5/21/2010,30,,2010,Mega Millions,Main
5/21/2010,17,,2010,Mega Millions,Mega_Ball
5/25/2010,5,,2010,Mega Millions,Main
5/25/2010,14,,2010,Mega Millions,Main
5/25/2010,17,,2010,Mega Millions,Main
5/25/2010,19,,2010,Mega Millions,Main
5/25/2010,24,,2010,Mega Millions,Main
5/25/2010,25,,2010,Mega Millions,Mega_Ball
5/28/2010,3,,2010,Mega Millions,Main
5/28/2010,11,,2010,Mega Millions,Main
5/28/2010,20,,2010,Mega Millions,Main
5/28/2010,29,,2010,Mega Millions,Main
5/28/2010,39,,2010,Mega Millions,Main
5/28/2010,26,,2010,Mega Millions,Mega_Ball
6/1/2010,12,,2010,Mega Millions,Main
6/1/2010,27,,2010,Mega Millions,Main
6/1/2010,44,,2010,Mega Millions,Main
6/1/2010,45,,2010,Mega Millions,Main
6/1/2010,51,,2010,Mega Millions,Main
6/1/2010,30,,2010,Mega Millions,Mega_Ball
6/4/2010,12,,2010,Mega Millions,Main
6/4/2010,13,,2010,Mega Millions,Main
6/4/2010,15,,2010,Mega Millions,Main
6/4/2010,17,,2010,Mega Millions,Main
6/4/2010,50,,2010,Mega Millions,Main
6/4/2010,23,,2010,Mega Millions,Mega_Ball
6/8/2010,12,,2010,Mega Millions,Main
6/8/2010,18,,2010,Mega Millions,Main
6/8/2010,28,,2010,Mega Millions,Main
6/8/2010,48,,2010,Mega Millions,Main
6/8/2010,54,,2010,Mega Millions,Main
6/8/2010,6,,2010,Mega Millions,Mega_Ball
6/11/2010,6,,2010,Mega Millions,Main
6/11/2010,13,,2010,Mega Millions,Main
6/11/2010,33,,2010,Mega Millions,Main
6/11/2010,34,,2010,Mega Millions,Main
6/11/2010,42,,2010,Mega Millions,Main
6/11/2010,25,,2010,Mega Millions,Mega_Ball
6/15/2010,4,,2010,Mega Millions,Main
6/15/2010,12,,2010,Mega Millions,Main
6/15/2010,13,,2010,Mega Millions,Main
6/15/2010,21,,2010,Mega Millions,Main
6/15/2010,27,,2010,Mega Millions,Main
6/15/2010,46,,2010,Mega Millions,Mega_Ball
6/18/2010,11,,2010,Mega Millions,Main
6/18/2010,36,,2010,Mega Millions,Main
6/18/2010,37,,2010,Mega Millions,Main
6/18/2010,41,,2010,Mega Millions,Main
6/18/2010,55,,2010,Mega Millions,Main
6/18/2010,7,,2010,Mega Millions,Mega_Ball
6/22/2010,12,,2010,Mega Millions,Main
6/22/2010,17,,2010,Mega Millions,Main
6/22/2010,21,,2010,Mega Millions,Main
6/22/2010,23,,2010,Mega Millions,Main
6/22/2010,30,,2010,Mega Millions,Main
6/22/2010,24,,2010,Mega Millions,Mega_Ball
6/25/2010,1,,2010,Mega Millions,Main
6/25/2010,2,,2010,Mega Millions,Main
6/25/2010,13,,2010,Mega Millions,Main
6/25/2010,19,,2010,Mega Millions,Main
6/25/2010,27,,2010,Mega Millions,Main
6/25/2010,21,,2010,Mega Millions,Mega_Ball
6/29/2010,3,,2010,Mega Millions,Main
6/29/2010,4,,2010,Mega Millions,Main
6/29/2010,15,,2010,Mega Millions,Main
6/29/2010,27,,2010,Mega Millions,Main
6/29/2010,37,,2010,Mega Millions,Main
6/29/2010,35,,2010,Mega Millions,Mega_Ball
7/2/2010,1,,2010,Mega Millions,Main
7/2/2010,10,,2010,Mega Millions,Main
7/2/2010,12,,2010,Mega Millions,Main
7/2/2010,32,,2010,Mega Millions,Main
7/2/2010,36,,2010,Mega Millions,Main
7/2/2010,25,,2010,Mega Millions,Mega_Ball
7/6/2010,8,,2010,Mega Millions,Main
7/6/2010,18,,2010,Mega Millions,Main
7/6/2010,45,,2010,Mega Millions,Main
7/6/2010,47,,2010,Mega Millions,Main
7/6/2010,50,,2010,Mega Millions,Main
7/6/2010,36,,2010,Mega Millions,Mega_Ball
7/9/2010,1,,2010,Mega Millions,Main
7/9/2010,31,,2010,Mega Millions,Main
7/9/2010,33,,2010,Mega Millions,Main
7/9/2010,34,,2010,Mega Millions,Main
7/9/2010,50,,2010,Mega Millions,Main
7/9/2010,41,,2010,Mega Millions,Mega_Ball
7/13/2010,7,,2010,Mega Millions,Main
7/13/2010,11,,2010,Mega Millions,Main
7/13/2010,14,,2010,Mega Millions,Main
7/13/2010,15,,2010,Mega Millions,Main
7/13/2010,34,,2010,Mega Millions,Main
7/13/2010,14,,2010,Mega Millions,Mega_Ball
7/16/2010,2,,2010,Mega Millions,Main
7/16/2010,15,,2010,Mega Millions,Main
7/16/2010,18,,2010,Mega Millions,Main
7/16/2010,20,,2010,Mega Millions,Main
7/16/2010,39,,2010,Mega Millions,Main
7/16/2010,34,,2010,Mega Millions,Mega_Ball
7/20/2010,12,,2010,Mega Millions,Main
7/20/2010,18,,2010,Mega Millions,Main
7/20/2010,28,,2010,Mega Millions,Main
7/20/2010,36,,2010,Mega Millions,Main
7/20/2010,43,,2010,Mega Millions,Main
7/20/2010,19,,2010,Mega Millions,Mega_Ball
7/23/2010,16,,2010,Mega Millions,Main
7/23/2010,19,,2010,Mega Millions,Main
7/23/2010,39,,2010,Mega Millions,Main
7/23/2010,44,,2010,Mega Millions,Main
7/23/2010,49,,2010,Mega Millions,Main
7/23/2010,26,,2010,Mega Millions,Mega_Ball
7/27/2010,2,,2010,Mega Millions,Main
7/27/2010,7,,2010,Mega Millions,Main
7/27/2010,10,,2010,Mega Millions,Main
7/27/2010,16,,2010,Mega Millions,Main
7/27/2010,29,,2010,Mega Millions,Main
7/27/2010,8,,2010,Mega Millions,Mega_Ball
7/30/2010,11,,2010,Mega Millions,Main
7/30/2010,30,,2010,Mega Millions,Main
7/30/2010,40,,2010,Mega Millions,Main
7/30/2010,48,,2010,Mega Millions,Main
7/30/2010,52,,2010,Mega Millions,Main
7/30/2010,42,,2010,Mega Millions,Mega_Ball
8/3/2010,4,,2010,Mega Millions,Main
8/3/2010,13,,2010,Mega Millions,Main
8/3/2010,20,,2010,Mega Millions,Main
8/3/2010,22,,2010,Mega Millions,Main
8/3/2010,56,,2010,Mega Millions,Main
8/3/2010,32,,2010,Mega Millions,Mega_Ball
8/6/2010,7,,2010,Mega Millions,Main
8/6/2010,13,,2010,Mega Millions,Main
8/6/2010,30,,2010,Mega Millions,Main
8/6/2010,33,,2010,Mega Millions,Main
8/6/2010,54,,2010,Mega Millions,Main
8/6/2010,30,,2010,Mega Millions,Mega_Ball
8/10/2010,2,,2010,Mega Millions,Main
8/10/2010,14,,2010,Mega Millions,Main
8/10/2010,26,,2010,Mega Millions,Main
8/10/2010,50,,2010,Mega Millions,Main
8/10/2010,56,,2010,Mega Millions,Main
8/10/2010,12,,2010,Mega Millions,Mega_Ball
8/13/2010,6,,2010,Mega Millions,Main
8/13/2010,17,,2010,Mega Millions,Main
8/13/2010,24,,2010,Mega Millions,Main
8/13/2010,43,,2010,Mega Millions,Main
8/13/2010,55,,2010,Mega Millions,Main
8/13/2010,36,,2010,Mega Millions,Mega_Ball
8/17/2010,11,,2010,Mega Millions,Main
8/17/2010,19,,2010,Mega Millions,Main
8/17/2010,40,,2010,Mega Millions,Main
8/17/2010,43,,2010,Mega Millions,Main
8/17/2010,44,,2010,Mega Millions,Main
8/17/2010,33,,2010,Mega Millions,Mega_Ball
8/20/2010,4,,2010,Mega Millions,Main
8/20/2010,13,,2010,Mega Millions,Main
8/20/2010,20,,2010,Mega Millions,Main
8/20/2010,29,,2010,Mega Millions,Main
8/20/2010,48,,2010,Mega Millions,Main
8/20/2010,36,,2010,Mega Millions,Mega_Ball
8/24/2010,4,,2010,Mega Millions,Main
8/24/2010,23,,2010,Mega Millions,Main
8/24/2010,24,,2010,Mega Millions,Main
8/24/2010,28,,2010,Mega Millions,Main
8/24/2010,32,,2010,Mega Millions,Main
8/24/2010,31,,2010,Mega Millions,Mega_Ball
8/27/2010,4,,2010,Mega Millions,Main
8/27/2010,10,,2010,Mega Millions,Main
8/27/2010,26,,2010,Mega Millions,Main
8/27/2010,32,,2010,Mega Millions,Main
8/27/2010,41,,2010,Mega Millions,Main
8/27/2010,31,,2010,Mega Millions,Mega_Ball
8/31/2010,10,,2010,Mega Millions,Main
8/31/2010,20,,2010,Mega Millions,Main
8/31/2010,29,,2010,Mega Millions,Main
8/31/2010,47,,2010,Mega Millions,Main
8/31/2010,48,,2010,Mega Millions,Main
8/31/2010,38,,2010,Mega Millions,Mega_Ball
9/3/2010,10,,2010,Mega Millions,Main
9/3/2010,13,,2010,Mega Millions,Main
9/3/2010,20,,2010,Mega Millions,Main
9/3/2010,28,,2010,Mega Millions,Main
9/3/2010,36,,2010,Mega Millions,Main
9/3/2010,9,,2010,Mega Millions,Mega_Ball
9/7/2010,8,,2010,Mega Millions,Main
9/7/2010,18,,2010,Mega Millions,Main
9/7/2010,22,,2010,Mega Millions,Main
9/7/2010,24,,2010,Mega Millions,Main
9/7/2010,38,,2010,Mega Millions,Main
9/7/2010,23,,2010,Mega Millions,Mega_Ball
9/10/2010,11,,2010,Mega Millions,Main
9/10/2010,12,,2010,Mega Millions,Main
9/10/2010,17,,2010,Mega Millions,Main
9/10/2010,21,,2010,Mega Millions,Main
9/10/2010,23,,2010,Mega Millions,Main
9/10/2010,20,,2010,Mega Millions,Mega_Ball
9/14/2010,6,,2010,Mega Millions,Main
9/14/2010,14,,2010,Mega Millions,Main
9/14/2010,50,,2010,Mega Millions,Main
9/14/2010,55,,2010,Mega Millions,Main
9/14/2010,56,,2010,Mega Millions,Main
9/14/2010,1,,2010,Mega Millions,Mega_Ball
9/17/2010,3,,2010,Mega Millions,Main
9/17/2010,4,,2010,Mega Millions,Main
9/17/2010,14,,2010,Mega Millions,Main
9/17/2010,18,,2010,Mega Millions,Main
9/17/2010,27,,2010,Mega Millions,Main
9/17/2010,13,,2010,Mega Millions,Mega_Ball
9/21/2010,3,,2010,Mega Millions,Main
9/21/2010,20,,2010,Mega Millions,Main
9/21/2010,43,,2010,Mega Millions,Main
9/21/2010,47,,2010,Mega Millions,Main
9/21/2010,52,,2010,Mega Millions,Main
9/21/2010,26,,2010,Mega Millions,Mega_Ball
9/24/2010,2,,2010,Mega Millions,Main
9/24/2010,28,,2010,Mega Millions,Main
9/24/2010,38,,2010,Mega Millions,Main
9/24/2010,42,,2010,Mega Millions,Main
9/24/2010,55,,2010,Mega Millions,Main
9/24/2010,25,,2010,Mega Millions,Mega_Ball
9/28/2010,2,,2010,Mega Millions,Main
9/28/2010,10,,2010,Mega Millions,Main
9/28/2010,13,,2010,Mega Millions,Main
9/28/2010,36,,2010,Mega Millions,Main
9/28/2010,38,,2010,Mega Millions,Main
9/28/2010,18,,2010,Mega Millions,Mega_Ball
10/1/2010,3,,2010,Mega Millions,Main
10/1/2010,8,,2010,Mega Millions,Main
10/1/2010,21,,2010,Mega Millions,Main
10/1/2010,28,,2010,Mega Millions,Main
10/1/2010,52,,2010,Mega Millions,Main
10/1/2010,43,,2010,Mega Millions,Mega_Ball
10/5/2010,10,,2010,Mega Millions,Main
10/5/2010,19,,2010,Mega Millions,Main
10/5/2010,24,,2010,Mega Millions,Main
10/5/2010,37,,2010,Mega Millions,Main
10/5/2010,44,,2010,Mega Millions,Main
10/5/2010,27,,2010,Mega Millions,Mega_Ball
10/8/2010,24,,2010,Mega Millions,Main
10/8/2010,29,,2010,Mega Millions,Main
10/8/2010,37,,2010,Mega Millions,Main
10/8/2010,48,,2010,Mega Millions,Main
10/8/2010,50,,2010,Mega Millions,Main
10/8/2010,19,,2010,Mega Millions,Mega_Ball
10/12/2010,10,,2010,Mega Millions,Main
10/12/2010,31,,2010,Mega Millions,Main
10/12/2010,36,,2010,Mega Millions,Main
10/12/2010,37,,2010,Mega Millions,Main
10/12/2010,43,,2010,Mega Millions,Main
10/12/2010,15,,2010,Mega Millions,Mega_Ball
10/15/2010,9,,2010,Mega Millions,Main
10/15/2010,10,,2010,Mega Millions,Main
10/15/2010,13,,2010,Mega Millions,Main
10/15/2010,31,,2010,Mega Millions,Main
10/15/2010,50,,2010,Mega Millions,Main
10/15/2010,10,,2010,Mega Millions,Mega_Ball
10/19/2010,2,,2010,Mega Millions,Main
10/19/2010,9,,2010,Mega Millions,Main
10/19/2010,14,,2010,Mega Millions,Main
10/19/2010,37,,2010,Mega Millions,Main
10/19/2010,42,,2010,Mega Millions,Main
10/19/2010,41,,2010,Mega Millions,Mega_Ball
10/22/2010,2,,2010,Mega Millions,Main
10/22/2010,7,,2010,Mega Millions,Main
10/22/2010,18,,2010,Mega Millions,Main
10/22/2010,32,,2010,Mega Millions,Main
10/22/2010,53,,2010,Mega Millions,Main
10/22/2010,18,,2010,Mega Millions,Mega_Ball
10/26/2010,15,,2010,Mega Millions,Main
10/26/2010,21,,2010,Mega Millions,Main
10/26/2010,30,,2010,Mega Millions,Main
10/26/2010,31,,2010,Mega Millions,Main
10/26/2010,32,,2010,Mega Millions,Main
10/26/2010,26,,2010,Mega Millions,Mega_Ball
10/29/2010,4,,2010,Mega Millions,Main
10/29/2010,19,,2010,Mega Millions,Main
10/29/2010,26,,2010,Mega Millions,Main
10/29/2010,28,,2010,Mega Millions,Main
10/29/2010,39,,2010,Mega Millions,Main
10/29/2010,14,,2010,Mega Millions,Mega_Ball
11/2/2010,1,,2010,Mega Millions,Main
11/2/2010,3,,2010,Mega Millions,Main
11/2/2010,12,,2010,Mega Millions,Main
11/2/2010,16,,2010,Mega Millions,Main
11/2/2010,54,,2010,Mega Millions,Main
11/2/2010,46,,2010,Mega Millions,Mega_Ball
11/5/2010,19,,2010,Mega Millions,Main
11/5/2010,25,,2010,Mega Millions,Main
11/5/2010,34,,2010,Mega Millions,Main
11/5/2010,46,,2010,Mega Millions,Main
11/5/2010,53,,2010,Mega Millions,Main
11/5/2010,15,,2010,Mega Millions,Mega_Ball
11/9/2010,8,,2010,Mega Millions,Main
11/9/2010,26,,2010,Mega Millions,Main
11/9/2010,28,,2010,Mega Millions,Main
11/9/2010,33,,2010,Mega Millions,Main
11/9/2010,53,,2010,Mega Millions,Main
11/9/2010,11,,2010,Mega Millions,Mega_Ball
11/12/2010,9,,2010,Mega Millions,Main
11/12/2010,26,,2010,Mega Millions,Main
11/12/2010,28,,2010,Mega Millions,Main
11/12/2010,35,,2010,Mega Millions,Main
11/12/2010,38,,2010,Mega Millions,Main
11/12/2010,10,,2010,Mega Millions,Mega_Ball
11/16/2010,1,,2010,Mega Millions,Main
11/16/2010,26,,2010,Mega Millions,Main
11/16/2010,27,,2010,Mega Millions,Main
11/16/2010,39,,2010,Mega Millions,Main
11/16/2010,46,,2010,Mega Millions,Main
11/16/2010,21,,2010,Mega Millions,Mega_Ball
11/19/2010,7,,2010,Mega Millions,Main
11/19/2010,14,,2010,Mega Millions,Main
11/19/2010,31,,2010,Mega Millions,Main
11/19/2010,51,,2010,Mega Millions,Main
11/19/2010,54,,2010,Mega Millions,Main
11/19/2010,35,,2010,Mega Millions,Mega_Ball
11/23/2010,2,,2010,Mega Millions,Main
11/23/2010,6,,2010,Mega Millions,Main
11/23/2010,12,,2010,Mega Millions,Main
11/23/2010,34,,2010,Mega Millions,Main
11/23/2010,35,,2010,Mega Millions,Main
11/23/2010,33,,2010,Mega Millions,Mega_Ball
11/26/2010,5,,2010,Mega Millions,Main
11/26/2010,9,,2010,Mega Millions,Main
11/26/2010,34,,2010,Mega Millions,Main
11/26/2010,43,,2010,Mega Millions,Main
11/26/2010,47,,2010,Mega Millions,Main
11/26/2010,8,,2010,Mega Millions,Mega_Ball
11/30/2010,11,,2010,Mega Millions,Main
11/30/2010,16,,2010,Mega Millions,Main
11/30/2010,19,,2010,Mega Millions,Main
11/30/2010,47,,2010,Mega Millions,Main
11/30/2010,53,,2010,Mega Millions,Main
11/30/2010,2,,2010,Mega Millions,Mega_Ball
12/3/2010,6,,2010,Mega Millions,Main
12/3/2010,11,,2010,Mega Millions,Main
12/3/2010,12,,2010,Mega Millions,Main
12/3/2010,18,,2010,Mega Millions,Main
12/3/2010,56,,2010,Mega Millions,Main
12/3/2010,12,,2010,Mega Millions,Mega_Ball
12/7/2010,4,,2010,Mega Millions,Main
12/7/2010,38,,2010,Mega Millions,Main
12/7/2010,45,,2010,Mega Millions,Main
12/7/2010,53,,2010,Mega Millions,Main
12/7/2010,54,,2010,Mega Millions,Main
12/7/2010,9,,2010,Mega Millions,Mega_Ball
12/10/2010,23,,2010,Mega Millions,Main
12/10/2010,27,,2010,Mega Millions,Main
12/10/2010,33,,2010,Mega Millions,Main
12/10/2010,44,,2010,Mega Millions,Main
12/10/2010,46,,2010,Mega Millions,Main
12/10/2010,36,,2010,Mega Millions,Mega_Ball
12/14/2010,18,,2010,Mega Millions,Main
12/14/2010,22,,2010,Mega Millions,Main
12/14/2010,25,,2010,Mega Millions,Main
12/14/2010,31,,2010,Mega Millions,Main
12/14/2010,38,,2010,Mega Millions,Main
12/14/2010,29,,2010,Mega Millions,Mega_Ball
12/17/2010,11,,2010,Mega Millions,Main
12/17/2010,20,,2010,Mega Millions,Main
12/17/2010,26,,2010,Mega Millions,Main
12/17/2010,46,,2010,Mega Millions,Main
12/17/2010,53,,2010,Mega Millions,Main
12/17/2010,12,,2010,Mega Millions,Mega_Ball
12/21/2010,8,,2010,Mega Millions,Main
12/21/2010,11,,2010,Mega Millions,Main
12/21/2010,12,,2010,Mega Millions,Main
12/21/2010,31,,2010,Mega Millions,Main
12/21/2010,32,,2010,Mega Millions,Main
12/21/2010,29,,2010,Mega Millions,Mega_Ball
12/24/2010,15,,2010,Mega Millions,Main
12/24/2010,16,,2010,Mega Millions,Main
12/24/2010,27,,2010,Mega Millions,Main
12/24/2010,40,,2010,Mega Millions,Main
12/24/2010,52,,2010,Mega Millions,Main
12/24/2010,16,,2010,Mega Millions,Mega_Ball
12/28/2010,6,,2010,Mega Millions,Main
12/28/2010,18,,2010,Mega Millions,Main
12/28/2010,36,,2010,Mega Millions,Main
12/28/2010,40,,2010,Mega Millions,Main
12/28/2010,49,,2010,Mega Millions,Main
12/28/2010,7,,2010,Mega Millions,Mega_Ball
12/31/2010,10,,2010,Mega Millions,Main
12/31/2010,12,,2010,Mega Millions,Main
12/31/2010,13,,2010,Mega Millions,Main
12/31/2010,35,,2010,Mega Millions,Main
12/31/2010,56,,2010,Mega Millions,Main
12/31/2010,9,,2010,Mega Millions,Mega_Ball
1/4/2011,4,,2011,Mega Millions,Main
1/4/2011,8,,2011,Mega Millions,Main
1/4/2011,15,,2011,Mega Millions,Main
1/4/2011,25,,2011,Mega Millions,Main
1/4/2011,47,,2011,Mega Millions,Main
1/4/2011,42,,2011,Mega Millions,Mega_Ball
1/7/2011,4,,2011,Mega Millions,Main
1/7/2011,22,,2011,Mega Millions,Main
1/7/2011,42,,2011,Mega Millions,Main
1/7/2011,46,,2011,Mega Millions,Main
1/7/2011,53,,2011,Mega Millions,Main
1/7/2011,20,,2011,Mega Millions,Mega_Ball
1/11/2011,1,,2011,Mega Millions,Main
1/11/2011,4,,2011,Mega Millions,Main
1/11/2011,11,,2011,Mega Millions,Main
1/11/2011,16,,2011,Mega Millions,Main
1/11/2011,45,,2011,Mega Millions,Main
1/11/2011,37,,2011,Mega Millions,Mega_Ball
1/14/2011,2,,2011,Mega Millions,Main
1/14/2011,15,,2011,Mega Millions,Main
1/14/2011,17,,2011,Mega Millions,Main
1/14/2011,33,,2011,Mega Millions,Main
1/14/2011,35,,2011,Mega Millions,Main
1/14/2011,8,,2011,Mega Millions,Mega_Ball
1/18/2011,4,4,2011,Mega Millions,Main
1/18/2011,27,4,2011,Mega Millions,Main
1/18/2011,29,4,2011,Mega Millions,Main
1/18/2011,38,4,2011,Mega Millions,Main
1/18/2011,45,4,2011,Mega Millions,Main
1/18/2011,5,4,2011,Mega Millions,Mega_Ball
1/21/2011,5,4,2011,Mega Millions,Main
1/21/2011,9,4,2011,Mega Millions,Main
1/21/2011,21,4,2011,Mega Millions,Main
1/21/2011,35,4,2011,Mega Millions,Main
1/21/2011,38,4,2011,Mega Millions,Main
1/21/2011,20,4,2011,Mega Millions,Mega_Ball
1/25/2011,5,4,2011,Mega Millions,Main
1/25/2011,8,4,2011,Mega Millions,Main
1/25/2011,31,4,2011,Mega Millions,Main
1/25/2011,46,4,2011,Mega Millions,Main
1/25/2011,50,4,2011,Mega Millions,Main
1/25/2011,4,4,2011,Mega Millions,Mega_Ball
1/28/2011,14,4,2011,Mega Millions,Main
1/28/2011,33,4,2011,Mega Millions,Main
1/28/2011,48,4,2011,Mega Millions,Main
1/28/2011,49,4,2011,Mega Millions,Main
1/28/2011,50,4,2011,Mega Millions,Main
1/28/2011,18,4,2011,Mega Millions,Mega_Ball
2/1/2011,16,4,2011,Mega Millions,Main
2/1/2011,22,4,2011,Mega Millions,Main
2/1/2011,23,4,2011,Mega Millions,Main
2/1/2011,26,4,2011,Mega Millions,Main
2/1/2011,35,4,2011,Mega Millions,Main
2/1/2011,31,4,2011,Mega Millions,Mega_Ball
2/4/2011,6,4,2011,Mega Millions,Main
2/4/2011,20,4,2011,Mega Millions,Main
2/4/2011,29,4,2011,Mega Millions,Main
2/4/2011,48,4,2011,Mega Millions,Main
2/4/2011,55,4,2011,Mega Millions,Main
2/4/2011,6,4,2011,Mega Millions,Mega_Ball
2/8/2011,25,2,2011,Mega Millions,Main
2/8/2011,35,2,2011,Mega Millions,Main
2/8/2011,36,2,2011,Mega Millions,Main
2/8/2011,47,2,2011,Mega Millions,Main
2/8/2011,48,2,2011,Mega Millions,Main
2/8/2011,18,2,2011,Mega Millions,Mega_Ball
2/11/2011,8,2,2011,Mega Millions,Main
2/11/2011,9,2,2011,Mega Millions,Main
2/11/2011,17,2,2011,Mega Millions,Main
2/11/2011,32,2,2011,Mega Millions,Main
2/11/2011,34,2,2011,Mega Millions,Main
2/11/2011,13,2,2011,Mega Millions,Mega_Ball
2/15/2011,17,4,2011,Mega Millions,Main
2/15/2011,18,4,2011,Mega Millions,Main
2/15/2011,24,4,2011,Mega Millions,Main
2/15/2011,35,4,2011,Mega Millions,Main
2/15/2011,39,4,2011,Mega Millions,Main
2/15/2011,18,4,2011,Mega Millions,Mega_Ball
2/18/2011,5,3,2011,Mega Millions,Main
2/18/2011,6,3,2011,Mega Millions,Main
2/18/2011,7,3,2011,Mega Millions,Main
2/18/2011,30,3,2011,Mega Millions,Main
2/18/2011,45,3,2011,Mega Millions,Main
2/18/2011,42,3,2011,Mega Millions,Mega_Ball
2/22/2011,15,4,2011,Mega Millions,Main
2/22/2011,22,4,2011,Mega Millions,Main
2/22/2011,23,4,2011,Mega Millions,Main
2/22/2011,48,4,2011,Mega Millions,Main
2/22/2011,55,4,2011,Mega Millions,Main
2/22/2011,31,4,2011,Mega Millions,Mega_Ball
2/25/2011,4,4,2011,Mega Millions,Main
2/25/2011,5,4,2011,Mega Millions,Main
2/25/2011,17,4,2011,Mega Millions,Main
2/25/2011,19,4,2011,Mega Millions,Main
2/25/2011,50,4,2011,Mega Millions,Main
2/25/2011,7,4,2011,Mega Millions,Mega_Ball
3/1/2011,1,3,2011,Mega Millions,Main
3/1/2011,12,3,2011,Mega Millions,Main
3/1/2011,19,3,2011,Mega Millions,Main
3/1/2011,20,3,2011,Mega Millions,Main
3/1/2011,47,3,2011,Mega Millions,Main
3/1/2011,25,3,2011,Mega Millions,Mega_Ball
3/4/2011,8,4,2011,Mega Millions,Main
3/4/2011,10,4,2011,Mega Millions,Main
3/4/2011,15,4,2011,Mega Millions,Main
3/4/2011,23,4,2011,Mega Millions,Main
3/4/2011,41,4,2011,Mega Millions,Main
3/4/2011,7,4,2011,Mega Millions,Mega_Ball
3/8/2011,3,4,2011,Mega Millions,Main
3/8/2011,17,4,2011,Mega Millions,Main
3/8/2011,19,4,2011,Mega Millions,Main
3/8/2011,41,4,2011,Mega Millions,Main
3/8/2011,55,4,2011,Mega Millions,Main
3/8/2011,24,4,2011,Mega Millions,Mega_Ball
3/11/2011,14,2,2011,Mega Millions,Main
3/11/2011,19,2,2011,Mega Millions,Main
3/11/2011,21,2,2011,Mega Millions,Main
3/11/2011,42,2,2011,Mega Millions,Main
3/11/2011,45,2,2011,Mega Millions,Main
3/11/2011,6,2,2011,Mega Millions,Mega_Ball
3/15/2011,10,4,2011,Mega Millions,Main
3/15/2011,11,4,2011,Mega Millions,Main
3/15/2011,12,4,2011,Mega Millions,Main
3/15/2011,28,4,2011,Mega Millions,Main
3/15/2011,43,4,2011,Mega Millions,Main
3/15/2011,45,4,2011,Mega Millions,Mega_Ball
3/18/2011,14,4,2011,Mega Millions,Main
3/18/2011,33,4,2011,Mega Millions,Main
3/18/2011,34,4,2011,Mega Millions,Main
3/18/2011,54,4,2011,Mega Millions,Main
3/18/2011,56,4,2011,Mega Millions,Main
3/18/2011,37,4,2011,Mega Millions,Mega_Ball
3/22/2011,1,4,2011,Mega Millions,Main
3/22/2011,14,4,2011,Mega Millions,Main
3/22/2011,35,4,2011,Mega Millions,Main
3/22/2011,50,4,2011,Mega Millions,Main
3/22/2011,53,4,2011,Mega Millions,Main
3/22/2011,43,4,2011,Mega Millions,Mega_Ball
3/25/2011,22,4,2011,Mega Millions,Main
3/25/2011,24,4,2011,Mega Millions,Main
3/25/2011,31,4,2011,Mega Millions,Main
3/25/2011,52,4,2011,Mega Millions,Main
3/25/2011,54,4,2011,Mega Millions,Main
3/25/2011,4,4,2011,Mega Millions,Mega_Ball
3/29/2011,6,4,2011,Mega Millions,Main
3/29/2011,15,4,2011,Mega Millions,Main
3/29/2011,23,4,2011,Mega Millions,Main
3/29/2011,34,4,2011,Mega Millions,Main
3/29/2011,38,4,2011,Mega Millions,Main
3/29/2011,43,4,2011,Mega Millions,Mega_Ball
4/1/2011,13,3,2011,Mega Millions,Main
4/1/2011,14,3,2011,Mega Millions,Main
4/1/2011,35,3,2011,Mega Millions,Main
4/1/2011,36,3,2011,Mega Millions,Main
4/1/2011,53,3,2011,Mega Millions,Main
4/1/2011,19,3,2011,Mega Millions,Mega_Ball
4/5/2011,1,2,2011,Mega Millions,Main
4/5/2011,19,2,2011,Mega Millions,Main
4/5/2011,20,2,2011,Mega Millions,Main
4/5/2011,31,2,2011,Mega Millions,Main
4/5/2011,36,2,2011,Mega Millions,Main
4/5/2011,9,2,2011,Mega Millions,Mega_Ball
4/8/2011,6,3,2011,Mega Millions,Main
4/8/2011,40,3,2011,Mega Millions,Main
4/8/2011,45,3,2011,Mega Millions,Main
4/8/2011,50,3,2011,Mega Millions,Main
4/8/2011,56,3,2011,Mega Millions,Main
4/8/2011,11,3,2011,Mega Millions,Mega_Ball
4/12/2011,10,2,2011,Mega Millions,Main
4/12/2011,23,2,2011,Mega Millions,Main
4/12/2011,39,2,2011,Mega Millions,Main
4/12/2011,41,2,2011,Mega Millions,Main
4/12/2011,45,2,2011,Mega Millions,Main
4/12/2011,15,2,2011,Mega Millions,Mega_Ball
4/15/2011,22,3,2011,Mega Millions,Main
4/15/2011,23,3,2011,Mega Millions,Main
4/15/2011,33,3,2011,Mega Millions,Main
4/15/2011,39,3,2011,Mega Millions,Main
4/15/2011,48,3,2011,Mega Millions,Main
4/15/2011,29,3,2011,Mega Millions,Mega_Ball
4/19/2011,20,4,2011,Mega Millions,Main
4/19/2011,24,4,2011,Mega Millions,Main
4/19/2011,32,4,2011,Mega Millions,Main
4/19/2011,45,4,2011,Mega Millions,Main
4/19/2011,51,4,2011,Mega Millions,Main
4/19/2011,43,4,2011,Mega Millions,Mega_Ball
4/22/2011,3,3,2011,Mega Millions,Main
4/22/2011,18,3,2011,Mega Millions,Main
4/22/2011,46,3,2011,Mega Millions,Main
4/22/2011,51,3,2011,Mega Millions,Main
4/22/2011,53,3,2011,Mega Millions,Main
4/22/2011,17,3,2011,Mega Millions,Mega_Ball
4/26/2011,19,3,2011,Mega Millions,Main
4/26/2011,29,3,2011,Mega Millions,Main
4/26/2011,32,3,2011,Mega Millions,Main
4/26/2011,38,3,2011,Mega Millions,Main
4/26/2011,55,3,2011,Mega Millions,Main
4/26/2011,15,3,2011,Mega Millions,Mega_Ball
4/29/2011,9,4,2011,Mega Millions,Main
4/29/2011,10,4,2011,Mega Millions,Main
4/29/2011,11,4,2011,Mega Millions,Main
4/29/2011,33,4,2011,Mega Millions,Main
4/29/2011,51,4,2011,Mega Millions,Main
4/29/2011,29,4,2011,Mega Millions,Mega_Ball
5/3/2011,1,2,2011,Mega Millions,Main
5/3/2011,16,2,2011,Mega Millions,Main
5/3/2011,29,2,2011,Mega Millions,Main
5/3/2011,36,2,2011,Mega Millions,Main
5/3/2011,50,2,2011,Mega Millions,Main
5/3/2011,16,2,2011,Mega Millions,Mega_Ball
5/6/2011,6,3,2011,Mega Millions,Main
5/6/2011,18,3,2011,Mega Millions,Main
5/6/2011,26,3,2011,Mega Millions,Main
5/6/2011,37,3,2011,Mega Millions,Main
5/6/2011,41,3,2011,Mega Millions,Main
5/6/2011,9,3,2011,Mega Millions,Mega_Ball
5/10/2011,11,4,2011,Mega Millions,Main
5/10/2011,16,4,2011,Mega Millions,Main
5/10/2011,34,4,2011,Mega Millions,Main
5/10/2011,40,4,2011,Mega Millions,Main
5/10/2011,51,4,2011,Mega Millions,Main
5/10/2011,34,4,2011,Mega Millions,Mega_Ball
5/13/2011,3,4,2011,Mega Millions,Main
5/13/2011,33,4,2011,Mega Millions,Main
5/13/2011,39,4,2011,Mega Millions,Main
5/13/2011,47,4,2011,Mega Millions,Main
5/13/2011,53,4,2011,Mega Millions,Main
5/13/2011,9,4,2011,Mega Millions,Mega_Ball
5/17/2011,1,4,2011,Mega Millions,Main
5/17/2011,2,4,2011,Mega Millions,Main
5/17/2011,17,4,2011,Mega Millions,Main
5/17/2011,25,4,2011,Mega Millions,Main
5/17/2011,48,4,2011,Mega Millions,Main
5/17/2011,45,4,2011,Mega Millions,Mega_Ball
5/20/2011,10,4,2011,Mega Millions,Main
5/20/2011,17,4,2011,Mega Millions,Main
5/20/2011,19,4,2011,Mega Millions,Main
5/20/2011,45,4,2011,Mega Millions,Main
5/20/2011,48,4,2011,Mega Millions,Main
5/20/2011,30,4,2011,Mega Millions,Mega_Ball
5/24/2011,9,3,2011,Mega Millions,Main
5/24/2011,12,3,2011,Mega Millions,Main
5/24/2011,21,3,2011,Mega Millions,Main
5/24/2011,42,3,2011,Mega Millions,Main
5/24/2011,43,3,2011,Mega Millions,Main
5/24/2011,42,3,2011,Mega Millions,Mega_Ball
5/27/2011,5,4,2011,Mega Millions,Main
5/27/2011,7,4,2011,Mega Millions,Main
5/27/2011,14,4,2011,Mega Millions,Main
5/27/2011,28,4,2011,Mega Millions,Main
5/27/2011,56,4,2011,Mega Millions,Main
5/27/2011,10,4,2011,Mega Millions,Mega_Ball
5/31/2011,28,3,2011,Mega Millions,Main
5/31/2011,30,3,2011,Mega Millions,Main
5/31/2011,31,3,2011,Mega Millions,Main
5/31/2011,37,3,2011,Mega Millions,Main
5/31/2011,55,3,2011,Mega Millions,Main
5/31/2011,13,3,2011,Mega Millions,Mega_Ball
6/3/2011,20,3,2011,Mega Millions,Main
6/3/2011,23,3,2011,Mega Millions,Main
6/3/2011,41,3,2011,Mega Millions,Main
6/3/2011,49,3,2011,Mega Millions,Main
6/3/2011,53,3,2011,Mega Millions,Main
6/3/2011,31,3,2011,Mega Millions,Mega_Ball
6/7/2011,29,4,2011,Mega Millions,Main
6/7/2011,32,4,2011,Mega Millions,Main
6/7/2011,35,4,2011,Mega Millions,Main
6/7/2011,47,4,2011,Mega Millions,Main
6/7/2011,52,4,2011,Mega Millions,Main
6/7/2011,13,4,2011,Mega Millions,Mega_Ball
6/10/2011,18,3,2011,Mega Millions,Main
6/10/2011,21,3,2011,Mega Millions,Main
6/10/2011,27,3,2011,Mega Millions,Main
6/10/2011,37,3,2011,Mega Millions,Main
6/10/2011,38,3,2011,Mega Millions,Main
6/10/2011,7,3,2011,Mega Millions,Mega_Ball
6/14/2011,9,4,2011,Mega Millions,Main
6/14/2011,10,4,2011,Mega Millions,Main
6/14/2011,20,4,2011,Mega Millions,Main
6/14/2011,51,4,2011,Mega Millions,Main
6/14/2011,53,4,2011,Mega Millions,Main
6/14/2011,24,4,2011,Mega Millions,Mega_Ball
6/17/2011,12,4,2011,Mega Millions,Main
6/17/2011,29,4,2011,Mega Millions,Main
6/17/2011,46,4,2011,Mega Millions,Main
6/17/2011,47,4,2011,Mega Millions,Main
6/17/2011,51,4,2011,Mega Millions,Main
6/17/2011,24,4,2011,Mega Millions,Mega_Ball
6/21/2011,11,3,2011,Mega Millions,Main
6/21/2011,24,3,2011,Mega Millions,Main
6/21/2011,25,3,2011,Mega Millions,Main
6/21/2011,31,3,2011,Mega Millions,Main
6/21/2011,46,3,2011,Mega Millions,Main
6/21/2011,17,3,2011,Mega Millions,Mega_Ball
6/24/2011,10,3,2011,Mega Millions,Main
6/24/2011,14,3,2011,Mega Millions,Main
6/24/2011,40,3,2011,Mega Millions,Main
6/24/2011,49,3,2011,Mega Millions,Main
6/24/2011,51,3,2011,Mega Millions,Main
6/24/2011,4,3,2011,Mega Millions,Mega_Ball
6/28/2011,12,4,2011,Mega Millions,Main
6/28/2011,17,4,2011,Mega Millions,Main
6/28/2011,27,4,2011,Mega Millions,Main
6/28/2011,47,4,2011,Mega Millions,Main
6/28/2011,48,4,2011,Mega Millions,Main
6/28/2011,33,4,2011,Mega Millions,Mega_Ball
7/1/2011,12,4,2011,Mega Millions,Main
7/1/2011,17,4,2011,Mega Millions,Main
7/1/2011,30,4,2011,Mega Millions,Main
7/1/2011,35,4,2011,Mega Millions,Main
7/1/2011,47,4,2011,Mega Millions,Main
7/1/2011,26,4,2011,Mega Millions,Mega_Ball
7/5/2011,1,2,2011,Mega Millions,Main
7/5/2011,10,2,2011,Mega Millions,Main
7/5/2011,13,2,2011,Mega Millions,Main
7/5/2011,18,2,2011,Mega Millions,Main
7/5/2011,46,2,2011,Mega Millions,Main
7/5/2011,19,2,2011,Mega Millions,Mega_Ball
7/8/2011,1,3,2011,Mega Millions,Main
7/8/2011,2,3,2011,Mega Millions,Main
7/8/2011,22,3,2011,Mega Millions,Main
7/8/2011,37,3,2011,Mega Millions,Main
7/8/2011,50,3,2011,Mega Millions,Main
7/8/2011,45,3,2011,Mega Millions,Mega_Ball
7/12/2011,3,4,2011,Mega Millions,Main
7/12/2011,9,4,2011,Mega Millions,Main
7/12/2011,11,4,2011,Mega Millions,Main
7/12/2011,44,4,2011,Mega Millions,Main
7/12/2011,49,4,2011,Mega Millions,Main
7/12/2011,9,4,2011,Mega Millions,Mega_Ball
7/15/2011,16,3,2011,Mega Millions,Main
7/15/2011,29,3,2011,Mega Millions,Main
7/15/2011,30,3,2011,Mega Millions,Main
7/15/2011,46,3,2011,Mega Millions,Main
7/15/2011,56,3,2011,Mega Millions,Main
7/15/2011,6,3,2011,Mega Millions,Mega_Ball
7/19/2011,2,4,2011,Mega Millions,Main
7/19/2011,9,4,2011,Mega Millions,Main
7/19/2011,10,4,2011,Mega Millions,Main
7/19/2011,16,4,2011,Mega Millions,Main
7/19/2011,35,4,2011,Mega Millions,Main
7/19/2011,40,4,2011,Mega Millions,Mega_Ball
7/22/2011,23,4,2011,Mega Millions,Main
7/22/2011,31,4,2011,Mega Millions,Main
7/22/2011,32,4,2011,Mega Millions,Main
7/22/2011,39,4,2011,Mega Millions,Main
7/22/2011,56,4,2011,Mega Millions,Main
7/22/2011,38,4,2011,Mega Millions,Mega_Ball
7/26/2011,20,3,2011,Mega Millions,Main
7/26/2011,25,3,2011,Mega Millions,Main
7/26/2011,35,3,2011,Mega Millions,Main
7/26/2011,52,3,2011,Mega Millions,Main
7/26/2011,55,3,2011,Mega Millions,Main
7/26/2011,10,3,2011,Mega Millions,Mega_Ball
7/29/2011,8,4,2011,Mega Millions,Main
7/29/2011,10,4,2011,Mega Millions,Main
7/29/2011,22,4,2011,Mega Millions,Main
7/29/2011,47,4,2011,Mega Millions,Main
7/29/2011,48,4,2011,Mega Millions,Main
7/29/2011,35,4,2011,Mega Millions,Mega_Ball
8/2/2011,14,4,2011,Mega Millions,Main
8/2/2011,17,4,2011,Mega Millions,Main
8/2/2011,19,4,2011,Mega Millions,Main
8/2/2011,20,4,2011,Mega Millions,Main
8/2/2011,32,4,2011,Mega Millions,Main
8/2/2011,28,4,2011,Mega Millions,Mega_Ball
8/5/2011,6,3,2011,Mega Millions,Main
8/5/2011,24,3,2011,Mega Millions,Main
8/5/2011,28,3,2011,Mega Millions,Main
8/5/2011,33,3,2011,Mega Millions,Main
8/5/2011,42,3,2011,Mega Millions,Main
8/5/2011,19,3,2011,Mega Millions,Mega_Ball
8/9/2011,11,4,2011,Mega Millions,Main
8/9/2011,19,4,2011,Mega Millions,Main
8/9/2011,39,4,2011,Mega Millions,Main
8/9/2011,45,4,2011,Mega Millions,Main
8/9/2011,54,4,2011,Mega Millions,Main
8/9/2011,15,4,2011,Mega Millions,Mega_Ball
8/12/2011,9,4,2011,Mega Millions,Main
8/12/2011,43,4,2011,Mega Millions,Main
8/12/2011,51,4,2011,Mega Millions,Main
8/12/2011,54,4,2011,Mega Millions,Main
8/12/2011,55,4,2011,Mega Millions,Main
8/12/2011,13,4,2011,Mega Millions,Mega_Ball
8/16/2011,4,4,2011,Mega Millions,Main
8/16/2011,38,4,2011,Mega Millions,Main
8/16/2011,41,4,2011,Mega Millions,Main
8/16/2011,42,4,2011,Mega Millions,Main
8/16/2011,43,4,2011,Mega Millions,Main
8/16/2011,44,4,2011,Mega Millions,Mega_Ball
8/19/2011,5,2,2011,Mega Millions,Main
8/19/2011,15,2,2011,Mega Millions,Main
8/19/2011,53,2,2011,Mega Millions,Main
8/19/2011,54,2,2011,Mega Millions,Main
8/19/2011,56,2,2011,Mega Millions,Main
8/19/2011,22,2,2011,Mega Millions,Mega_Ball
8/23/2011,11,3,2011,Mega Millions,Main
8/23/2011,21,3,2011,Mega Millions,Main
8/23/2011,44,3,2011,Mega Millions,Main
8/23/2011,48,3,2011,Mega Millions,Main
8/23/2011,49,3,2011,Mega Millions,Main
8/23/2011,23,3,2011,Mega Millions,Mega_Ball
8/26/2011,2,3,2011,Mega Millions,Main
8/26/2011,3,3,2011,Mega Millions,Main
8/26/2011,27,3,2011,Mega Millions,Main
8/26/2011,30,3,2011,Mega Millions,Main
8/26/2011,47,3,2011,Mega Millions,Main
8/26/2011,36,3,2011,Mega Millions,Mega_Ball
8/30/2011,2,4,2011,Mega Millions,Main
8/30/2011,22,4,2011,Mega Millions,Main
8/30/2011,25,4,2011,Mega Millions,Main
8/30/2011,28,4,2011,Mega Millions,Main
8/30/2011,50,4,2011,Mega Millions,Main
8/30/2011,18,4,2011,Mega Millions,Mega_Ball
9/2/2011,25,3,2011,Mega Millions,Main
9/2/2011,44,3,2011,Mega Millions,Main
9/2/2011,48,3,2011,Mega Millions,Main
9/2/2011,49,3,2011,Mega Millions,Main
9/2/2011,55,3,2011,Mega Millions,Main
9/2/2011,20,3,2011,Mega Millions,Mega_Ball
9/6/2011,1,4,2011,Mega Millions,Main
9/6/2011,36,4,2011,Mega Millions,Main
9/6/2011,38,4,2011,Mega Millions,Main
9/6/2011,42,4,2011,Mega Millions,Main
9/6/2011,49,4,2011,Mega Millions,Main
9/6/2011,19,4,2011,Mega Millions,Mega_Ball
9/9/2011,7,4,2011,Mega Millions,Main
9/9/2011,12,4,2011,Mega Millions,Main
9/9/2011,19,4,2011,Mega Millions,Main
9/9/2011,23,4,2011,Mega Millions,Main
9/9/2011,31,4,2011,Mega Millions,Main
9/9/2011,45,4,2011,Mega Millions,Mega_Ball
9/13/2011,22,4,2011,Mega Millions,Main
9/13/2011,31,4,2011,Mega Millions,Main
9/13/2011,43,4,2011,Mega Millions,Main
9/13/2011,48,4,2011,Mega Millions,Main
9/13/2011,56,4,2011,Mega Millions,Main
9/13/2011,45,4,2011,Mega Millions,Mega_Ball
9/16/2011,6,4,2011,Mega Millions,Main
9/16/2011,23,4,2011,Mega Millions,Main
9/16/2011,41,4,2011,Mega Millions,Main
9/16/2011,45,4,2011,Mega Millions,Main
9/16/2011,56,4,2011,Mega Millions,Main
9/16/2011,24,4,2011,Mega Millions,Mega_Ball
9/20/2011,6,4,2011,Mega Millions,Main
9/20/2011,29,4,2011,Mega Millions,Main
9/20/2011,38,4,2011,Mega Millions,Main
9/20/2011,50,4,2011,Mega Millions,Main
9/20/2011,51,4,2011,Mega Millions,Main
9/20/2011,39,4,2011,Mega Millions,Mega_Ball
9/23/2011,27,4,2011,Mega Millions,Main
9/23/2011,31,4,2011,Mega Millions,Main
9/23/2011,32,4,2011,Mega Millions,Main
9/23/2011,40,4,2011,Mega Millions,Main
9/23/2011,52,4,2011,Mega Millions,Main
9/23/2011,36,4,2011,Mega Millions,Mega_Ball
9/27/2011,2,4,2011,Mega Millions,Main
9/27/2011,20,4,2011,Mega Millions,Main
9/27/2011,28,4,2011,Mega Millions,Main
9/27/2011,36,4,2011,Mega Millions,Main
9/27/2011,45,4,2011,Mega Millions,Main
9/27/2011,37,4,2011,Mega Millions,Mega_Ball
9/30/2011,3,4,2011,Mega Millions,Main
9/30/2011,19,4,2011,Mega Millions,Main
9/30/2011,21,4,2011,Mega Millions,Main
9/30/2011,44,4,2011,Mega Millions,Main
9/30/2011,45,4,2011,Mega Millions,Main
9/30/2011,29,4,2011,Mega Millions,Mega_Ball
10/4/2011,3,3,2011,Mega Millions,Main
10/4/2011,26,3,2011,Mega Millions,Main
10/4/2011,40,3,2011,Mega Millions,Main
10/4/2011,45,3,2011,Mega Millions,Main
10/4/2011,52,3,2011,Mega Millions,Main
10/4/2011,11,3,2011,Mega Millions,Mega_Ball
10/7/2011,5,4,2011,Mega Millions,Main
10/7/2011,15,4,2011,Mega Millions,Main
10/7/2011,19,4,2011,Mega Millions,Main
10/7/2011,23,4,2011,Mega Millions,Main
10/7/2011,38,4,2011,Mega Millions,Main
10/7/2011,19,4,2011,Mega Millions,Mega_Ball
10/11/2011,25,4,2011,Mega Millions,Main
10/11/2011,34,4,2011,Mega Millions,Main
10/11/2011,38,4,2011,Mega Millions,Main
10/11/2011,44,4,2011,Mega Millions,Main
10/11/2011,56,4,2011,Mega Millions,Main
10/11/2011,27,4,2011,Mega Millions,Mega_Ball
10/14/2011,13,4,2011,Mega Millions,Main
10/14/2011,35,4,2011,Mega Millions,Main
10/14/2011,42,4,2011,Mega Millions,Main
10/14/2011,45,4,2011,Mega Millions,Main
10/14/2011,54,4,2011,Mega Millions,Main
10/14/2011,26,4,2011,Mega Millions,Mega_Ball
10/18/2011,24,2,2011,Mega Millions,Main
10/18/2011,25,2,2011,Mega Millions,Main
10/18/2011,45,2,2011,Mega Millions,Main
10/18/2011,47,2,2011,Mega Millions,Main
10/18/2011,53,2,2011,Mega Millions,Main
10/18/2011,42,2,2011,Mega Millions,Mega_Ball
10/21/2011,6,3,2011,Mega Millions,Main
10/21/2011,21,3,2011,Mega Millions,Main
10/21/2011,35,3,2011,Mega Millions,Main
10/21/2011,37,3,2011,Mega Millions,Main
10/21/2011,38,3,2011,Mega Millions,Main
10/21/2011,17,3,2011,Mega Millions,Mega_Ball
10/25/2011,13,4,2011,Mega Millions,Main
10/25/2011,33,4,2011,Mega Millions,Main
10/25/2011,40,4,2011,Mega Millions,Main
10/25/2011,44,4,2011,Mega Millions,Main
10/25/2011,46,4,2011,Mega Millions,Main
10/25/2011,8,4,2011,Mega Millions,Mega_Ball
10/28/2011,13,4,2011,Mega Millions,Main
10/28/2011,31,4,2011,Mega Millions,Main
10/28/2011,49,4,2011,Mega Millions,Main
10/28/2011,52,4,2011,Mega Millions,Main
10/28/2011,56,4,2011,Mega Millions,Main
10/28/2011,41,4,2011,Mega Millions,Mega_Ball
11/1/2011,27,3,2011,Mega Millions,Main
11/1/2011,31,3,2011,Mega Millions,Main
11/1/2011,39,3,2011,Mega Millions,Main
11/1/2011,40,3,2011,Mega Millions,Main
11/1/2011,46,3,2011,Mega Millions,Main
11/1/2011,36,3,2011,Mega Millions,Mega_Ball
11/4/2011,26,4,2011,Mega Millions,Main
11/4/2011,30,4,2011,Mega Millions,Main
11/4/2011,32,4,2011,Mega Millions,Main
11/4/2011,33,4,2011,Mega Millions,Main
11/4/2011,44,4,2011,Mega Millions,Main
11/4/2011,1,4,2011,Mega Millions,Mega_Ball
11/8/2011,5,4,2011,Mega Millions,Main
11/8/2011,31,4,2011,Mega Millions,Main
11/8/2011,45,4,2011,Mega Millions,Main
11/8/2011,47,4,2011,Mega Millions,Main
11/8/2011,54,4,2011,Mega Millions,Main
11/8/2011,4,4,2011,Mega Millions,Mega_Ball
11/11/2011,2,4,2011,Mega Millions,Main
11/11/2011,16,4,2011,Mega Millions,Main
11/11/2011,22,4,2011,Mega Millions,Main
11/11/2011,29,4,2011,Mega Millions,Main
11/11/2011,50,4,2011,Mega Millions,Main
11/11/2011,27,4,2011,Mega Millions,Mega_Ball
11/15/2011,3,4,2011,Mega Millions,Main
11/15/2011,6,4,2011,Mega Millions,Main
11/15/2011,24,4,2011,Mega Millions,Main
11/15/2011,30,4,2011,Mega Millions,Main
11/15/2011,33,4,2011,Mega Millions,Main
11/15/2011,21,4,2011,Mega Millions,Mega_Ball
11/18/2011,4,4,2011,Mega Millions,Main
11/18/2011,13,4,2011,Mega Millions,Main
11/18/2011,33,4,2011,Mega Millions,Main
11/18/2011,39,4,2011,Mega Millions,Main
11/18/2011,55,4,2011,Mega Millions,Main
11/18/2011,3,4,2011,Mega Millions,Mega_Ball
11/22/2011,4,2,2011,Mega Millions,Main
11/22/2011,16,2,2011,Mega Millions,Main
11/22/2011,23,2,2011,Mega Millions,Main
11/22/2011,33,2,2011,Mega Millions,Main
11/22/2011,48,2,2011,Mega Millions,Main
11/22/2011,38,2,2011,Mega Millions,Mega_Ball
11/25/2011,22,3,2011,Mega Millions,Main
11/25/2011,28,3,2011,Mega Millions,Main
11/25/2011,42,3,2011,Mega Millions,Main
11/25/2011,49,3,2011,Mega Millions,Main
11/25/2011,54,3,2011,Mega Millions,Main
11/25/2011,43,3,2011,Mega Millions,Mega_Ball
11/29/2011,17,4,2011,Mega Millions,Main
11/29/2011,29,4,2011,Mega Millions,Main
11/29/2011,43,4,2011,Mega Millions,Main
11/29/2011,48,4,2011,Mega Millions,Main
11/29/2011,52,4,2011,Mega Millions,Main
11/29/2011,36,4,2011,Mega Millions,Mega_Ball
12/2/2011,24,4,2011,Mega Millions,Main
12/2/2011,30,4,2011,Mega Millions,Main
12/2/2011,48,4,2011,Mega Millions,Main
12/2/2011,51,4,2011,Mega Millions,Main
12/2/2011,56,4,2011,Mega Millions,Main
12/2/2011,45,4,2011,Mega Millions,Mega_Ball
12/6/2011,7,4,2011,Mega Millions,Main
12/6/2011,21,4,2011,Mega Millions,Main
12/6/2011,29,4,2011,Mega Millions,Main
12/6/2011,35,4,2011,Mega Millions,Main
12/6/2011,49,4,2011,Mega Millions,Main
12/6/2011,39,4,2011,Mega Millions,Mega_Ball
12/9/2011,4,4,2011,Mega Millions,Main
12/9/2011,12,4,2011,Mega Millions,Main
12/9/2011,29,4,2011,Mega Millions,Main
12/9/2011,49,4,2011,Mega Millions,Main
12/9/2011,51,4,2011,Mega Millions,Main
12/9/2011,44,4,2011,Mega Millions,Mega_Ball
12/13/2011,5,4,2011,Mega Millions,Main
12/13/2011,6,4,2011,Mega Millions,Main
12/13/2011,22,4,2011,Mega Millions,Main
12/13/2011,26,4,2011,Mega Millions,Main
12/13/2011,41,4,2011,Mega Millions,Main
12/13/2011,6,4,2011,Mega Millions,Mega_Ball
12/16/2011,2,3,2011,Mega Millions,Main
12/16/2011,4,3,2011,Mega Millions,Main
12/16/2011,26,3,2011,Mega Millions,Main
12/16/2011,36,3,2011,Mega Millions,Main
12/16/2011,39,3,2011,Mega Millions,Main
12/16/2011,27,3,2011,Mega Millions,Mega_Ball
12/20/2011,20,4,2011,Mega Millions,Main
12/20/2011,24,4,2011,Mega Millions,Main
12/20/2011,27,4,2011,Mega Millions,Main
12/20/2011,45,4,2011,Mega Millions,Main
12/20/2011,51,4,2011,Mega Millions,Main
12/20/2011,31,4,2011,Mega Millions,Mega_Ball
12/23/2011,3,4,2011,Mega Millions,Main
12/23/2011,5,4,2011,Mega Millions,Main
12/23/2011,8,4,2011,Mega Millions,Main
12/23/2011,18,4,2011,Mega Millions,Main
12/23/2011,29,4,2011,Mega Millions,Main
12/23/2011,14,4,2011,Mega Millions,Mega_Ball
12/27/2011,23,3,2011,Mega Millions,Main
12/27/2011,32,3,2011,Mega Millions,Main
12/27/2011,33,3,2011,Mega Millions,Main
12/27/2011,39,3,2011,Mega Millions,Main
12/27/2011,43,3,2011,Mega Millions,Main
12/27/2011,8,3,2011,Mega Millions,Mega_Ball
12/30/2011,4,4,2011,Mega Millions,Main
12/30/2011,24,4,2011,Mega Millions,Main
12/30/2011,45,4,2011,Mega Millions,Main
12/30/2011,46,4,2011,Mega Millions,Main
12/30/2011,52,4,2011,Mega Millions,Main
12/30/2011,1,4,2011,Mega Millions,Mega_Ball
1/3/2012,2,2,2012,Mega Millions,Main
1/3/2012,3,2,2012,Mega Millions,Main
1/3/2012,15,2,2012,Mega Millions,Main
1/3/2012,22,2,2012,Mega Millions,Main
1/3/2012,36,2,2012,Mega Millions,Main
1/3/2012,23,2,2012,Mega Millions,Mega_Ball
1/6/2012,9,2,2012,Mega Millions,Main
1/6/2012,17,2,2012,Mega Millions,Main
1/6/2012,28,2,2012,Mega Millions,Main
1/6/2012,34,2,2012,Mega Millions,Main
1/6/2012,48,2,2012,Mega Millions,Main
1/6/2012,46,2,2012,Mega Millions,Mega_Ball
1/10/2012,4,3,2012,Mega Millions,Main
1/10/2012,10,3,2012,Mega Millions,Main
1/10/2012,16,3,2012,Mega Millions,Main
1/10/2012,38,3,2012,Mega Millions,Main
1/10/2012,48,3,2012,Mega Millions,Main
1/10/2012,34,3,2012,Mega Millions,Mega_Ball
1/13/2012,10,3,2012,Mega Millions,Main
1/13/2012,27,3,2012,Mega Millions,Main
1/13/2012,28,3,2012,Mega Millions,Main
1/13/2012,37,3,2012,Mega Millions,Main
1/13/2012,51,3,2012,Mega Millions,Main
1/13/2012,19,3,2012,Mega Millions,Mega_Ball
1/17/2012,3,2,2012,Mega Millions,Main
1/17/2012,15,2,2012,Mega Millions,Main
1/17/2012,31,2,2012,Mega Millions,Main
1/17/2012,36,2,2012,Mega Millions,Main
1/17/2012,53,2,2012,Mega Millions,Main
1/17/2012,27,2,2012,Mega Millions,Mega_Ball
1/20/2012,1,2,2012,Mega Millions,Main
1/20/2012,9,2,2012,Mega Millions,Main
1/20/2012,28,2,2012,Mega Millions,Main
1/20/2012,38,2,2012,Mega Millions,Main
1/20/2012,47,2,2012,Mega Millions,Main
1/20/2012,8,2,2012,Mega Millions,Mega_Ball
1/24/2012,10,4,2012,Mega Millions,Main
1/24/2012,22,4,2012,Mega Millions,Main
1/24/2012,24,4,2012,Mega Millions,Main
1/24/2012,36,4,2012,Mega Millions,Main
1/24/2012,49,4,2012,Mega Millions,Main
1/24/2012,33,4,2012,Mega Millions,Mega_Ball
1/27/2012,3,4,2012,Mega Millions,Main
1/27/2012,5,4,2012,Mega Millions,Main
1/27/2012,30,4,2012,Mega Millions,Main
1/27/2012,36,4,2012,Mega Millions,Main
1/27/2012,48,4,2012,Mega Millions,Main
1/27/2012,23,4,2012,Mega Millions,Mega_Ball
1/31/2012,9,3,2012,Mega Millions,Main
1/31/2012,17,3,2012,Mega Millions,Main
1/31/2012,18,3,2012,Mega Millions,Main
1/31/2012,28,3,2012,Mega Millions,Main
1/31/2012,43,3,2012,Mega Millions,Main
1/31/2012,9,3,2012,Mega Millions,Mega_Ball
2/3/2012,7,4,2012,Mega Millions,Main
2/3/2012,19,4,2012,Mega Millions,Main
2/3/2012,21,4,2012,Mega Millions,Main
2/3/2012,49,4,2012,Mega Millions,Main
2/3/2012,53,4,2012,Mega Millions,Main
2/3/2012,35,4,2012,Mega Millions,Mega_Ball
2/7/2012,17,4,2012,Mega Millions,Main
2/7/2012,23,4,2012,Mega Millions,Main
2/7/2012,30,4,2012,Mega Millions,Main
2/7/2012,37,4,2012,Mega Millions,Main
2/7/2012,45,4,2012,Mega Millions,Main
2/7/2012,4,4,2012,Mega Millions,Mega_Ball
2/10/2012,3,4,2012,Mega Millions,Main
2/10/2012,4,4,2012,Mega Millions,Main
2/10/2012,18,4,2012,Mega Millions,Main
2/10/2012,29,4,2012,Mega Millions,Main
2/10/2012,50,4,2012,Mega Millions,Main
2/10/2012,20,4,2012,Mega Millions,Mega_Ball
2/14/2012,3,2,2012,Mega Millions,Main
2/14/2012,5,2,2012,Mega Millions,Main
2/14/2012,10,2,2012,Mega Millions,Main
2/14/2012,26,2,2012,Mega Millions,Main
2/14/2012,27,2,2012,Mega Millions,Main
2/14/2012,27,2,2012,Mega Millions,Mega_Ball
2/17/2012,16,3,2012,Mega Millions,Main
2/17/2012,25,3,2012,Mega Millions,Main
2/17/2012,28,3,2012,Mega Millions,Main
2/17/2012,32,3,2012,Mega Millions,Main
2/17/2012,40,3,2012,Mega Millions,Main
2/17/2012,3,3,2012,Mega Millions,Mega_Ball
2/21/2012,9,3,2012,Mega Millions,Main
2/21/2012,30,3,2012,Mega Millions,Main
2/21/2012,39,3,2012,Mega Millions,Main
2/21/2012,42,3,2012,Mega Millions,Main
2/21/2012,47,3,2012,Mega Millions,Main
2/21/2012,37,3,2012,Mega Millions,Mega_Ball
2/24/2012,1,4,2012,Mega Millions,Main
2/24/2012,16,4,2012,Mega Millions,Main
2/24/2012,18,4,2012,Mega Millions,Main
2/24/2012,25,4,2012,Mega Millions,Main
2/24/2012,27,4,2012,Mega Millions,Main
2/24/2012,3,4,2012,Mega Millions,Mega_Ball
2/28/2012,6,3,2012,Mega Millions,Main
2/28/2012,15,3,2012,Mega Millions,Main
2/28/2012,29,3,2012,Mega Millions,Main
2/28/2012,39,3,2012,Mega Millions,Main
2/28/2012,51,3,2012,Mega Millions,Main
2/28/2012,36,3,2012,Mega Millions,Mega_Ball
3/2/2012,16,2,2012,Mega Millions,Main
3/2/2012,29,2,2012,Mega Millions,Main
3/2/2012,48,2,2012,Mega Millions,Main
3/2/2012,52,2,2012,Mega Millions,Main
3/2/2012,54,2,2012,Mega Millions,Main
3/2/2012,5,2,2012,Mega Millions,Mega_Ball
3/6/2012,20,4,2012,Mega Millions,Main
3/6/2012,24,4,2012,Mega Millions,Main
3/6/2012,31,4,2012,Mega Millions,Main
3/6/2012,33,4,2012,Mega Millions,Main
3/6/2012,36,4,2012,Mega Millions,Main
3/6/2012,44,4,2012,Mega Millions,Mega_Ball
3/9/2012,9,4,2012,Mega Millions,Main
3/9/2012,10,4,2012,Mega Millions,Main
3/9/2012,27,4,2012,Mega Millions,Main
3/9/2012,36,4,2012,Mega Millions,Main
3/9/2012,42,4,2012,Mega Millions,Main
3/9/2012,11,4,2012,Mega Millions,Mega_Ball
3/13/2012,2,3,2012,Mega Millions,Main
3/13/2012,8,3,2012,Mega Millions,Main
3/13/2012,30,3,2012,Mega Millions,Main
3/13/2012,36,3,2012,Mega Millions,Main
3/13/2012,48,3,2012,Mega Millions,Main
3/13/2012,31,3,2012,Mega Millions,Mega_Ball
3/16/2012,28,3,2012,Mega Millions,Main
3/16/2012,29,3,2012,Mega Millions,Main
3/16/2012,43,3,2012,Mega Millions,Main
3/16/2012,51,3,2012,Mega Millions,Main
3/16/2012,53,3,2012,Mega Millions,Main
3/16/2012,7,3,2012,Mega Millions,Mega_Ball
3/20/2012,1,4,2012,Mega Millions,Main
3/20/2012,4,4,2012,Mega Millions,Main
3/20/2012,6,4,2012,Mega Millions,Main
3/20/2012,11,4,2012,Mega Millions,Main
3/20/2012,14,4,2012,Mega Millions,Main
3/20/2012,30,4,2012,Mega Millions,Mega_Ball
3/23/2012,6,4,2012,Mega Millions,Main
3/23/2012,17,4,2012,Mega Millions,Main
3/23/2012,19,4,2012,Mega Millions,Main
3/23/2012,20,4,2012,Mega Millions,Main
3/23/2012,21,4,2012,Mega Millions,Main
3/23/2012,20,4,2012,Mega Millions,Mega_Ball
3/27/2012,9,3,2012,Mega Millions,Main
3/27/2012,19,3,2012,Mega Millions,Main
3/27/2012,34,3,2012,Mega Millions,Main
3/27/2012,44,3,2012,Mega Millions,Main
3/27/2012,51,3,2012,Mega Millions,Main
3/27/2012,24,3,2012,Mega Millions,Mega_Ball
3/30/2012,2,3,2012,Mega Millions,Main
3/30/2012,4,3,2012,Mega Millions,Main
3/30/2012,23,3,2012,Mega Millions,Main
3/30/2012,38,3,2012,Mega Millions,Main
3/30/2012,46,3,2012,Mega Millions,Main
3/30/2012,23,3,2012,Mega Millions,Mega_Ball
4/3/2012,11,4,2012,Mega Millions,Main
4/3/2012,35,4,2012,Mega Millions,Main
4/3/2012,38,4,2012,Mega Millions,Main
4/3/2012,41,4,2012,Mega Millions,Main
4/3/2012,52,4,2012,Mega Millions,Main
4/3/2012,40,4,2012,Mega Millions,Mega_Ball
4/6/2012,2,4,2012,Mega Millions,Main
4/6/2012,19,4,2012,Mega Millions,Main
4/6/2012,20,4,2012,Mega Millions,Main
4/6/2012,24,4,2012,Mega Millions,Main
4/6/2012,33,4,2012,Mega Millions,Main
4/6/2012,39,4,2012,Mega Millions,Mega_Ball
4/10/2012,2,4,2012,Mega Millions,Main
4/10/2012,6,4,2012,Mega Millions,Main
4/10/2012,12,4,2012,Mega Millions,Main
4/10/2012,31,4,2012,Mega Millions,Main
4/10/2012,48,4,2012,Mega Millions,Main
4/10/2012,25,4,2012,Mega Millions,Mega_Ball
4/13/2012,9,4,2012,Mega Millions,Main
4/13/2012,14,4,2012,Mega Millions,Main
4/13/2012,17,4,2012,Mega Millions,Main
4/13/2012,36,4,2012,Mega Millions,Main
4/13/2012,42,4,2012,Mega Millions,Main
4/13/2012,33,4,2012,Mega Millions,Mega_Ball
4/17/2012,1,4,2012,Mega Millions,Main
4/17/2012,16,4,2012,Mega Millions,Main
4/17/2012,24,4,2012,Mega Millions,Main
4/17/2012,32,4,2012,Mega Millions,Main
4/17/2012,48,4,2012,Mega Millions,Main
4/17/2012,2,4,2012,Mega Millions,Mega_Ball
4/20/2012,14,3,2012,Mega Millions,Main
4/20/2012,23,3,2012,Mega Millions,Main
4/20/2012,26,3,2012,Mega Millions,Main
4/20/2012,33,3,2012,Mega Millions,Main
4/20/2012,35,3,2012,Mega Millions,Main
4/20/2012,40,3,2012,Mega Millions,Mega_Ball
4/24/2012,3,4,2012,Mega Millions,Main
4/24/2012,9,4,2012,Mega Millions,Main
4/24/2012,15,4,2012,Mega Millions,Main
4/24/2012,37,4,2012,Mega Millions,Main
4/24/2012,38,4,2012,Mega Millions,Main
4/24/2012,39,4,2012,Mega Millions,Mega_Ball
4/27/2012,2,4,2012,Mega Millions,Main
4/27/2012,5,4,2012,Mega Millions,Main
4/27/2012,45,4,2012,Mega Millions,Main
4/27/2012,46,4,2012,Mega Millions,Main
4/27/2012,47,4,2012,Mega Millions,Main
4/27/2012,37,4,2012,Mega Millions,Mega_Ball
5/1/2012,24,4,2012,Mega Millions,Main
5/1/2012,27,4,2012,Mega Millions,Main
5/1/2012,31,4,2012,Mega Millions,Main
5/1/2012,45,4,2012,Mega Millions,Main
5/1/2012,52,4,2012,Mega Millions,Main
5/1/2012,38,4,2012,Mega Millions,Mega_Ball
5/4/2012,4,4,2012,Mega Millions,Main
5/4/2012,11,4,2012,Mega Millions,Main
5/4/2012,21,4,2012,Mega Millions,Main
5/4/2012,42,4,2012,Mega Millions,Main
5/4/2012,53,4,2012,Mega Millions,Main
5/4/2012,38,4,2012,Mega Millions,Mega_Ball
5/8/2012,2,3,2012,Mega Millions,Main
5/8/2012,6,3,2012,Mega Millions,Main
5/8/2012,8,3,2012,Mega Millions,Main
5/8/2012,18,3,2012,Mega Millions,Main
5/8/2012,51,3,2012,Mega Millions,Main
5/8/2012,19,3,2012,Mega Millions,Mega_Ball
5/11/2012,3,4,2012,Mega Millions,Main
5/11/2012,15,4,2012,Mega Millions,Main
5/11/2012,29,4,2012,Mega Millions,Main
5/11/2012,35,4,2012,Mega Millions,Main
5/11/2012,54,4,2012,Mega Millions,Main
5/11/2012,8,4,2012,Mega Millions,Mega_Ball
5/15/2012,10,4,2012,Mega Millions,Main
5/15/2012,11,4,2012,Mega Millions,Main
5/15/2012,12,4,2012,Mega Millions,Main
5/15/2012,14,4,2012,Mega Millions,Main
5/15/2012,24,4,2012,Mega Millions,Main
5/15/2012,6,4,2012,Mega Millions,Mega_Ball
5/18/2012,3,4,2012,Mega Millions,Main
5/18/2012,11,4,2012,Mega Millions,Main
5/18/2012,22,4,2012,Mega Millions,Main
5/18/2012,34,4,2012,Mega Millions,Main
5/18/2012,49,4,2012,Mega Millions,Main
5/18/2012,1,4,2012,Mega Millions,Mega_Ball
5/22/2012,10,2,2012,Mega Millions,Main
5/22/2012,14,2,2012,Mega Millions,Main
5/22/2012,35,2,2012,Mega Millions,Main
5/22/2012,43,2,2012,Mega Millions,Main
5/22/2012,52,2,2012,Mega Millions,Main
5/22/2012,16,2,2012,Mega Millions,Mega_Ball
5/25/2012,9,4,2012,Mega Millions,Main
5/25/2012,15,4,2012,Mega Millions,Main
5/25/2012,21,4,2012,Mega Millions,Main
5/25/2012,40,4,2012,Mega Millions,Main
5/25/2012,54,4,2012,Mega Millions,Main
5/25/2012,11,4,2012,Mega Millions,Mega_Ball
5/29/2012,2,3,2012,Mega Millions,Main
5/29/2012,14,3,2012,Mega Millions,Main
5/29/2012,29,3,2012,Mega Millions,Main
5/29/2012,53,3,2012,Mega Millions,Main
5/29/2012,55,3,2012,Mega Millions,Main
5/29/2012,31,3,2012,Mega Millions,Mega_Ball
6/1/2012,2,3,2012,Mega Millions,Main
6/1/2012,27,3,2012,Mega Millions,Main
6/1/2012,38,3,2012,Mega Millions,Main
6/1/2012,46,3,2012,Mega Millions,Main
6/1/2012,52,3,2012,Mega Millions,Main
6/1/2012,45,3,2012,Mega Millions,Mega_Ball
6/5/2012,37,3,2012,Mega Millions,Main
6/5/2012,39,3,2012,Mega Millions,Main
6/5/2012,42,3,2012,Mega Millions,Main
6/5/2012,53,3,2012,Mega Millions,Main
6/5/2012,55,3,2012,Mega Millions,Main
6/5/2012,22,3,2012,Mega Millions,Mega_Ball
6/8/2012,4,3,2012,Mega Millions,Main
6/8/2012,9,3,2012,Mega Millions,Main
6/8/2012,34,3,2012,Mega Millions,Main
6/8/2012,40,3,2012,Mega Millions,Main
6/8/2012,48,3,2012,Mega Millions,Main
6/8/2012,25,3,2012,Mega Millions,Mega_Ball
6/12/2012,2,4,2012,Mega Millions,Main
6/12/2012,9,4,2012,Mega Millions,Main
6/12/2012,17,4,2012,Mega Millions,Main
6/12/2012,34,4,2012,Mega Millions,Main
6/12/2012,50,4,2012,Mega Millions,Main
6/12/2012,45,4,2012,Mega Millions,Mega_Ball
6/15/2012,8,3,2012,Mega Millions,Main
6/15/2012,12,3,2012,Mega Millions,Main
6/15/2012,18,3,2012,Mega Millions,Main
6/15/2012,30,3,2012,Mega Millions,Main
6/15/2012,40,3,2012,Mega Millions,Main
6/15/2012,4,3,2012,Mega Millions,Mega_Ball
6/19/2012,11,2,2012,Mega Millions,Main
6/19/2012,21,2,2012,Mega Millions,Main
6/19/2012,27,2,2012,Mega Millions,Main
6/19/2012,30,2,2012,Mega Millions,Main
6/19/2012,53,2,2012,Mega Millions,Main
6/19/2012,11,2,2012,Mega Millions,Mega_Ball
6/22/2012,10,3,2012,Mega Millions,Main
6/22/2012,16,3,2012,Mega Millions,Main
6/22/2012,19,3,2012,Mega Millions,Main
6/22/2012,32,3,2012,Mega Millions,Main
6/22/2012,36,3,2012,Mega Millions,Main
6/22/2012,13,3,2012,Mega Millions,Mega_Ball
6/26/2012,3,4,2012,Mega Millions,Main
6/26/2012,16,4,2012,Mega Millions,Main
6/26/2012,23,4,2012,Mega Millions,Main
6/26/2012,35,4,2012,Mega Millions,Main
6/26/2012,36,4,2012,Mega Millions,Main
6/26/2012,20,4,2012,Mega Millions,Mega_Ball
6/29/2012,28,4,2012,Mega Millions,Main
6/29/2012,34,4,2012,Mega Millions,Main
6/29/2012,39,4,2012,Mega Millions,Main
6/29/2012,45,4,2012,Mega Millions,Main
6/29/2012,53,4,2012,Mega Millions,Main
6/29/2012,34,4,2012,Mega Millions,Mega_Ball
7/3/2012,3,4,2012,Mega Millions,Main
7/3/2012,4,4,2012,Mega Millions,Main
7/3/2012,24,4,2012,Mega Millions,Main
7/3/2012,36,4,2012,Mega Millions,Main
7/3/2012,52,4,2012,Mega Millions,Main
7/3/2012,45,4,2012,Mega Millions,Mega_Ball
7/6/2012,20,3,2012,Mega Millions,Main
7/6/2012,23,3,2012,Mega Millions,Main
7/6/2012,28,3,2012,Mega Millions,Main
7/6/2012,35,3,2012,Mega Millions,Main
7/6/2012,39,3,2012,Mega Millions,Main
7/6/2012,21,3,2012,Mega Millions,Mega_Ball
7/10/2012,3,4,2012,Mega Millions,Main
7/10/2012,11,4,2012,Mega Millions,Main
7/10/2012,19,4,2012,Mega Millions,Main
7/10/2012,23,4,2012,Mega Millions,Main
7/10/2012,36,4,2012,Mega Millions,Main
7/10/2012,21,4,2012,Mega Millions,Mega_Ball
7/13/2012,6,2,2012,Mega Millions,Main
7/13/2012,7,2,2012,Mega Millions,Main
7/13/2012,13,2,2012,Mega Millions,Main
7/13/2012,24,2,2012,Mega Millions,Main
7/13/2012,46,2,2012,Mega Millions,Main
7/13/2012,34,2,2012,Mega Millions,Mega_Ball
7/17/2012,1,4,2012,Mega Millions,Main
7/17/2012,13,4,2012,Mega Millions,Main
7/17/2012,21,4,2012,Mega Millions,Main
7/17/2012,49,4,2012,Mega Millions,Main
7/17/2012,55,4,2012,Mega Millions,Main
7/17/2012,17,4,2012,Mega Millions,Mega_Ball
7/20/2012,2,3,2012,Mega Millions,Main
7/20/2012,44,3,2012,Mega Millions,Main
7/20/2012,48,3,2012,Mega Millions,Main
7/20/2012,50,3,2012,Mega Millions,Main
7/20/2012,52,3,2012,Mega Millions,Main
7/20/2012,3,3,2012,Mega Millions,Mega_Ball
7/24/2012,5,4,2012,Mega Millions,Main
7/24/2012,9,4,2012,Mega Millions,Main
7/24/2012,38,4,2012,Mega Millions,Main
7/24/2012,46,4,2012,Mega Millions,Main
7/24/2012,51,4,2012,Mega Millions,Main
7/24/2012,5,4,2012,Mega Millions,Mega_Ball
7/27/2012,2,3,2012,Mega Millions,Main
7/27/2012,3,3,2012,Mega Millions,Main
7/27/2012,4,3,2012,Mega Millions,Main
7/27/2012,8,3,2012,Mega Millions,Main
7/27/2012,43,3,2012,Mega Millions,Main
7/27/2012,26,3,2012,Mega Millions,Mega_Ball
7/31/2012,5,3,2012,Mega Millions,Main
7/31/2012,18,3,2012,Mega Millions,Main
7/31/2012,21,3,2012,Mega Millions,Main
7/31/2012,29,3,2012,Mega Millions,Main
7/31/2012,41,3,2012,Mega Millions,Main
7/31/2012,37,3,2012,Mega Millions,Mega_Ball
8/3/2012,2,3,2012,Mega Millions,Main
8/3/2012,10,3,2012,Mega Millions,Main
8/3/2012,13,3,2012,Mega Millions,Main
8/3/2012,38,3,2012,Mega Millions,Main
8/3/2012,46,3,2012,Mega Millions,Main
8/3/2012,2,3,2012,Mega Millions,Mega_Ball
8/7/2012,30,4,2012,Mega Millions,Main
8/7/2012,32,4,2012,Mega Millions,Main
8/7/2012,33,4,2012,Mega Millions,Main
8/7/2012,42,4,2012,Mega Millions,Main
8/7/2012,48,4,2012,Mega Millions,Main
8/7/2012,7,4,2012,Mega Millions,Mega_Ball
8/10/2012,10,4,2012,Mega Millions,Main
8/10/2012,18,4,2012,Mega Millions,Main
8/10/2012,36,4,2012,Mega Millions,Main
8/10/2012,38,4,2012,Mega Millions,Main
8/10/2012,44,4,2012,Mega Millions,Main
8/10/2012,8,4,2012,Mega Millions,Mega_Ball
8/14/2012,15,4,2012,Mega Millions,Main
8/14/2012,23,4,2012,Mega Millions,Main
8/14/2012,34,4,2012,Mega Millions,Main
8/14/2012,39,4,2012,Mega Millions,Main
8/14/2012,55,4,2012,Mega Millions,Main
8/14/2012,32,4,2012,Mega Millions,Mega_Ball
8/17/2012,8,3,2012,Mega Millions,Main
8/17/2012,20,3,2012,Mega Millions,Main
8/17/2012,24,3,2012,Mega Millions,Main
8/17/2012,35,3,2012,Mega Millions,Main
8/17/2012,56,3,2012,Mega Millions,Main
8/17/2012,24,3,2012,Mega Millions,Mega_Ball
8/21/2012,5,2,2012,Mega Millions,Main
8/21/2012,13,2,2012,Mega Millions,Main
8/21/2012,20,2,2012,Mega Millions,Main
8/21/2012,23,2,2012,Mega Millions,Main
8/21/2012,33,2,2012,Mega Millions,Main
8/21/2012,30,2,2012,Mega Millions,Mega_Ball
8/24/2012,25,2,2012,Mega Millions,Main
8/24/2012,34,2,2012,Mega Millions,Main
8/24/2012,45,2,2012,Mega Millions,Main
8/24/2012,46,2,2012,Mega Millions,Main
8/24/2012,49,2,2012,Mega Millions,Main
8/24/2012,34,2,2012,Mega Millions,Mega_Ball
8/28/2012,4,4,2012,Mega Millions,Main
8/28/2012,9,4,2012,Mega Millions,Main
8/28/2012,40,4,2012,Mega Millions,Main
8/28/2012,45,4,2012,Mega Millions,Main
8/28/2012,50,4,2012,Mega Millions,Main
8/28/2012,39,4,2012,Mega Millions,Mega_Ball
8/31/2012,31,3,2012,Mega Millions,Main
8/31/2012,40,3,2012,Mega Millions,Main
8/31/2012,41,3,2012,Mega Millions,Main
8/31/2012,47,3,2012,Mega Millions,Main
8/31/2012,48,3,2012,Mega Millions,Main
8/31/2012,45,3,2012,Mega Millions,Mega_Ball
9/4/2012,16,3,2012,Mega Millions,Main
9/4/2012,32,3,2012,Mega Millions,Main
9/4/2012,39,3,2012,Mega Millions,Main
9/4/2012,41,3,2012,Mega Millions,Main
9/4/2012,53,3,2012,Mega Millions,Main
9/4/2012,16,3,2012,Mega Millions,Mega_Ball
9/7/2012,15,4,2012,Mega Millions,Main
9/7/2012,32,4,2012,Mega Millions,Main
9/7/2012,38,4,2012,Mega Millions,Main
9/7/2012,42,4,2012,Mega Millions,Main
9/7/2012,46,4,2012,Mega Millions,Main
9/7/2012,31,4,2012,Mega Millions,Mega_Ball
9/11/2012,5,3,2012,Mega Millions,Main
9/11/2012,11,3,2012,Mega Millions,Main
9/11/2012,20,3,2012,Mega Millions,Main
9/11/2012,33,3,2012,Mega Millions,Main
9/11/2012,36,3,2012,Mega Millions,Main
9/11/2012,11,3,2012,Mega Millions,Mega_Ball
9/14/2012,16,4,2012,Mega Millions,Main
9/14/2012,17,4,2012,Mega Millions,Main
9/14/2012,21,4,2012,Mega Millions,Main
9/14/2012,40,4,2012,Mega Millions,Main
9/14/2012,51,4,2012,Mega Millions,Main
9/14/2012,20,4,2012,Mega Millions,Mega_Ball
9/18/2012,5,3,2012,Mega Millions,Main
9/18/2012,9,3,2012,Mega Millions,Main
9/18/2012,22,3,2012,Mega Millions,Main
9/18/2012,36,3,2012,Mega Millions,Main
9/18/2012,49,3,2012,Mega Millions,Main
9/18/2012,36,3,2012,Mega Millions,Mega_Ball
9/21/2012,3,4,2012,Mega Millions,Main
9/21/2012,13,4,2012,Mega Millions,Main
9/21/2012,14,4,2012,Mega Millions,Main
9/21/2012,46,4,2012,Mega Millions,Main
9/21/2012,55,4,2012,Mega Millions,Main
9/21/2012,34,4,2012,Mega Millions,Mega_Ball
9/25/2012,7,3,2012,Mega Millions,Main
9/25/2012,8,3,2012,Mega Millions,Main
9/25/2012,23,3,2012,Mega Millions,Main
9/25/2012,50,3,2012,Mega Millions,Main
9/25/2012,51,3,2012,Mega Millions,Main
9/25/2012,26,3,2012,Mega Millions,Mega_Ball
9/28/2012,6,4,2012,Mega Millions,Main
9/28/2012,8,4,2012,Mega Millions,Main
9/28/2012,14,4,2012,Mega Millions,Main
9/28/2012,43,4,2012,Mega Millions,Main
9/28/2012,56,4,2012,Mega Millions,Main
9/28/2012,28,4,2012,Mega Millions,Mega_Ball
10/2/2012,10,4,2012,Mega Millions,Main
10/2/2012,11,4,2012,Mega Millions,Main
10/2/2012,20,4,2012,Mega Millions,Main
10/2/2012,42,4,2012,Mega Millions,Main
10/2/2012,55,4,2012,Mega Millions,Main
10/2/2012,9,4,2012,Mega Millions,Mega_Ball
10/5/2012,8,3,2012,Mega Millions,Main
10/5/2012,9,3,2012,Mega Millions,Main
10/5/2012,16,3,2012,Mega Millions,Main
10/5/2012,32,3,2012,Mega Millions,Main
10/5/2012,39,3,2012,Mega Millions,Main
10/5/2012,15,3,2012,Mega Millions,Mega_Ball
10/9/2012,6,4,2012,Mega Millions,Main
10/9/2012,15,4,2012,Mega Millions,Main
10/9/2012,16,4,2012,Mega Millions,Main
10/9/2012,22,4,2012,Mega Millions,Main
10/9/2012,37,4,2012,Mega Millions,Main
10/9/2012,3,4,2012,Mega Millions,Mega_Ball
10/12/2012,6,4,2012,Mega Millions,Main
10/12/2012,10,4,2012,Mega Millions,Main
10/12/2012,24,4,2012,Mega Millions,Main
10/12/2012,26,4,2012,Mega Millions,Main
10/12/2012,42,4,2012,Mega Millions,Main
10/12/2012,15,4,2012,Mega Millions,Mega_Ball
10/16/2012,13,4,2012,Mega Millions,Main
10/16/2012,37,4,2012,Mega Millions,Main
10/16/2012,40,4,2012,Mega Millions,Main
10/16/2012,46,4,2012,Mega Millions,Main
10/16/2012,52,4,2012,Mega Millions,Main
10/16/2012,29,4,2012,Mega Millions,Mega_Ball
10/19/2012,14,3,2012,Mega Millions,Main
10/19/2012,34,3,2012,Mega Millions,Main
10/19/2012,36,3,2012,Mega Millions,Main
10/19/2012,48,3,2012,Mega Millions,Main
10/19/2012,53,3,2012,Mega Millions,Main
10/19/2012,42,3,2012,Mega Millions,Mega_Ball
10/23/2012,1,2,2012,Mega Millions,Main
10/23/2012,17,2,2012,Mega Millions,Main
10/23/2012,42,2,2012,Mega Millions,Main
10/23/2012,46,2,2012,Mega Millions,Main
10/23/2012,55,2,2012,Mega Millions,Main
10/23/2012,1,2,2012,Mega Millions,Mega_Ball
10/26/2012,4,2,2012,Mega Millions,Main
10/26/2012,15,2,2012,Mega Millions,Main
10/26/2012,24,2,2012,Mega Millions,Main
10/26/2012,36,2,2012,Mega Millions,Main
10/26/2012,40,2,2012,Mega Millions,Main
10/26/2012,44,2,2012,Mega Millions,Mega_Ball
10/30/2012,5,4,2012,Mega Millions,Main
10/30/2012,12,4,2012,Mega Millions,Main
10/30/2012,18,4,2012,Mega Millions,Main
10/30/2012,29,4,2012,Mega Millions,Main
10/30/2012,56,4,2012,Mega Millions,Main
10/30/2012,38,4,2012,Mega Millions,Mega_Ball
11/2/2012,4,3,2012,Mega Millions,Main
11/2/2012,18,3,2012,Mega Millions,Main
11/2/2012,22,3,2012,Mega Millions,Main
11/2/2012,38,3,2012,Mega Millions,Main
11/2/2012,44,3,2012,Mega Millions,Main
11/2/2012,24,3,2012,Mega Millions,Mega_Ball
11/6/2012,3,3,2012,Mega Millions,Main
11/6/2012,5,3,2012,Mega Millions,Main
11/6/2012,13,3,2012,Mega Millions,Main
11/6/2012,32,3,2012,Mega Millions,Main
11/6/2012,35,3,2012,Mega Millions,Main
11/6/2012,6,3,2012,Mega Millions,Mega_Ball
11/9/2012,18,4,2012,Mega Millions,Main
11/9/2012,22,4,2012,Mega Millions,Main
11/9/2012,33,4,2012,Mega Millions,Main
11/9/2012,35,4,2012,Mega Millions,Main
11/9/2012,40,4,2012,Mega Millions,Main
11/9/2012,11,4,2012,Mega Millions,Mega_Ball
11/13/2012,6,2,2012,Mega Millions,Main
11/13/2012,12,2,2012,Mega Millions,Main
11/13/2012,31,2,2012,Mega Millions,Main
11/13/2012,46,2,2012,Mega Millions,Main
11/13/2012,56,2,2012,Mega Millions,Main
11/13/2012,34,2,2012,Mega Millions,Mega_Ball
11/16/2012,5,4,2012,Mega Millions,Main
11/16/2012,24,4,2012,Mega Millions,Main
11/16/2012,26,4,2012,Mega Millions,Main
11/16/2012,29,4,2012,Mega Millions,Main
11/16/2012,53,4,2012,Mega Millions,Main
11/16/2012,36,4,2012,Mega Millions,Mega_Ball
11/20/2012,9,4,2012,Mega Millions,Main
11/20/2012,13,4,2012,Mega Millions,Main
11/20/2012,22,4,2012,Mega Millions,Main
11/20/2012,38,4,2012,Mega Millions,Main
11/20/2012,52,4,2012,Mega Millions,Main
11/20/2012,44,4,2012,Mega Millions,Mega_Ball
11/23/2012,8,4,2012,Mega Millions,Main
11/23/2012,37,4,2012,Mega Millions,Main
11/23/2012,44,4,2012,Mega Millions,Main
11/23/2012,47,4,2012,Mega Millions,Main
11/23/2012,48,4,2012,Mega Millions,Main
11/23/2012,27,4,2012,Mega Millions,Mega_Ball
11/27/2012,5,4,2012,Mega Millions,Main
11/27/2012,12,4,2012,Mega Millions,Main
11/27/2012,26,4,2012,Mega Millions,Main
11/27/2012,42,4,2012,Mega Millions,Main
11/27/2012,49,4,2012,Mega Millions,Main
11/27/2012,24,4,2012,Mega Millions,Mega_Ball
11/30/2012,11,3,2012,Mega Millions,Main
11/30/2012,22,3,2012,Mega Millions,Main
11/30/2012,24,3,2012,Mega Millions,Main
11/30/2012,28,3,2012,Mega Millions,Main
11/30/2012,31,3,2012,Mega Millions,Main
11/30/2012,46,3,2012,Mega Millions,Mega_Ball
12/4/2012,3,4,2012,Mega Millions,Main
12/4/2012,19,4,2012,Mega Millions,Main
12/4/2012,24,4,2012,Mega Millions,Main
12/4/2012,32,4,2012,Mega Millions,Main
12/4/2012,43,4,2012,Mega Millions,Main
12/4/2012,44,4,2012,Mega Millions,Mega_Ball
12/7/2012,7,3,2012,Mega Millions,Main
12/7/2012,43,3,2012,Mega Millions,Main
12/7/2012,44,3,2012,Mega Millions,Main
12/7/2012,51,3,2012,Mega Millions,Main
12/7/2012,56,3,2012,Mega Millions,Main
12/7/2012,4,3,2012,Mega Millions,Mega_Ball
12/11/2012,39,4,2012,Mega Millions,Main
12/11/2012,44,4,2012,Mega Millions,Main
12/11/2012,51,4,2012,Mega Millions,Main
12/11/2012,52,4,2012,Mega Millions,Main
12/11/2012,54,4,2012,Mega Millions,Main
12/11/2012,13,4,2012,Mega Millions,Mega_Ball
12/14/2012,11,4,2012,Mega Millions,Main
12/14/2012,28,4,2012,Mega Millions,Main
12/14/2012,33,4,2012,Mega Millions,Main
12/14/2012,41,4,2012,Mega Millions,Main
12/14/2012,43,4,2012,Mega Millions,Main
12/14/2012,41,4,2012,Mega Millions,Mega_Ball
12/18/2012,1,3,2012,Mega Millions,Main
12/18/2012,6,3,2012,Mega Millions,Main
12/18/2012,7,3,2012,Mega Millions,Main
12/18/2012,18,3,2012,Mega Millions,Main
12/18/2012,29,3,2012,Mega Millions,Main
12/18/2012,16,3,2012,Mega Millions,Mega_Ball
12/21/2012,3,3,2012,Mega Millions,Main
12/21/2012,18,3,2012,Mega Millions,Main
12/21/2012,32,3,2012,Mega Millions,Main
12/21/2012,41,3,2012,Mega Millions,Main
12/21/2012,56,3,2012,Mega Millions,Main
12/21/2012,19,3,2012,Mega Millions,Mega_Ball
12/25/2012,2,4,2012,Mega Millions,Main
12/25/2012,3,4,2012,Mega Millions,Main
12/25/2012,18,4,2012,Mega Millions,Main
12/25/2012,34,4,2012,Mega Millions,Main
12/25/2012,48,4,2012,Mega Millions,Main
12/25/2012,36,4,2012,Mega Millions,Mega_Ball
12/28/2012,10,4,2012,Mega Millions,Main
12/28/2012,13,4,2012,Mega Millions,Main
12/28/2012,32,4,2012,Mega Millions,Main
12/28/2012,40,4,2012,Mega Millions,Main
12/28/2012,41,4,2012,Mega Millions,Main
12/28/2012,32,4,2012,Mega Millions,Mega_Ball
1/1/2013,4,4,2013,Mega Millions,Main
1/1/2013,11,4,2013,Mega Millions,Main
1/1/2013,21,4,2013,Mega Millions,Main
1/1/2013,25,4,2013,Mega Millions,Main
1/1/2013,44,4,2013,Mega Millions,Main
1/1/2013,29,4,2013,Mega Millions,Mega_Ball
1/4/2013,1,4,2013,Mega Millions,Main
1/4/2013,2,4,2013,Mega Millions,Main
1/4/2013,23,4,2013,Mega Millions,Main
1/4/2013,25,4,2013,Mega Millions,Main
1/4/2013,55,4,2013,Mega Millions,Main
1/4/2013,39,4,2013,Mega Millions,Mega_Ball
1/8/2013,3,4,2013,Mega Millions,Main
1/8/2013,20,4,2013,Mega Millions,Main
1/8/2013,21,4,2013,Mega Millions,Main
1/8/2013,38,4,2013,Mega Millions,Main
1/8/2013,42,4,2013,Mega Millions,Main
1/8/2013,19,4,2013,Mega Millions,Mega_Ball
1/11/2013,24,4,2013,Mega Millions,Main
1/11/2013,29,4,2013,Mega Millions,Main
1/11/2013,30,4,2013,Mega Millions,Main
1/11/2013,34,4,2013,Mega Millions,Main
1/11/2013,56,4,2013,Mega Millions,Main
1/11/2013,1,4,2013,Mega Millions,Mega_Ball
1/15/2013,1,4,2013,Mega Millions,Main
1/15/2013,6,4,2013,Mega Millions,Main
1/15/2013,12,4,2013,Mega Millions,Main
1/15/2013,19,4,2013,Mega Millions,Main
1/15/2013,41,4,2013,Mega Millions,Main
1/15/2013,14,4,2013,Mega Millions,Mega_Ball
1/18/2013,8,3,2013,Mega Millions,Main
1/18/2013,18,3,2013,Mega Millions,Main
1/18/2013,25,3,2013,Mega Millions,Main
1/18/2013,42,3,2013,Mega Millions,Main
1/18/2013,49,3,2013,Mega Millions,Main
1/18/2013,14,3,2013,Mega Millions,Mega_Ball
1/22/2013,7,3,2013,Mega Millions,Main
1/22/2013,11,3,2013,Mega Millions,Main
1/22/2013,16,3,2013,Mega Millions,Main
1/22/2013,39,3,2013,Mega Millions,Main
1/22/2013,54,3,2013,Mega Millions,Main
1/22/2013,13,3,2013,Mega Millions,Mega_Ball
1/25/2013,11,4,2013,Mega Millions,Main
1/25/2013,12,4,2013,Mega Millions,Main
1/25/2013,17,4,2013,Mega Millions,Main
1/25/2013,31,4,2013,Mega Millions,Main
1/25/2013,48,4,2013,Mega Millions,Main
1/25/2013,1,4,2013,Mega Millions,Mega_Ball
1/29/2013,8,3,2013,Mega Millions,Main
1/29/2013,12,3,2013,Mega Millions,Main
1/29/2013,27,3,2013,Mega Millions,Main
1/29/2013,46,3,2013,Mega Millions,Main
1/29/2013,47,3,2013,Mega Millions,Main
1/29/2013,6,3,2013,Mega Millions,Mega_Ball
2/1/2013,1,3,2013,Mega Millions,Main
2/1/2013,30,3,2013,Mega Millions,Main
2/1/2013,32,3,2013,Mega Millions,Main
2/1/2013,40,3,2013,Mega Millions,Main
2/1/2013,41,3,2013,Mega Millions,Main
2/1/2013,17,3,2013,Mega Millions,Mega_Ball
2/5/2013,2,4,2013,Mega Millions,Main
2/5/2013,5,4,2013,Mega Millions,Main
2/5/2013,10,4,2013,Mega Millions,Main
2/5/2013,26,4,2013,Mega Millions,Main
2/5/2013,44,4,2013,Mega Millions,Main
2/5/2013,46,4,2013,Mega Millions,Mega_Ball
2/8/2013,6,4,2013,Mega Millions,Main
2/8/2013,15,4,2013,Mega Millions,Main
2/8/2013,20,4,2013,Mega Millions,Main
2/8/2013,39,4,2013,Mega Millions,Main
2/8/2013,50,4,2013,Mega Millions,Main
2/8/2013,5,4,2013,Mega Millions,Mega_Ball
2/12/2013,9,3,2013,Mega Millions,Main
2/12/2013,22,3,2013,Mega Millions,Main
2/12/2013,32,3,2013,Mega Millions,Main
2/12/2013,38,3,2013,Mega Millions,Main
2/12/2013,55,3,2013,Mega Millions,Main
2/12/2013,44,3,2013,Mega Millions,Mega_Ball
2/15/2013,11,4,2013,Mega Millions,Main
2/15/2013,35,4,2013,Mega Millions,Main
2/15/2013,41,4,2013,Mega Millions,Main
2/15/2013,42,4,2013,Mega Millions,Main
2/15/2013,44,4,2013,Mega Millions,Main
2/15/2013,42,4,2013,Mega Millions,Mega_Ball
2/19/2013,1,3,2013,Mega Millions,Main
2/19/2013,15,3,2013,Mega Millions,Main
2/19/2013,19,3,2013,Mega Millions,Main
2/19/2013,30,3,2013,Mega Millions,Main
2/19/2013,56,3,2013,Mega Millions,Main
2/19/2013,28,3,2013,Mega Millions,Mega_Ball
2/22/2013,9,3,2013,Mega Millions,Main
2/22/2013,13,3,2013,Mega Millions,Main
2/22/2013,24,3,2013,Mega Millions,Main
2/22/2013,38,3,2013,Mega Millions,Main
2/22/2013,49,3,2013,Mega Millions,Main
2/22/2013,30,3,2013,Mega Millions,Mega_Ball
2/26/2013,6,4,2013,Mega Millions,Main
2/26/2013,7,4,2013,Mega Millions,Main
2/26/2013,13,4,2013,Mega Millions,Main
2/26/2013,15,4,2013,Mega Millions,Main
2/26/2013,43,4,2013,Mega Millions,Main
2/26/2013,7,4,2013,Mega Millions,Mega_Ball
3/1/2013,17,4,2013,Mega Millions,Main
3/1/2013,30,4,2013,Mega Millions,Main
3/1/2013,38,4,2013,Mega Millions,Main
3/1/2013,43,4,2013,Mega Millions,Main
3/1/2013,51,4,2013,Mega Millions,Main
3/1/2013,20,4,2013,Mega Millions,Mega_Ball
3/5/2013,6,3,2013,Mega Millions,Main
3/5/2013,20,3,2013,Mega Millions,Main
3/5/2013,39,3,2013,Mega Millions,Main
3/5/2013,41,3,2013,Mega Millions,Main
3/5/2013,46,3,2013,Mega Millions,Main
3/5/2013,42,3,2013,Mega Millions,Mega_Ball
3/8/2013,4,4,2013,Mega Millions,Main
3/8/2013,11,4,2013,Mega Millions,Main
3/8/2013,25,4,2013,Mega Millions,Main
3/8/2013,34,4,2013,Mega Millions,Main
3/8/2013,35,4,2013,Mega Millions,Main
3/8/2013,44,4,2013,Mega Millions,Mega_Ball
3/12/2013,9,4,2013,Mega Millions,Main
3/12/2013,12,4,2013,Mega Millions,Main
3/12/2013,19,4,2013,Mega Millions,Main
3/12/2013,20,4,2013,Mega Millions,Main
3/12/2013,30,4,2013,Mega Millions,Main
3/12/2013,39,4,2013,Mega Millions,Mega_Ball
3/15/2013,4,2,2013,Mega Millions,Main
3/15/2013,8,2,2013,Mega Millions,Main
3/15/2013,17,2,2013,Mega Millions,Main
3/15/2013,22,2,2013,Mega Millions,Main
3/15/2013,32,2,2013,Mega Millions,Main
3/15/2013,8,2,2013,Mega Millions,Mega_Ball
3/19/2013,3,3,2013,Mega Millions,Main
3/19/2013,6,3,2013,Mega Millions,Main
3/19/2013,14,3,2013,Mega Millions,Main
3/19/2013,21,3,2013,Mega Millions,Main
3/19/2013,37,3,2013,Mega Millions,Main
3/19/2013,35,3,2013,Mega Millions,Mega_Ball
3/22/2013,14,4,2013,Mega Millions,Main
3/22/2013,27,4,2013,Mega Millions,Main
3/22/2013,34,4,2013,Mega Millions,Main
3/22/2013,37,4,2013,Mega Millions,Main
3/22/2013,41,4,2013,Mega Millions,Main
3/22/2013,38,4,2013,Mega Millions,Mega_Ball
3/26/2013,20,4,2013,Mega Millions,Main
3/26/2013,33,4,2013,Mega Millions,Main
3/26/2013,46,4,2013,Mega Millions,Main
3/26/2013,49,4,2013,Mega Millions,Main
3/26/2013,51,4,2013,Mega Millions,Main
3/26/2013,46,4,2013,Mega Millions,Mega_Ball
3/29/2013,25,4,2013,Mega Millions,Main
3/29/2013,31,4,2013,Mega Millions,Main
3/29/2013,36,4,2013,Mega Millions,Main
3/29/2013,46,4,2013,Mega Millions,Main
3/29/2013,53,4,2013,Mega Millions,Main
3/29/2013,21,4,2013,Mega Millions,Mega_Ball
4/2/2013,7,4,2013,Mega Millions,Main
4/2/2013,10,4,2013,Mega Millions,Main
4/2/2013,14,4,2013,Mega Millions,Main
4/2/2013,40,4,2013,Mega Millions,Main
4/2/2013,47,4,2013,Mega Millions,Main
4/2/2013,34,4,2013,Mega Millions,Mega_Ball
4/5/2013,8,3,2013,Mega Millions,Main
4/5/2013,15,3,2013,Mega Millions,Main
4/5/2013,23,3,2013,Mega Millions,Main
4/5/2013,36,3,2013,Mega Millions,Main
4/5/2013,41,3,2013,Mega Millions,Main
4/5/2013,5,3,2013,Mega Millions,Mega_Ball
4/9/2013,17,4,2013,Mega Millions,Main
4/9/2013,30,4,2013,Mega Millions,Main
4/9/2013,41,4,2013,Mega Millions,Main
4/9/2013,48,4,2013,Mega Millions,Main
4/9/2013,54,4,2013,Mega Millions,Main
4/9/2013,13,4,2013,Mega Millions,Mega_Ball
4/12/2013,1,3,2013,Mega Millions,Main
4/12/2013,10,3,2013,Mega Millions,Main
4/12/2013,13,3,2013,Mega Millions,Main
4/12/2013,19,3,2013,Mega Millions,Main
4/12/2013,21,3,2013,Mega Millions,Main
4/12/2013,28,3,2013,Mega Millions,Mega_Ball
4/16/2013,2,2,2013,Mega Millions,Main
4/16/2013,5,2,2013,Mega Millions,Main
4/16/2013,15,2,2013,Mega Millions,Main
4/16/2013,18,2,2013,Mega Millions,Main
4/16/2013,39,2,2013,Mega Millions,Main
4/16/2013,42,2,2013,Mega Millions,Mega_Ball
4/19/2013,6,4,2013,Mega Millions,Main
4/19/2013,8,4,2013,Mega Millions,Main
4/19/2013,12,4,2013,Mega Millions,Main
4/19/2013,22,4,2013,Mega Millions,Main
4/19/2013,43,4,2013,Mega Millions,Main
4/19/2013,28,4,2013,Mega Millions,Mega_Ball
4/23/2013,9,3,2013,Mega Millions,Main
4/23/2013,21,3,2013,Mega Millions,Main
4/23/2013,22,3,2013,Mega Millions,Main
4/23/2013,32,3,2013,Mega Millions,Main
4/23/2013,50,3,2013,Mega Millions,Main
4/23/2013,10,3,2013,Mega Millions,Mega_Ball
4/26/2013,17,4,2013,Mega Millions,Main
4/26/2013,42,4,2013,Mega Millions,Main
4/26/2013,49,4,2013,Mega Millions,Main
4/26/2013,54,4,2013,Mega Millions,Main
4/26/2013,55,4,2013,Mega Millions,Main
4/26/2013,31,4,2013,Mega Millions,Mega_Ball
4/30/2013,21,3,2013,Mega Millions,Main
4/30/2013,30,3,2013,Mega Millions,Main
4/30/2013,34,3,2013,Mega Millions,Main
4/30/2013,39,3,2013,Mega Millions,Main
4/30/2013,49,3,2013,Mega Millions,Main
4/30/2013,43,3,2013,Mega Millions,Mega_Ball
5/3/2013,2,2,2013,Mega Millions,Main
5/3/2013,20,2,2013,Mega Millions,Main
5/3/2013,34,2,2013,Mega Millions,Main
5/3/2013,42,2,2013,Mega Millions,Main
5/3/2013,54,2,2013,Mega Millions,Main
5/3/2013,39,2,2013,Mega Millions,Mega_Ball
5/7/2013,1,4,2013,Mega Millions,Main
5/7/2013,6,4,2013,Mega Millions,Main
5/7/2013,13,4,2013,Mega Millions,Main
5/7/2013,20,4,2013,Mega Millions,Main
5/7/2013,51,4,2013,Mega Millions,Main
5/7/2013,31,4,2013,Mega Millions,Mega_Ball
5/10/2013,1,4,2013,Mega Millions,Main
5/10/2013,19,4,2013,Mega Millions,Main
5/10/2013,20,4,2013,Mega Millions,Main
5/10/2013,39,4,2013,Mega Millions,Main
5/10/2013,49,4,2013,Mega Millions,Main
5/10/2013,28,4,2013,Mega Millions,Mega_Ball
5/14/2013,6,4,2013,Mega Millions,Main
5/14/2013,10,4,2013,Mega Millions,Main
5/14/2013,12,4,2013,Mega Millions,Main
5/14/2013,28,4,2013,Mega Millions,Main
5/14/2013,32,4,2013,Mega Millions,Main
5/14/2013,38,4,2013,Mega Millions,Mega_Ball
5/17/2013,11,4,2013,Mega Millions,Main
5/17/2013,15,4,2013,Mega Millions,Main
5/17/2013,35,4,2013,Mega Millions,Main
5/17/2013,43,4,2013,Mega Millions,Main
5/17/2013,49,4,2013,Mega Millions,Main
5/17/2013,41,4,2013,Mega Millions,Mega_Ball
5/21/2013,2,4,2013,Mega Millions,Main
5/21/2013,15,4,2013,Mega Millions,Main
5/21/2013,17,4,2013,Mega Millions,Main
5/21/2013,48,4,2013,Mega Millions,Main
5/21/2013,55,4,2013,Mega Millions,Main
5/21/2013,11,4,2013,Mega Millions,Mega_Ball
5/24/2013,4,4,2013,Mega Millions,Main
5/24/2013,5,4,2013,Mega Millions,Main
5/24/2013,16,4,2013,Mega Millions,Main
5/24/2013,18,4,2013,Mega Millions,Main
5/24/2013,53,4,2013,Mega Millions,Main
5/24/2013,28,4,2013,Mega Millions,Mega_Ball
5/28/2013,4,4,2013,Mega Millions,Main
5/28/2013,12,4,2013,Mega Millions,Main
5/28/2013,25,4,2013,Mega Millions,Main
5/28/2013,32,4,2013,Mega Millions,Main
5/28/2013,54,4,2013,Mega Millions,Main
5/28/2013,36,4,2013,Mega Millions,Mega_Ball
5/31/2013,2,3,2013,Mega Millions,Main
5/31/2013,20,3,2013,Mega Millions,Main
5/31/2013,26,3,2013,Mega Millions,Main
5/31/2013,44,3,2013,Mega Millions,Main
5/31/2013,46,3,2013,Mega Millions,Main
5/31/2013,26,3,2013,Mega Millions,Mega_Ball
6/4/2013,10,3,2013,Mega Millions,Main
6/4/2013,11,3,2013,Mega Millions,Main
6/4/2013,12,3,2013,Mega Millions,Main
6/4/2013,20,3,2013,Mega Millions,Main
6/4/2013,55,3,2013,Mega Millions,Main
6/4/2013,19,3,2013,Mega Millions,Mega_Ball
6/7/2013,1,4,2013,Mega Millions,Main
6/7/2013,10,4,2013,Mega Millions,Main
6/7/2013,37,4,2013,Mega Millions,Main
6/7/2013,48,4,2013,Mega Millions,Main
6/7/2013,55,4,2013,Mega Millions,Main
6/7/2013,21,4,2013,Mega Millions,Mega_Ball
6/11/2013,15,4,2013,Mega Millions,Main
6/11/2013,40,4,2013,Mega Millions,Main
6/11/2013,45,4,2013,Mega Millions,Main
6/11/2013,50,4,2013,Mega Millions,Main
6/11/2013,53,4,2013,Mega Millions,Main
6/11/2013,28,4,2013,Mega Millions,Mega_Ball
6/14/2013,2,4,2013,Mega Millions,Main
6/14/2013,5,4,2013,Mega Millions,Main
6/14/2013,31,4,2013,Mega Millions,Main
6/14/2013,33,4,2013,Mega Millions,Main
6/14/2013,34,4,2013,Mega Millions,Main
6/14/2013,20,4,2013,Mega Millions,Mega_Ball
6/18/2013,6,2,2013,Mega Millions,Main
6/18/2013,17,2,2013,Mega Millions,Main
6/18/2013,34,2,2013,Mega Millions,Main
6/18/2013,40,2,2013,Mega Millions,Main
6/18/2013,48,2,2013,Mega Millions,Main
6/18/2013,30,2,2013,Mega Millions,Mega_Ball
6/21/2013,3,3,2013,Mega Millions,Main
6/21/2013,14,3,2013,Mega Millions,Main
6/21/2013,17,3,2013,Mega Millions,Main
6/21/2013,40,3,2013,Mega Millions,Main
6/21/2013,50,3,2013,Mega Millions,Main
6/21/2013,3,3,2013,Mega Millions,Mega_Ball
6/25/2013,3,2,2013,Mega Millions,Main
6/25/2013,5,2,2013,Mega Millions,Main
6/25/2013,28,2,2013,Mega Millions,Main
6/25/2013,33,2,2013,Mega Millions,Main
6/25/2013,51,2,2013,Mega Millions,Main
6/25/2013,16,2,2013,Mega Millions,Mega_Ball
6/28/2013,8,4,2013,Mega Millions,Main
6/28/2013,15,4,2013,Mega Millions,Main
6/28/2013,35,4,2013,Mega Millions,Main
6/28/2013,46,4,2013,Mega Millions,Main
6/28/2013,52,4,2013,Mega Millions,Main
6/28/2013,38,4,2013,Mega Millions,Mega_Ball
7/2/2013,36,4,2013,Mega Millions,Main
7/2/2013,42,4,2013,Mega Millions,Main
7/2/2013,51,4,2013,Mega Millions,Main
7/2/2013,52,4,2013,Mega Millions,Main
7/2/2013,53,4,2013,Mega Millions,Main
7/2/2013,40,4,2013,Mega Millions,Mega_Ball
7/5/2013,2,4,2013,Mega Millions,Main
7/5/2013,23,4,2013,Mega Millions,Main
7/5/2013,41,4,2013,Mega Millions,Main
7/5/2013,47,4,2013,Mega Millions,Main
7/5/2013,54,4,2013,Mega Millions,Main
7/5/2013,42,4,2013,Mega Millions,Mega_Ball
7/9/2013,3,2,2013,Mega Millions,Main
7/9/2013,21,2,2013,Mega Millions,Main
7/9/2013,43,2,2013,Mega Millions,Main
7/9/2013,45,2,2013,Mega Millions,Main
7/9/2013,48,2,2013,Mega Millions,Main
7/9/2013,14,2,2013,Mega Millions,Mega_Ball
7/12/2013,4,3,2013,Mega Millions,Main
7/12/2013,5,3,2013,Mega Millions,Main
7/12/2013,25,3,2013,Mega Millions,Main
7/12/2013,27,3,2013,Mega Millions,Main
7/12/2013,51,3,2013,Mega Millions,Main
7/12/2013,10,3,2013,Mega Millions,Mega_Ball
7/16/2013,10,2,2013,Mega Millions,Main
7/16/2013,14,2,2013,Mega Millions,Main
7/16/2013,21,2,2013,Mega Millions,Main
7/16/2013,40,2,2013,Mega Millions,Main
7/16/2013,53,2,2013,Mega Millions,Main
7/16/2013,20,2,2013,Mega Millions,Mega_Ball
7/19/2013,16,3,2013,Mega Millions,Main
7/19/2013,20,3,2013,Mega Millions,Main
7/19/2013,24,3,2013,Mega Millions,Main
7/19/2013,39,3,2013,Mega Millions,Main
7/19/2013,42,3,2013,Mega Millions,Main
7/19/2013,46,3,2013,Mega Millions,Mega_Ball
7/23/2013,25,3,2013,Mega Millions,Main
7/23/2013,32,3,2013,Mega Millions,Main
7/23/2013,35,3,2013,Mega Millions,Main
7/23/2013,50,3,2013,Mega Millions,Main
7/23/2013,51,3,2013,Mega Millions,Main
7/23/2013,46,3,2013,Mega Millions,Mega_Ball
7/26/2013,4,4,2013,Mega Millions,Main
7/26/2013,22,4,2013,Mega Millions,Main
7/26/2013,23,4,2013,Mega Millions,Main
7/26/2013,27,4,2013,Mega Millions,Main
7/26/2013,38,4,2013,Mega Millions,Main
7/26/2013,42,4,2013,Mega Millions,Mega_Ball
7/30/2013,25,3,2013,Mega Millions,Main
7/30/2013,27,3,2013,Mega Millions,Main
7/30/2013,36,3,2013,Mega Millions,Main
7/30/2013,42,3,2013,Mega Millions,Main
7/30/2013,44,3,2013,Mega Millions,Main
7/30/2013,39,3,2013,Mega Millions,Mega_Ball
8/2/2013,8,2,2013,Mega Millions,Main
8/2/2013,21,2,2013,Mega Millions,Main
8/2/2013,23,2,2013,Mega Millions,Main
8/2/2013,25,2,2013,Mega Millions,Main
8/2/2013,39,2,2013,Mega Millions,Main
8/2/2013,4,2,2013,Mega Millions,Mega_Ball
8/6/2013,1,3,2013,Mega Millions,Main
8/6/2013,11,3,2013,Mega Millions,Main
8/6/2013,16,3,2013,Mega Millions,Main
8/6/2013,51,3,2013,Mega Millions,Main
8/6/2013,55,3,2013,Mega Millions,Main
8/6/2013,41,3,2013,Mega Millions,Mega_Ball
8/9/2013,11,3,2013,Mega Millions,Main
8/9/2013,20,3,2013,Mega Millions,Main
8/9/2013,30,3,2013,Mega Millions,Main
8/9/2013,34,3,2013,Mega Millions,Main
8/9/2013,38,3,2013,Mega Millions,Main
8/9/2013,12,3,2013,Mega Millions,Mega_Ball
8/13/2013,2,4,2013,Mega Millions,Main
8/13/2013,31,4,2013,Mega Millions,Main
8/13/2013,32,4,2013,Mega Millions,Main
8/13/2013,37,4,2013,Mega Millions,Main
8/13/2013,41,4,2013,Mega Millions,Main
8/13/2013,40,4,2013,Mega Millions,Mega_Ball
8/16/2013,7,4,2013,Mega Millions,Main
8/16/2013,13,4,2013,Mega Millions,Main
8/16/2013,26,4,2013,Mega Millions,Main
8/16/2013,36,4,2013,Mega Millions,Main
8/16/2013,46,4,2013,Mega Millions,Main
8/16/2013,37,4,2013,Mega Millions,Mega_Ball
8/20/2013,13,3,2013,Mega Millions,Main
8/20/2013,28,3,2013,Mega Millions,Main
8/20/2013,35,3,2013,Mega Millions,Main
8/20/2013,38,3,2013,Mega Millions,Main
8/20/2013,41,3,2013,Mega Millions,Main
8/20/2013,33,3,2013,Mega Millions,Mega_Ball
8/23/2013,1,4,2013,Mega Millions,Main
8/23/2013,9,4,2013,Mega Millions,Main
8/23/2013,17,4,2013,Mega Millions,Main
8/23/2013,20,4,2013,Mega Millions,Main
8/23/2013,53,4,2013,Mega Millions,Main
8/23/2013,14,4,2013,Mega Millions,Mega_Ball
8/27/2013,4,4,2013,Mega Millions,Main
8/27/2013,7,4,2013,Mega Millions,Main
8/27/2013,30,4,2013,Mega Millions,Main
8/27/2013,36,4,2013,Mega Millions,Main
8/27/2013,38,4,2013,Mega Millions,Main
8/27/2013,38,4,2013,Mega Millions,Mega_Ball
8/30/2013,6,2,2013,Mega Millions,Main
8/30/2013,19,2,2013,Mega Millions,Main
8/30/2013,24,2,2013,Mega Millions,Main
8/30/2013,43,2,2013,Mega Millions,Main
8/30/2013,44,2,2013,Mega Millions,Main
8/30/2013,33,2,2013,Mega Millions,Mega_Ball
9/3/2013,4,3,2013,Mega Millions,Main
9/3/2013,13,3,2013,Mega Millions,Main
9/3/2013,14,3,2013,Mega Millions,Main
9/3/2013,28,3,2013,Mega Millions,Main
9/3/2013,41,3,2013,Mega Millions,Main
9/3/2013,28,3,2013,Mega Millions,Mega_Ball
9/6/2013,2,4,2013,Mega Millions,Main
9/6/2013,16,4,2013,Mega Millions,Main
9/6/2013,17,4,2013,Mega Millions,Main
9/6/2013,22,4,2013,Mega Millions,Main
9/6/2013,41,4,2013,Mega Millions,Main
9/6/2013,31,4,2013,Mega Millions,Mega_Ball
9/10/2013,2,3,2013,Mega Millions,Main
9/10/2013,12,3,2013,Mega Millions,Main
9/10/2013,18,3,2013,Mega Millions,Main
9/10/2013,54,3,2013,Mega Millions,Main
9/10/2013,56,3,2013,Mega Millions,Main
9/10/2013,1,3,2013,Mega Millions,Mega_Ball
9/13/2013,9,4,2013,Mega Millions,Main
9/13/2013,22,4,2013,Mega Millions,Main
9/13/2013,28,4,2013,Mega Millions,Main
9/13/2013,48,4,2013,Mega Millions,Main
9/13/2013,54,4,2013,Mega Millions,Main
9/13/2013,8,4,2013,Mega Millions,Mega_Ball
9/17/2013,6,2,2013,Mega Millions,Main
9/17/2013,15,2,2013,Mega Millions,Main
9/17/2013,27,2,2013,Mega Millions,Main
9/17/2013,31,2,2013,Mega Millions,Main
9/17/2013,39,2,2013,Mega Millions,Main
9/17/2013,25,2,2013,Mega Millions,Mega_Ball
9/20/2013,1,2,2013,Mega Millions,Main
9/20/2013,15,2,2013,Mega Millions,Main
9/20/2013,20,2,2013,Mega Millions,Main
9/20/2013,21,2,2013,Mega Millions,Main
9/20/2013,47,2,2013,Mega Millions,Main
9/20/2013,34,2,2013,Mega Millions,Mega_Ball
9/24/2013,4,3,2013,Mega Millions,Main
9/24/2013,11,3,2013,Mega Millions,Main
9/24/2013,32,3,2013,Mega Millions,Main
9/24/2013,39,3,2013,Mega Millions,Main
9/24/2013,40,3,2013,Mega Millions,Main
9/24/2013,33,3,2013,Mega Millions,Mega_Ball
9/27/2013,9,2,2013,Mega Millions,Main
9/27/2013,23,2,2013,Mega Millions,Main
9/27/2013,27,2,2013,Mega Millions,Main
9/27/2013,49,2,2013,Mega Millions,Main
9/27/2013,51,2,2013,Mega Millions,Main
9/27/2013,38,2,2013,Mega Millions,Mega_Ball
10/1/2013,7,3,2013,Mega Millions,Main
10/1/2013,10,3,2013,Mega Millions,Main
10/1/2013,30,3,2013,Mega Millions,Main
10/1/2013,37,3,2013,Mega Millions,Main
10/1/2013,53,3,2013,Mega Millions,Main
10/1/2013,1,3,2013,Mega Millions,Mega_Ball
10/4/2013,4,3,2013,Mega Millions,Main
10/4/2013,16,3,2013,Mega Millions,Main
10/4/2013,24,3,2013,Mega Millions,Main
10/4/2013,25,3,2013,Mega Millions,Main
10/4/2013,44,3,2013,Mega Millions,Main
10/4/2013,5,3,2013,Mega Millions,Mega_Ball
10/8/2013,6,3,2013,Mega Millions,Main
10/8/2013,15,3,2013,Mega Millions,Main
10/8/2013,19,3,2013,Mega Millions,Main
10/8/2013,23,3,2013,Mega Millions,Main
10/8/2013,40,3,2013,Mega Millions,Main
10/8/2013,5,3,2013,Mega Millions,Mega_Ball
10/11/2013,3,4,2013,Mega Millions,Main
10/11/2013,27,4,2013,Mega Millions,Main
10/11/2013,37,4,2013,Mega Millions,Main
10/11/2013,45,4,2013,Mega Millions,Main
10/11/2013,48,4,2013,Mega Millions,Main
10/11/2013,46,4,2013,Mega Millions,Mega_Ball
10/15/2013,4,4,2013,Mega Millions,Main
10/15/2013,23,4,2013,Mega Millions,Main
10/15/2013,30,4,2013,Mega Millions,Main
10/15/2013,43,4,2013,Mega Millions,Main
10/15/2013,50,4,2013,Mega Millions,Main
10/15/2013,11,4,2013,Mega Millions,Mega_Ball
10/22/2013,2,5,2013,Mega Millions,Main
10/22/2013,3,5,2013,Mega Millions,Main
10/22/2013,19,5,2013,Mega Millions,Main
10/22/2013,52,5,2013,Mega Millions,Main
10/22/2013,71,5,2013,Mega Millions,Main
10/22/2013,14,5,2013,Mega Millions,Mega_Ball
10/25/2013,6,2,2013,Mega Millions,Main
10/25/2013,16,2,2013,Mega Millions,Main
10/25/2013,45,2,2013,Mega Millions,Main
10/25/2013,54,2,2013,Mega Millions,Main
10/25/2013,60,2,2013,Mega Millions,Main
10/25/2013,15,2,2013,Mega Millions,Mega_Ball
10/29/2013,20,3,2013,Mega Millions,Main
10/29/2013,33,3,2013,Mega Millions,Main
10/29/2013,50,3,2013,Mega Millions,Main
10/29/2013,53,3,2013,Mega Millions,Main
10/29/2013,54,3,2013,Mega Millions,Main
10/29/2013,7,3,2013,Mega Millions,Mega_Ball
11/1/2013,32,5,2013,Mega Millions,Main
11/1/2013,35,5,2013,Mega Millions,Main
11/1/2013,49,5,2013,Mega Millions,Main
11/1/2013,62,5,2013,Mega Millions,Main
11/1/2013,67,5,2013,Mega Millions,Main
11/1/2013,1,5,2013,Mega Millions,Mega_Ball
11/5/2013,2,5,2013,Mega Millions,Main
11/5/2013,11,5,2013,Mega Millions,Main
11/5/2013,42,5,2013,Mega Millions,Main
11/5/2013,64,5,2013,Mega Millions,Main
11/5/2013,74,5,2013,Mega Millions,Main
11/5/2013,2,5,2013,Mega Millions,Mega_Ball
11/8/2013,41,2,2013,Mega Millions,Main
11/8/2013,42,2,2013,Mega Millions,Main
11/8/2013,51,2,2013,Mega Millions,Main
11/8/2013,57,2,2013,Mega Millions,Main
11/8/2013,65,2,2013,Mega Millions,Main
11/8/2013,7,2,2013,Mega Millions,Mega_Ball
11/12/2013,20,5,2013,Mega Millions,Main
11/12/2013,30,5,2013,Mega Millions,Main
11/12/2013,32,5,2013,Mega Millions,Main
11/12/2013,42,5,2013,Mega Millions,Main
11/12/2013,71,5,2013,Mega Millions,Main
11/12/2013,15,5,2013,Mega Millions,Mega_Ball
11/15/2013,25,4,2013,Mega Millions,Main
11/15/2013,44,4,2013,Mega Millions,Main
11/15/2013,49,4,2013,Mega Millions,Main
11/15/2013,54,4,2013,Mega Millions,Main
11/15/2013,63,4,2013,Mega Millions,Main
11/15/2013,8,4,2013,Mega Millions,Mega_Ball
11/19/2013,14,3,2013,Mega Millions,Main
11/19/2013,15,3,2013,Mega Millions,Main
11/19/2013,29,3,2013,Mega Millions,Main
11/19/2013,49,3,2013,Mega Millions,Main
11/19/2013,63,3,2013,Mega Millions,Main
11/19/2013,2,3,2013,Mega Millions,Mega_Ball
11/22/2013,17,3,2013,Mega Millions,Main
11/22/2013,23,3,2013,Mega Millions,Main
11/22/2013,35,3,2013,Mega Millions,Main
11/22/2013,36,3,2013,Mega Millions,Main
11/22/2013,44,3,2013,Mega Millions,Main
11/22/2013,8,3,2013,Mega Millions,Mega_Ball
11/26/2013,27,5,2013,Mega Millions,Main
11/26/2013,44,5,2013,Mega Millions,Main
11/26/2013,59,5,2013,Mega Millions,Main
11/26/2013,74,5,2013,Mega Millions,Main
11/26/2013,75,5,2013,Mega Millions,Main
11/26/2013,3,5,2013,Mega Millions,Mega_Ball
11/29/2013,9,4,2013,Mega Millions,Main
11/29/2013,41,4,2013,Mega Millions,Main
11/29/2013,43,4,2013,Mega Millions,Main
11/29/2013,47,4,2013,Mega Millions,Main
11/29/2013,57,4,2013,Mega Millions,Main
11/29/2013,5,4,2013,Mega Millions,Mega_Ball
12/3/2013,7,3,2013,Mega Millions,Main
12/3/2013,12,3,2013,Mega Millions,Main
12/3/2013,41,3,2013,Mega Millions,Main
12/3/2013,44,3,2013,Mega Millions,Main
12/3/2013,59,3,2013,Mega Millions,Main
12/3/2013,3,3,2013,Mega Millions,Mega_Ball
12/6/2013,11,3,2013,Mega Millions,Main
12/6/2013,29,3,2013,Mega Millions,Main
12/6/2013,44,3,2013,Mega Millions,Main
12/6/2013,63,3,2013,Mega Millions,Main
12/6/2013,64,3,2013,Mega Millions,Main
12/6/2013,3,3,2013,Mega Millions,Mega_Ball
12/10/2013,5,2,2013,Mega Millions,Main
12/10/2013,12,2,2013,Mega Millions,Main
12/10/2013,22,2,2013,Mega Millions,Main
12/10/2013,41,2,2013,Mega Millions,Main
12/10/2013,65,2,2013,Mega Millions,Main
12/10/2013,13,2,2013,Mega Millions,Mega_Ball
12/13/2013,19,2,2013,Mega Millions,Main
12/13/2013,24,2,2013,Mega Millions,Main
12/13/2013,26,2,2013,Mega Millions,Main
12/13/2013,27,2,2013,Mega Millions,Main
12/13/2013,70,2,2013,Mega Millions,Main
12/13/2013,12,2,2013,Mega Millions,Mega_Ball
12/17/2013,8,4,2013,Mega Millions,Main
12/17/2013,14,4,2013,Mega Millions,Main
12/17/2013,17,4,2013,Mega Millions,Main
12/17/2013,20,4,2013,Mega Millions,Main
12/17/2013,39,4,2013,Mega Millions,Main
12/17/2013,7,4,2013,Mega Millions,Mega_Ball
12/20/2013,3,2,2013,Mega Millions,Main
12/20/2013,4,2,2013,Mega Millions,Main
12/20/2013,31,2,2013,Mega Millions,Main
12/20/2013,49,2,2013,Mega Millions,Main
12/20/2013,57,2,2013,Mega Millions,Main
12/20/2013,6,2,2013,Mega Millions,Mega_Ball
12/24/2013,23,3,2013,Mega Millions,Main
12/24/2013,34,3,2013,Mega Millions,Main
12/24/2013,53,3,2013,Mega Millions,Main
12/24/2013,58,3,2013,Mega Millions,Main
12/24/2013,73,3,2013,Mega Millions,Main
12/24/2013,2,3,2013,Mega Millions,Mega_Ball
12/27/2013,4,5,2013,Mega Millions,Main
12/27/2013,15,5,2013,Mega Millions,Main
12/27/2013,35,5,2013,Mega Millions,Main
12/27/2013,48,5,2013,Mega Millions,Main
12/27/2013,49,5,2013,Mega Millions,Main
12/27/2013,11,5,2013,Mega Millions,Mega_Ball
12/31/2013,8,3,2013,Mega Millions,Main
12/31/2013,12,3,2013,Mega Millions,Main
12/31/2013,34,3,2013,Mega Millions,Main
12/31/2013,52,3,2013,Mega Millions,Main
12/31/2013,58,3,2013,Mega Millions,Main
12/31/2013,8,3,2013,Mega Millions,Mega_Ball
