Date,Number,Multiplier,Year,Game_Type,Ball_Type
1/3/2014,22,5,2014,Mega Millions,Main
1/3/2014,24,5,2014,Mega Millions,Main
1/3/2014,25,5,2014,Mega Millions,Main
1/3/2014,40,5,2014,Mega Millions,Main
1/3/2014,70,5,2014,Mega Millions,Main
1/3/2014,5,5,2014,Mega Millions,Mega_Ball
1/7/2014,13,5,2014,Mega Millions,Main
1/7/2014,34,5,2014,Mega Millions,Main
1/7/2014,56,5,2014,Mega Millions,Main
1/7/2014,62,5,2014,Mega Millions,Main
1/7/2014,64,5,2014,Mega Millions,Main
1/7/2014,6,5,2014,Mega Millions,Mega_Ball
1/10/2014,8,3,2014,Mega Millions,Main
1/10/2014,28,3,2014,Mega Millions,Main
1/10/2014,36,3,2014,Mega Millions,Main
1/10/2014,37,3,2014,Mega Millions,Main
1/10/2014,57,3,2014,Mega Millions,Main
1/10/2014,8,3,2014,Mega Millions,Mega_Ball
1/14/2014,4,3,2014,Mega Millions,Main
1/14/2014,23,3,2014,Mega Millions,Main
1/14/2014,26,3,2014,Mega Millions,Main
1/14/2014,62,3,2014,Mega Millions,Main
1/14/2014,69,3,2014,Mega Millions,Main
1/14/2014,13,3,2014,Mega Millions,Mega_Ball
1/17/2014,1,4,2014,Mega Millions,Main
1/17/2014,10,4,2014,Mega Millions,Main
1/17/2014,26,4,2014,Mega Millions,Main
1/17/2014,31,4,2014,Mega Millions,Main
1/17/2014,51,4,2014,Mega Millions,Main
1/17/2014,11,4,2014,Mega Millions,Mega_Ball
1/21/2014,8,4,2014,Mega Millions,Main
1/21/2014,23,4,2014,Mega Millions,Main
1/21/2014,33,4,2014,Mega Millions,Main
1/21/2014,45,4,2014,Mega Millions,Main
1/21/2014,52,4,2014,Mega Millions,Main
1/21/2014,4,4,2014,Mega Millions,Mega_Ball
1/24/2014,22,5,2014,Mega Millions,Main
1/24/2014,45,5,2014,Mega Millions,Main
1/24/2014,46,5,2014,Mega Millions,Main
1/24/2014,47,5,2014,Mega Millions,Main
1/24/2014,65,5,2014,Mega Millions,Main
1/24/2014,10,5,2014,Mega Millions,Mega_Ball
1/28/2014,7,3,2014,Mega Millions,Main
1/28/2014,16,3,2014,Mega Millions,Main
1/28/2014,28,3,2014,Mega Millions,Main
1/28/2014,53,3,2014,Mega Millions,Main
1/28/2014,60,3,2014,Mega Millions,Main
1/28/2014,2,3,2014,Mega Millions,Mega_Ball
1/31/2014,3,4,2014,Mega Millions,Main
1/31/2014,9,4,2014,Mega Millions,Main
1/31/2014,13,4,2014,Mega Millions,Main
1/31/2014,47,4,2014,Mega Millions,Main
1/31/2014,52,4,2014,Mega Millions,Main
1/31/2014,8,4,2014,Mega Millions,Mega_Ball
2/4/2014,25,3,2014,Mega Millions,Main
2/4/2014,44,3,2014,Mega Millions,Main
2/4/2014,49,3,2014,Mega Millions,Main
2/4/2014,60,3,2014,Mega Millions,Main
2/4/2014,73,3,2014,Mega Millions,Main
2/4/2014,9,3,2014,Mega Millions,Mega_Ball
2/7/2014,11,3,2014,Mega Millions,Main
2/7/2014,21,3,2014,Mega Millions,Main
2/7/2014,23,3,2014,Mega Millions,Main
2/7/2014,35,3,2014,Mega Millions,Main
2/7/2014,64,3,2014,Mega Millions,Main
2/7/2014,10,3,2014,Mega Millions,Mega_Ball
2/11/2014,43,2,2014,Mega Millions,Main
2/11/2014,64,2,2014,Mega Millions,Main
2/11/2014,67,2,2014,Mega Millions,Main
2/11/2014,71,2,2014,Mega Millions,Main
2/11/2014,73,2,2014,Mega Millions,Main
2/11/2014,4,2,2014,Mega Millions,Mega_Ball
2/14/2014,20,3,2014,Mega Millions,Main
2/14/2014,28,3,2014,Mega Millions,Main
2/14/2014,35,3,2014,Mega Millions,Main
2/14/2014,71,3,2014,Mega Millions,Main
2/14/2014,72,3,2014,Mega Millions,Main
2/14/2014,7,3,2014,Mega Millions,Mega_Ball
2/18/2014,23,5,2014,Mega Millions,Main
2/18/2014,29,5,2014,Mega Millions,Main
2/18/2014,31,5,2014,Mega Millions,Main
2/18/2014,37,5,2014,Mega Millions,Main
2/18/2014,70,5,2014,Mega Millions,Main
2/18/2014,14,5,2014,Mega Millions,Mega_Ball
2/21/2014,23,5,2014,Mega Millions,Main
2/21/2014,29,5,2014,Mega Millions,Main
2/21/2014,32,5,2014,Mega Millions,Main
2/21/2014,45,5,2014,Mega Millions,Main
2/21/2014,46,5,2014,Mega Millions,Main
2/21/2014,15,5,2014,Mega Millions,Mega_Ball
2/25/2014,12,5,2014,Mega Millions,Main
2/25/2014,18,5,2014,Mega Millions,Main
2/25/2014,25,5,2014,Mega Millions,Main
2/25/2014,35,5,2014,Mega Millions,Main
2/25/2014,66,5,2014,Mega Millions,Main
2/25/2014,15,5,2014,Mega Millions,Mega_Ball
2/28/2014,3,4,2014,Mega Millions,Main
2/28/2014,31,4,2014,Mega Millions,Main
2/28/2014,50,4,2014,Mega Millions,Main
2/28/2014,58,4,2014,Mega Millions,Main
2/28/2014,59,4,2014,Mega Millions,Main
2/28/2014,6,4,2014,Mega Millions,Mega_Ball
3/4/2014,10,2,2014,Mega Millions,Main
3/4/2014,29,2,2014,Mega Millions,Main
3/4/2014,31,2,2014,Mega Millions,Main
3/4/2014,35,2,2014,Mega Millions,Main
3/4/2014,45,2,2014,Mega Millions,Main
3/4/2014,10,2,2014,Mega Millions,Mega_Ball
3/7/2014,11,4,2014,Mega Millions,Main
3/7/2014,13,4,2014,Mega Millions,Main
3/7/2014,51,4,2014,Mega Millions,Main
3/7/2014,57,4,2014,Mega Millions,Main
3/7/2014,69,4,2014,Mega Millions,Main
3/7/2014,1,4,2014,Mega Millions,Mega_Ball
3/11/2014,9,4,2014,Mega Millions,Main
3/11/2014,14,4,2014,Mega Millions,Main
3/11/2014,56,4,2014,Mega Millions,Main
3/11/2014,57,4,2014,Mega Millions,Main
3/11/2014,69,4,2014,Mega Millions,Main
3/11/2014,10,4,2014,Mega Millions,Mega_Ball
3/14/2014,7,3,2014,Mega Millions,Main
3/14/2014,20,3,2014,Mega Millions,Main
3/14/2014,40,3,2014,Mega Millions,Main
3/14/2014,54,3,2014,Mega Millions,Main
3/14/2014,69,3,2014,Mega Millions,Main
3/14/2014,12,3,2014,Mega Millions,Mega_Ball
3/18/2014,11,3,2014,Mega Millions,Main
3/18/2014,19,3,2014,Mega Millions,Main
3/18/2014,24,3,2014,Mega Millions,Main
3/18/2014,33,3,2014,Mega Millions,Main
3/18/2014,51,3,2014,Mega Millions,Main
3/18/2014,7,3,2014,Mega Millions,Mega_Ball
3/21/2014,2,5,2014,Mega Millions,Main
3/21/2014,23,5,2014,Mega Millions,Main
3/21/2014,30,5,2014,Mega Millions,Main
3/21/2014,35,5,2014,Mega Millions,Main
3/21/2014,53,5,2014,Mega Millions,Main
3/21/2014,10,5,2014,Mega Millions,Mega_Ball
3/25/2014,19,3,2014,Mega Millions,Main
3/25/2014,26,3,2014,Mega Millions,Main
3/25/2014,51,3,2014,Mega Millions,Main
3/25/2014,57,3,2014,Mega Millions,Main
3/25/2014,73,3,2014,Mega Millions,Main
3/25/2014,15,3,2014,Mega Millions,Mega_Ball
3/28/2014,2,3,2014,Mega Millions,Main
3/28/2014,3,3,2014,Mega Millions,Main
3/28/2014,9,3,2014,Mega Millions,Main
3/28/2014,50,3,2014,Mega Millions,Main
3/28/2014,73,3,2014,Mega Millions,Main
3/28/2014,12,3,2014,Mega Millions,Mega_Ball
4/1/2014,10,5,2014,Mega Millions,Main
4/1/2014,23,5,2014,Mega Millions,Main
4/1/2014,68,5,2014,Mega Millions,Main
4/1/2014,74,5,2014,Mega Millions,Main
4/1/2014,75,5,2014,Mega Millions,Main
4/1/2014,9,5,2014,Mega Millions,Mega_Ball
4/4/2014,1,2,2014,Mega Millions,Main
4/4/2014,10,2,2014,Mega Millions,Main
4/4/2014,15,2,2014,Mega Millions,Main
4/4/2014,41,2,2014,Mega Millions,Main
4/4/2014,54,2,2014,Mega Millions,Main
4/4/2014,9,2,2014,Mega Millions,Mega_Ball
4/8/2014,35,3,2014,Mega Millions,Main
4/8/2014,36,3,2014,Mega Millions,Main
4/8/2014,41,3,2014,Mega Millions,Main
4/8/2014,60,3,2014,Mega Millions,Main
4/8/2014,71,3,2014,Mega Millions,Main
4/8/2014,3,3,2014,Mega Millions,Mega_Ball
4/11/2014,3,5,2014,Mega Millions,Main
4/11/2014,42,5,2014,Mega Millions,Main
4/11/2014,44,5,2014,Mega Millions,Main
4/11/2014,47,5,2014,Mega Millions,Main
4/11/2014,57,5,2014,Mega Millions,Main
4/11/2014,8,5,2014,Mega Millions,Mega_Ball
4/15/2014,4,3,2014,Mega Millions,Main
4/15/2014,39,3,2014,Mega Millions,Main
4/15/2014,46,3,2014,Mega Millions,Main
4/15/2014,47,3,2014,Mega Millions,Main
4/15/2014,70,3,2014,Mega Millions,Main
4/15/2014,13,3,2014,Mega Millions,Mega_Ball
4/18/2014,18,2,2014,Mega Millions,Main
4/18/2014,25,2,2014,Mega Millions,Main
4/18/2014,38,2,2014,Mega Millions,Main
4/18/2014,45,2,2014,Mega Millions,Main
4/18/2014,63,2,2014,Mega Millions,Main
4/18/2014,9,2,2014,Mega Millions,Mega_Ball
4/22/2014,2,3,2014,Mega Millions,Main
4/22/2014,18,3,2014,Mega Millions,Main
4/22/2014,19,3,2014,Mega Millions,Main
4/22/2014,49,3,2014,Mega Millions,Main
4/22/2014,50,3,2014,Mega Millions,Main
4/22/2014,1,3,2014,Mega Millions,Mega_Ball
4/25/2014,3,2,2014,Mega Millions,Main
4/25/2014,11,2,2014,Mega Millions,Main
4/25/2014,18,2,2014,Mega Millions,Main
4/25/2014,20,2,2014,Mega Millions,Main
4/25/2014,66,2,2014,Mega Millions,Main
4/25/2014,9,2,2014,Mega Millions,Mega_Ball
4/29/2014,7,3,2014,Mega Millions,Main
4/29/2014,43,3,2014,Mega Millions,Main
4/29/2014,59,3,2014,Mega Millions,Main
4/29/2014,61,3,2014,Mega Millions,Main
4/29/2014,66,3,2014,Mega Millions,Main
4/29/2014,3,3,2014,Mega Millions,Mega_Ball
5/2/2014,1,5,2014,Mega Millions,Main
5/2/2014,18,5,2014,Mega Millions,Main
5/2/2014,26,5,2014,Mega Millions,Main
5/2/2014,35,5,2014,Mega Millions,Main
5/2/2014,40,5,2014,Mega Millions,Main
5/2/2014,13,5,2014,Mega Millions,Mega_Ball
5/6/2014,18,3,2014,Mega Millions,Main
5/6/2014,20,3,2014,Mega Millions,Main
5/6/2014,27,3,2014,Mega Millions,Main
5/6/2014,48,3,2014,Mega Millions,Main
5/6/2014,51,3,2014,Mega Millions,Main
5/6/2014,5,3,2014,Mega Millions,Mega_Ball
5/9/2014,10,2,2014,Mega Millions,Main
5/9/2014,28,2,2014,Mega Millions,Main
5/9/2014,39,2,2014,Mega Millions,Main
5/9/2014,51,2,2014,Mega Millions,Main
5/9/2014,59,2,2014,Mega Millions,Main
5/9/2014,14,2,2014,Mega Millions,Mega_Ball
5/13/2014,37,2,2014,Mega Millions,Main
5/13/2014,46,2,2014,Mega Millions,Main
5/13/2014,48,2,2014,Mega Millions,Main
5/13/2014,70,2,2014,Mega Millions,Main
5/13/2014,74,2,2014,Mega Millions,Main
5/13/2014,1,2,2014,Mega Millions,Mega_Ball
5/16/2014,13,5,2014,Mega Millions,Main
5/16/2014,14,5,2014,Mega Millions,Main
5/16/2014,16,5,2014,Mega Millions,Main
5/16/2014,50,5,2014,Mega Millions,Main
5/16/2014,56,5,2014,Mega Millions,Main
5/16/2014,11,5,2014,Mega Millions,Mega_Ball
5/20/2014,10,2,2014,Mega Millions,Main
5/20/2014,40,2,2014,Mega Millions,Main
5/20/2014,63,2,2014,Mega Millions,Main
5/20/2014,64,2,2014,Mega Millions,Main
5/20/2014,69,2,2014,Mega Millions,Main
5/20/2014,7,2,2014,Mega Millions,Mega_Ball
5/23/2014,12,4,2014,Mega Millions,Main
5/23/2014,14,4,2014,Mega Millions,Main
5/23/2014,21,4,2014,Mega Millions,Main
5/23/2014,38,4,2014,Mega Millions,Main
5/23/2014,70,4,2014,Mega Millions,Main
5/23/2014,15,4,2014,Mega Millions,Mega_Ball
5/27/2014,1,2,2014,Mega Millions,Main
5/27/2014,6,2,2014,Mega Millions,Main
5/27/2014,10,2,2014,Mega Millions,Main
5/27/2014,46,2,2014,Mega Millions,Main
5/27/2014,58,2,2014,Mega Millions,Main
5/27/2014,13,2,2014,Mega Millions,Mega_Ball
5/30/2014,10,4,2014,Mega Millions,Main
5/30/2014,13,4,2014,Mega Millions,Main
5/30/2014,42,4,2014,Mega Millions,Main
5/30/2014,43,4,2014,Mega Millions,Main
5/30/2014,62,4,2014,Mega Millions,Main
5/30/2014,2,4,2014,Mega Millions,Mega_Ball
6/3/2014,19,3,2014,Mega Millions,Main
6/3/2014,28,3,2014,Mega Millions,Main
6/3/2014,62,3,2014,Mega Millions,Main
6/3/2014,66,3,2014,Mega Millions,Main
6/3/2014,74,3,2014,Mega Millions,Main
6/3/2014,6,3,2014,Mega Millions,Mega_Ball
6/6/2014,12,4,2014,Mega Millions,Main
6/6/2014,29,4,2014,Mega Millions,Main
6/6/2014,37,4,2014,Mega Millions,Main
6/6/2014,49,4,2014,Mega Millions,Main
6/6/2014,72,4,2014,Mega Millions,Main
6/6/2014,9,4,2014,Mega Millions,Mega_Ball
6/10/2014,2,5,2014,Mega Millions,Main
6/10/2014,10,5,2014,Mega Millions,Main
6/10/2014,24,5,2014,Mega Millions,Main
6/10/2014,26,5,2014,Mega Millions,Main
6/10/2014,74,5,2014,Mega Millions,Main
6/10/2014,7,5,2014,Mega Millions,Mega_Ball
6/13/2014,7,5,2014,Mega Millions,Main
6/13/2014,38,5,2014,Mega Millions,Main
6/13/2014,46,5,2014,Mega Millions,Main
6/13/2014,49,5,2014,Mega Millions,Main
6/13/2014,56,5,2014,Mega Millions,Main
6/13/2014,1,5,2014,Mega Millions,Mega_Ball
6/17/2014,10,4,2014,Mega Millions,Main
6/17/2014,14,4,2014,Mega Millions,Main
6/17/2014,24,4,2014,Mega Millions,Main
6/17/2014,47,4,2014,Mega Millions,Main
6/17/2014,60,4,2014,Mega Millions,Main
6/17/2014,3,4,2014,Mega Millions,Mega_Ball
6/20/2014,1,5,2014,Mega Millions,Main
6/20/2014,22,5,2014,Mega Millions,Main
6/20/2014,25,5,2014,Mega Millions,Main
6/20/2014,29,5,2014,Mega Millions,Main
6/20/2014,56,5,2014,Mega Millions,Main
6/20/2014,3,5,2014,Mega Millions,Mega_Ball
6/24/2014,13,4,2014,Mega Millions,Main
6/24/2014,17,4,2014,Mega Millions,Main
6/24/2014,24,4,2014,Mega Millions,Main
6/24/2014,47,4,2014,Mega Millions,Main
6/24/2014,65,4,2014,Mega Millions,Main
6/24/2014,10,4,2014,Mega Millions,Mega_Ball
6/27/2014,15,3,2014,Mega Millions,Main
6/27/2014,29,3,2014,Mega Millions,Main
6/27/2014,31,3,2014,Mega Millions,Main
6/27/2014,46,3,2014,Mega Millions,Main
6/27/2014,64,3,2014,Mega Millions,Main
6/27/2014,10,3,2014,Mega Millions,Mega_Ball
7/1/2014,9,3,2014,Mega Millions,Main
7/1/2014,22,3,2014,Mega Millions,Main
7/1/2014,38,3,2014,Mega Millions,Main
7/1/2014,47,3,2014,Mega Millions,Main
7/1/2014,49,3,2014,Mega Millions,Main
7/1/2014,15,3,2014,Mega Millions,Mega_Ball
7/4/2014,16,5,2014,Mega Millions,Main
7/4/2014,33,5,2014,Mega Millions,Main
7/4/2014,39,5,2014,Mega Millions,Main
7/4/2014,58,5,2014,Mega Millions,Main
7/4/2014,69,5,2014,Mega Millions,Main
7/4/2014,2,5,2014,Mega Millions,Mega_Ball
7/8/2014,14,5,2014,Mega Millions,Main
7/8/2014,25,5,2014,Mega Millions,Main
7/8/2014,27,5,2014,Mega Millions,Main
7/8/2014,48,5,2014,Mega Millions,Main
7/8/2014,49,5,2014,Mega Millions,Main
7/8/2014,9,5,2014,Mega Millions,Mega_Ball
7/11/2014,9,5,2014,Mega Millions,Main
7/11/2014,13,5,2014,Mega Millions,Main
7/11/2014,30,5,2014,Mega Millions,Main
7/11/2014,35,5,2014,Mega Millions,Main
7/11/2014,69,5,2014,Mega Millions,Main
7/11/2014,10,5,2014,Mega Millions,Mega_Ball
7/15/2014,2,2,2014,Mega Millions,Main
7/15/2014,4,2,2014,Mega Millions,Main
7/15/2014,17,2,2014,Mega Millions,Main
7/15/2014,36,2,2014,Mega Millions,Main
7/15/2014,40,2,2014,Mega Millions,Main
7/15/2014,5,2,2014,Mega Millions,Mega_Ball
7/18/2014,5,3,2014,Mega Millions,Main
7/18/2014,8,3,2014,Mega Millions,Main
7/18/2014,59,3,2014,Mega Millions,Main
7/18/2014,65,3,2014,Mega Millions,Main
7/18/2014,72,3,2014,Mega Millions,Main
7/18/2014,3,3,2014,Mega Millions,Mega_Ball
7/22/2014,14,3,2014,Mega Millions,Main
7/22/2014,18,3,2014,Mega Millions,Main
7/22/2014,22,3,2014,Mega Millions,Main
7/22/2014,31,3,2014,Mega Millions,Main
7/22/2014,47,3,2014,Mega Millions,Main
7/22/2014,15,3,2014,Mega Millions,Mega_Ball
7/25/2014,22,5,2014,Mega Millions,Main
7/25/2014,29,5,2014,Mega Millions,Main
7/25/2014,33,5,2014,Mega Millions,Main
7/25/2014,41,5,2014,Mega Millions,Main
7/25/2014,68,5,2014,Mega Millions,Main
7/25/2014,12,5,2014,Mega Millions,Mega_Ball
7/29/2014,2,4,2014,Mega Millions,Main
7/29/2014,8,4,2014,Mega Millions,Main
7/29/2014,16,4,2014,Mega Millions,Main
7/29/2014,43,4,2014,Mega Millions,Main
7/29/2014,74,4,2014,Mega Millions,Main
7/29/2014,1,4,2014,Mega Millions,Mega_Ball
8/1/2014,13,5,2014,Mega Millions,Main
8/1/2014,29,5,2014,Mega Millions,Main
8/1/2014,34,5,2014,Mega Millions,Main
8/1/2014,37,5,2014,Mega Millions,Main
8/1/2014,72,5,2014,Mega Millions,Main
8/1/2014,6,5,2014,Mega Millions,Mega_Ball
8/5/2014,25,5,2014,Mega Millions,Main
8/5/2014,28,5,2014,Mega Millions,Main
8/5/2014,36,5,2014,Mega Millions,Main
8/5/2014,45,5,2014,Mega Millions,Main
8/5/2014,53,5,2014,Mega Millions,Main
8/5/2014,6,5,2014,Mega Millions,Mega_Ball
8/8/2014,9,5,2014,Mega Millions,Main
8/8/2014,16,5,2014,Mega Millions,Main
8/8/2014,61,5,2014,Mega Millions,Main
8/8/2014,70,5,2014,Mega Millions,Main
8/8/2014,75,5,2014,Mega Millions,Main
8/8/2014,7,5,2014,Mega Millions,Mega_Ball
8/12/2014,32,4,2014,Mega Millions,Main
8/12/2014,53,4,2014,Mega Millions,Main
8/12/2014,60,4,2014,Mega Millions,Main
8/12/2014,63,4,2014,Mega Millions,Main
8/12/2014,68,4,2014,Mega Millions,Main
8/12/2014,6,4,2014,Mega Millions,Mega_Ball
8/15/2014,16,2,2014,Mega Millions,Main
8/15/2014,19,2,2014,Mega Millions,Main
8/15/2014,28,2,2014,Mega Millions,Main
8/15/2014,29,2,2014,Mega Millions,Main
8/15/2014,68,2,2014,Mega Millions,Main
8/15/2014,9,2,2014,Mega Millions,Mega_Ball
8/19/2014,22,4,2014,Mega Millions,Main
8/19/2014,39,4,2014,Mega Millions,Main
8/19/2014,56,4,2014,Mega Millions,Main
8/19/2014,67,4,2014,Mega Millions,Main
8/19/2014,71,4,2014,Mega Millions,Main
8/19/2014,15,4,2014,Mega Millions,Mega_Ball
8/22/2014,5,5,2014,Mega Millions,Main
8/22/2014,31,5,2014,Mega Millions,Main
8/22/2014,34,5,2014,Mega Millions,Main
8/22/2014,41,5,2014,Mega Millions,Main
8/22/2014,74,5,2014,Mega Millions,Main
8/22/2014,3,5,2014,Mega Millions,Mega_Ball
8/26/2014,29,5,2014,Mega Millions,Main
8/26/2014,31,5,2014,Mega Millions,Main
8/26/2014,51,5,2014,Mega Millions,Main
8/26/2014,60,5,2014,Mega Millions,Main
8/26/2014,64,5,2014,Mega Millions,Main
8/26/2014,1,5,2014,Mega Millions,Mega_Ball
8/29/2014,3,2,2014,Mega Millions,Main
8/29/2014,26,2,2014,Mega Millions,Main
8/29/2014,45,2,2014,Mega Millions,Main
8/29/2014,58,2,2014,Mega Millions,Main
8/29/2014,73,2,2014,Mega Millions,Main
8/29/2014,12,2,2014,Mega Millions,Mega_Ball
9/2/2014,1,3,2014,Mega Millions,Main
9/2/2014,8,3,2014,Mega Millions,Main
9/2/2014,54,3,2014,Mega Millions,Main
9/2/2014,69,3,2014,Mega Millions,Main
9/2/2014,72,3,2014,Mega Millions,Main
9/2/2014,1,3,2014,Mega Millions,Mega_Ball
9/5/2014,7,2,2014,Mega Millions,Main
9/5/2014,12,2,2014,Mega Millions,Main
9/5/2014,20,2,2014,Mega Millions,Main
9/5/2014,24,2,2014,Mega Millions,Main
9/5/2014,59,2,2014,Mega Millions,Main
9/5/2014,7,2,2014,Mega Millions,Mega_Ball
9/9/2014,25,4,2014,Mega Millions,Main
9/9/2014,34,4,2014,Mega Millions,Main
9/9/2014,55,4,2014,Mega Millions,Main
9/9/2014,70,4,2014,Mega Millions,Main
9/9/2014,71,4,2014,Mega Millions,Main
9/9/2014,1,4,2014,Mega Millions,Mega_Ball
9/12/2014,18,3,2014,Mega Millions,Main
9/12/2014,28,3,2014,Mega Millions,Main
9/12/2014,33,3,2014,Mega Millions,Main
9/12/2014,36,3,2014,Mega Millions,Main
9/12/2014,42,3,2014,Mega Millions,Main
9/12/2014,7,3,2014,Mega Millions,Mega_Ball
9/16/2014,25,2,2014,Mega Millions,Main
9/16/2014,45,2,2014,Mega Millions,Main
9/16/2014,51,2,2014,Mega Millions,Main
9/16/2014,53,2,2014,Mega Millions,Main
9/16/2014,73,2,2014,Mega Millions,Main
9/16/2014,2,2,2014,Mega Millions,Mega_Ball
9/19/2014,16,2,2014,Mega Millions,Main
9/19/2014,25,2,2014,Mega Millions,Main
9/19/2014,27,2,2014,Mega Millions,Main
9/19/2014,29,2,2014,Mega Millions,Main
9/19/2014,34,2,2014,Mega Millions,Main
9/19/2014,2,2,2014,Mega Millions,Mega_Ball
9/23/2014,21,5,2014,Mega Millions,Main
9/23/2014,24,5,2014,Mega Millions,Main
9/23/2014,25,5,2014,Mega Millions,Main
9/23/2014,40,5,2014,Mega Millions,Main
9/23/2014,43,5,2014,Mega Millions,Main
9/23/2014,12,5,2014,Mega Millions,Mega_Ball
9/26/2014,17,5,2014,Mega Millions,Main
9/26/2014,26,5,2014,Mega Millions,Main
9/26/2014,35,5,2014,Mega Millions,Main
9/26/2014,46,5,2014,Mega Millions,Main
9/26/2014,62,5,2014,Mega Millions,Main
9/26/2014,9,5,2014,Mega Millions,Mega_Ball
9/30/2014,3,5,2014,Mega Millions,Main
9/30/2014,16,5,2014,Mega Millions,Main
9/30/2014,52,5,2014,Mega Millions,Main
9/30/2014,54,5,2014,Mega Millions,Main
9/30/2014,61,5,2014,Mega Millions,Main
9/30/2014,6,5,2014,Mega Millions,Mega_Ball
10/3/2014,3,3,2014,Mega Millions,Main
10/3/2014,20,3,2014,Mega Millions,Main
10/3/2014,34,3,2014,Mega Millions,Main
10/3/2014,58,3,2014,Mega Millions,Main
10/3/2014,67,3,2014,Mega Millions,Main
10/3/2014,6,3,2014,Mega Millions,Mega_Ball
10/7/2014,16,3,2014,Mega Millions,Main
10/7/2014,29,3,2014,Mega Millions,Main
10/7/2014,46,3,2014,Mega Millions,Main
10/7/2014,48,3,2014,Mega Millions,Main
10/7/2014,55,3,2014,Mega Millions,Main
10/7/2014,2,3,2014,Mega Millions,Mega_Ball
10/10/2014,2,5,2014,Mega Millions,Main
10/10/2014,32,5,2014,Mega Millions,Main
10/10/2014,35,5,2014,Mega Millions,Main
10/10/2014,50,5,2014,Mega Millions,Main
10/10/2014,59,5,2014,Mega Millions,Main
10/10/2014,3,5,2014,Mega Millions,Mega_Ball
10/14/2014,11,3,2014,Mega Millions,Main
10/14/2014,37,3,2014,Mega Millions,Main
10/14/2014,46,3,2014,Mega Millions,Main
10/14/2014,64,3,2014,Mega Millions,Main
10/14/2014,68,3,2014,Mega Millions,Main
10/14/2014,15,3,2014,Mega Millions,Mega_Ball
10/17/2014,21,4,2014,Mega Millions,Main
10/17/2014,31,4,2014,Mega Millions,Main
10/17/2014,43,4,2014,Mega Millions,Main
10/17/2014,56,4,2014,Mega Millions,Main
10/17/2014,60,4,2014,Mega Millions,Main
10/17/2014,12,4,2014,Mega Millions,Mega_Ball
10/21/2014,5,5,2014,Mega Millions,Main
10/21/2014,35,5,2014,Mega Millions,Main
10/21/2014,37,5,2014,Mega Millions,Main
10/21/2014,41,5,2014,Mega Millions,Main
10/21/2014,66,5,2014,Mega Millions,Main
10/21/2014,11,5,2014,Mega Millions,Mega_Ball
10/24/2014,2,3,2014,Mega Millions,Main
10/24/2014,14,3,2014,Mega Millions,Main
10/24/2014,21,3,2014,Mega Millions,Main
10/24/2014,28,3,2014,Mega Millions,Main
10/24/2014,55,3,2014,Mega Millions,Main
10/24/2014,3,3,2014,Mega Millions,Mega_Ball
10/28/2014,3,5,2014,Mega Millions,Main
10/28/2014,50,5,2014,Mega Millions,Main
10/28/2014,57,5,2014,Mega Millions,Main
10/28/2014,58,5,2014,Mega Millions,Main
10/28/2014,60,5,2014,Mega Millions,Main
10/28/2014,11,5,2014,Mega Millions,Mega_Ball
10/31/2014,11,2,2014,Mega Millions,Main
10/31/2014,29,2,2014,Mega Millions,Main
10/31/2014,36,2,2014,Mega Millions,Main
10/31/2014,58,2,2014,Mega Millions,Main
10/31/2014,67,2,2014,Mega Millions,Main
10/31/2014,15,2,2014,Mega Millions,Mega_Ball
11/4/2014,9,4,2014,Mega Millions,Main
11/4/2014,15,4,2014,Mega Millions,Main
11/4/2014,24,4,2014,Mega Millions,Main
11/4/2014,39,4,2014,Mega Millions,Main
11/4/2014,41,4,2014,Mega Millions,Main
11/4/2014,1,4,2014,Mega Millions,Mega_Ball
11/7/2014,31,5,2014,Mega Millions,Main
11/7/2014,35,5,2014,Mega Millions,Main
11/7/2014,41,5,2014,Mega Millions,Main
11/7/2014,65,5,2014,Mega Millions,Main
11/7/2014,66,5,2014,Mega Millions,Main
11/7/2014,5,5,2014,Mega Millions,Mega_Ball
11/11/2014,23,5,2014,Mega Millions,Main
11/11/2014,25,5,2014,Mega Millions,Main
11/11/2014,28,5,2014,Mega Millions,Main
11/11/2014,30,5,2014,Mega Millions,Main
11/11/2014,75,5,2014,Mega Millions,Main
11/11/2014,11,5,2014,Mega Millions,Mega_Ball
11/14/2014,3,5,2014,Mega Millions,Main
11/14/2014,49,5,2014,Mega Millions,Main
11/14/2014,61,5,2014,Mega Millions,Main
11/14/2014,62,5,2014,Mega Millions,Main
11/14/2014,68,5,2014,Mega Millions,Main
11/14/2014,15,5,2014,Mega Millions,Mega_Ball
11/18/2014,37,2,2014,Mega Millions,Main
11/18/2014,39,2,2014,Mega Millions,Main
11/18/2014,53,2,2014,Mega Millions,Main
11/18/2014,68,2,2014,Mega Millions,Main
11/18/2014,75,2,2014,Mega Millions,Main
11/18/2014,6,2,2014,Mega Millions,Mega_Ball
11/21/2014,3,2,2014,Mega Millions,Main
11/21/2014,12,2,2014,Mega Millions,Main
11/21/2014,35,2,2014,Mega Millions,Main
11/21/2014,37,2,2014,Mega Millions,Main
11/21/2014,63,2,2014,Mega Millions,Main
11/21/2014,15,2,2014,Mega Millions,Mega_Ball
11/25/2014,10,2,2014,Mega Millions,Main
11/25/2014,11,2,2014,Mega Millions,Main
11/25/2014,29,2,2014,Mega Millions,Main
11/25/2014,47,2,2014,Mega Millions,Main
11/25/2014,56,2,2014,Mega Millions,Main
11/25/2014,4,2,2014,Mega Millions,Mega_Ball
11/28/2014,8,3,2014,Mega Millions,Main
11/28/2014,26,3,2014,Mega Millions,Main
11/28/2014,29,3,2014,Mega Millions,Main
11/28/2014,36,3,2014,Mega Millions,Main
11/28/2014,47,3,2014,Mega Millions,Main
11/28/2014,10,3,2014,Mega Millions,Mega_Ball
12/2/2014,13,5,2014,Mega Millions,Main
12/2/2014,18,5,2014,Mega Millions,Main
12/2/2014,22,5,2014,Mega Millions,Main
12/2/2014,49,5,2014,Mega Millions,Main
12/2/2014,62,5,2014,Mega Millions,Main
12/2/2014,11,5,2014,Mega Millions,Mega_Ball
12/5/2014,4,5,2014,Mega Millions,Main
12/5/2014,5,5,2014,Mega Millions,Main
12/5/2014,11,5,2014,Mega Millions,Main
12/5/2014,51,5,2014,Mega Millions,Main
12/5/2014,59,5,2014,Mega Millions,Main
12/5/2014,5,5,2014,Mega Millions,Mega_Ball
12/9/2014,27,5,2014,Mega Millions,Main
12/9/2014,45,5,2014,Mega Millions,Main
12/9/2014,49,5,2014,Mega Millions,Main
12/9/2014,51,5,2014,Mega Millions,Main
12/9/2014,52,5,2014,Mega Millions,Main
12/9/2014,14,5,2014,Mega Millions,Mega_Ball
12/12/2014,2,5,2014,Mega Millions,Main
12/12/2014,31,5,2014,Mega Millions,Main
12/12/2014,46,5,2014,Mega Millions,Main
12/12/2014,58,5,2014,Mega Millions,Main
12/12/2014,65,5,2014,Mega Millions,Main
12/12/2014,7,5,2014,Mega Millions,Mega_Ball
12/16/2014,41,5,2014,Mega Millions,Main
12/16/2014,58,5,2014,Mega Millions,Main
12/16/2014,68,5,2014,Mega Millions,Main
12/16/2014,72,5,2014,Mega Millions,Main
12/16/2014,73,5,2014,Mega Millions,Main
12/16/2014,1,5,2014,Mega Millions,Mega_Ball
12/19/2014,14,3,2014,Mega Millions,Main
12/19/2014,18,3,2014,Mega Millions,Main
12/19/2014,58,3,2014,Mega Millions,Main
12/19/2014,59,3,2014,Mega Millions,Main
12/19/2014,68,3,2014,Mega Millions,Main
12/19/2014,4,3,2014,Mega Millions,Mega_Ball
12/23/2014,4,3,2014,Mega Millions,Main
12/23/2014,10,3,2014,Mega Millions,Main
12/23/2014,31,3,2014,Mega Millions,Main
12/23/2014,56,3,2014,Mega Millions,Main
12/23/2014,66,3,2014,Mega Millions,Main
12/23/2014,7,3,2014,Mega Millions,Mega_Ball
12/26/2014,2,3,2014,Mega Millions,Main
12/26/2014,5,3,2014,Mega Millions,Main
12/26/2014,10,3,2014,Mega Millions,Main
12/26/2014,20,3,2014,Mega Millions,Main
12/26/2014,38,3,2014,Mega Millions,Main
12/26/2014,14,3,2014,Mega Millions,Mega_Ball
12/30/2014,3,4,2014,Mega Millions,Main
12/30/2014,7,4,2014,Mega Millions,Main
12/30/2014,44,4,2014,Mega Millions,Main
12/30/2014,63,4,2014,Mega Millions,Main
12/30/2014,67,4,2014,Mega Millions,Main
12/30/2014,12,4,2014,Mega Millions,Mega_Ball
1/2/2015,13,4,2015,Mega Millions,Main
1/2/2015,15,4,2015,Mega Millions,Main
1/2/2015,35,4,2015,Mega Millions,Main
1/2/2015,62,4,2015,Mega Millions,Main
1/2/2015,74,4,2015,Mega Millions,Main
1/2/2015,12,4,2015,Mega Millions,Mega_Ball
1/6/2015,12,3,2015,Mega Millions,Main
1/6/2015,20,3,2015,Mega Millions,Main
1/6/2015,27,3,2015,Mega Millions,Main
1/6/2015,38,3,2015,Mega Millions,Main
1/6/2015,75,3,2015,Mega Millions,Main
1/6/2015,4,3,2015,Mega Millions,Mega_Ball
1/9/2015,37,5,2015,Mega Millions,Main
1/9/2015,49,5,2015,Mega Millions,Main
1/9/2015,50,5,2015,Mega Millions,Main
1/9/2015,56,5,2015,Mega Millions,Main
1/9/2015,57,5,2015,Mega Millions,Main
1/9/2015,8,5,2015,Mega Millions,Mega_Ball
1/13/2015,12,5,2015,Mega Millions,Main
1/13/2015,20,5,2015,Mega Millions,Main
1/13/2015,25,5,2015,Mega Millions,Main
1/13/2015,50,5,2015,Mega Millions,Main
1/13/2015,51,5,2015,Mega Millions,Main
1/13/2015,7,5,2015,Mega Millions,Mega_Ball
1/16/2015,26,3,2015,Mega Millions,Main
1/16/2015,32,3,2015,Mega Millions,Main
1/16/2015,44,3,2015,Mega Millions,Main
1/16/2015,45,3,2015,Mega Millions,Main
1/16/2015,58,3,2015,Mega Millions,Main
1/16/2015,11,3,2015,Mega Millions,Mega_Ball
1/20/2015,31,5,2015,Mega Millions,Main
1/20/2015,35,5,2015,Mega Millions,Main
1/20/2015,56,5,2015,Mega Millions,Main
1/20/2015,59,5,2015,Mega Millions,Main
1/20/2015,63,5,2015,Mega Millions,Main
1/20/2015,6,5,2015,Mega Millions,Mega_Ball
1/23/2015,14,2,2015,Mega Millions,Main
1/23/2015,15,2,2015,Mega Millions,Main
1/23/2015,32,2,2015,Mega Millions,Main
1/23/2015,68,2,2015,Mega Millions,Main
1/23/2015,72,2,2015,Mega Millions,Main
1/23/2015,8,2,2015,Mega Millions,Mega_Ball
1/27/2015,5,3,2015,Mega Millions,Main
1/27/2015,26,3,2015,Mega Millions,Main
1/27/2015,27,3,2015,Mega Millions,Main
1/27/2015,44,3,2015,Mega Millions,Main
1/27/2015,57,3,2015,Mega Millions,Main
1/27/2015,7,3,2015,Mega Millions,Mega_Ball
1/30/2015,18,5,2015,Mega Millions,Main
1/30/2015,31,5,2015,Mega Millions,Main
1/30/2015,39,5,2015,Mega Millions,Main
1/30/2015,45,5,2015,Mega Millions,Main
1/30/2015,55,5,2015,Mega Millions,Main
1/30/2015,6,5,2015,Mega Millions,Mega_Ball
2/3/2015,11,5,2015,Mega Millions,Main
2/3/2015,22,5,2015,Mega Millions,Main
2/3/2015,25,5,2015,Mega Millions,Main
2/3/2015,58,5,2015,Mega Millions,Main
2/3/2015,69,5,2015,Mega Millions,Main
2/3/2015,13,5,2015,Mega Millions,Mega_Ball
2/6/2015,5,3,2015,Mega Millions,Main
2/6/2015,6,3,2015,Mega Millions,Main
2/6/2015,17,3,2015,Mega Millions,Main
2/6/2015,33,3,2015,Mega Millions,Main
2/6/2015,68,3,2015,Mega Millions,Main
2/6/2015,13,3,2015,Mega Millions,Mega_Ball
2/10/2015,7,2,2015,Mega Millions,Main
2/10/2015,42,2,2015,Mega Millions,Main
2/10/2015,53,2,2015,Mega Millions,Main
2/10/2015,58,2,2015,Mega Millions,Main
2/10/2015,71,2,2015,Mega Millions,Main
2/10/2015,15,2,2015,Mega Millions,Mega_Ball
2/13/2015,4,3,2015,Mega Millions,Main
2/13/2015,20,3,2015,Mega Millions,Main
2/13/2015,44,3,2015,Mega Millions,Main
2/13/2015,65,3,2015,Mega Millions,Main
2/13/2015,74,3,2015,Mega Millions,Main
2/13/2015,14,3,2015,Mega Millions,Mega_Ball
2/17/2015,6,5,2015,Mega Millions,Main
2/17/2015,45,5,2015,Mega Millions,Main
2/17/2015,50,5,2015,Mega Millions,Main
2/17/2015,65,5,2015,Mega Millions,Main
2/17/2015,66,5,2015,Mega Millions,Main
2/17/2015,1,5,2015,Mega Millions,Mega_Ball
2/20/2015,2,3,2015,Mega Millions,Main
2/20/2015,6,3,2015,Mega Millions,Main
2/20/2015,8,3,2015,Mega Millions,Main
2/20/2015,52,3,2015,Mega Millions,Main
2/20/2015,66,3,2015,Mega Millions,Main
2/20/2015,13,3,2015,Mega Millions,Mega_Ball
2/24/2015,15,3,2015,Mega Millions,Main
2/24/2015,23,3,2015,Mega Millions,Main
2/24/2015,26,3,2015,Mega Millions,Main
2/24/2015,45,3,2015,Mega Millions,Main
2/24/2015,66,3,2015,Mega Millions,Main
2/24/2015,4,3,2015,Mega Millions,Mega_Ball
2/27/2015,7,2,2015,Mega Millions,Main
2/27/2015,49,2,2015,Mega Millions,Main
2/27/2015,53,2,2015,Mega Millions,Main
2/27/2015,60,2,2015,Mega Millions,Main
2/27/2015,64,2,2015,Mega Millions,Main
2/27/2015,4,2,2015,Mega Millions,Mega_Ball
3/3/2015,9,4,2015,Mega Millions,Main
3/3/2015,11,4,2015,Mega Millions,Main
3/3/2015,42,4,2015,Mega Millions,Main
3/3/2015,44,4,2015,Mega Millions,Main
3/3/2015,50,4,2015,Mega Millions,Main
3/3/2015,3,4,2015,Mega Millions,Mega_Ball
3/6/2015,30,3,2015,Mega Millions,Main
3/6/2015,48,3,2015,Mega Millions,Main
3/6/2015,55,3,2015,Mega Millions,Main
3/6/2015,68,3,2015,Mega Millions,Main
3/6/2015,73,3,2015,Mega Millions,Main
3/6/2015,5,3,2015,Mega Millions,Mega_Ball
3/10/2015,10,5,2015,Mega Millions,Main
3/10/2015,14,5,2015,Mega Millions,Main
3/10/2015,19,5,2015,Mega Millions,Main
3/10/2015,30,5,2015,Mega Millions,Main
3/10/2015,73,5,2015,Mega Millions,Main
3/10/2015,14,5,2015,Mega Millions,Mega_Ball
3/13/2015,8,5,2015,Mega Millions,Main
3/13/2015,22,5,2015,Mega Millions,Main
3/13/2015,30,5,2015,Mega Millions,Main
3/13/2015,42,5,2015,Mega Millions,Main
3/13/2015,45,5,2015,Mega Millions,Main
3/13/2015,3,5,2015,Mega Millions,Mega_Ball
3/17/2015,11,5,2015,Mega Millions,Main
3/17/2015,27,5,2015,Mega Millions,Main
3/17/2015,44,5,2015,Mega Millions,Main
3/17/2015,45,5,2015,Mega Millions,Main
3/17/2015,58,5,2015,Mega Millions,Main
3/17/2015,3,5,2015,Mega Millions,Mega_Ball
3/20/2015,7,4,2015,Mega Millions,Main
3/20/2015,50,4,2015,Mega Millions,Main
3/20/2015,54,4,2015,Mega Millions,Main
3/20/2015,61,4,2015,Mega Millions,Main
3/20/2015,75,4,2015,Mega Millions,Main
3/20/2015,7,4,2015,Mega Millions,Mega_Ball
3/24/2015,2,2,2015,Mega Millions,Main
3/24/2015,23,2,2015,Mega Millions,Main
3/24/2015,32,2,2015,Mega Millions,Main
3/24/2015,45,2,2015,Mega Millions,Main
3/24/2015,55,2,2015,Mega Millions,Main
3/24/2015,12,2,2015,Mega Millions,Mega_Ball
3/27/2015,17,5,2015,Mega Millions,Main
3/27/2015,21,5,2015,Mega Millions,Main
3/27/2015,36,5,2015,Mega Millions,Main
3/27/2015,58,5,2015,Mega Millions,Main
3/27/2015,70,5,2015,Mega Millions,Main
3/27/2015,3,5,2015,Mega Millions,Mega_Ball
3/31/2015,8,5,2015,Mega Millions,Main
3/31/2015,26,5,2015,Mega Millions,Main
3/31/2015,41,5,2015,Mega Millions,Main
3/31/2015,61,5,2015,Mega Millions,Main
3/31/2015,73,5,2015,Mega Millions,Main
3/31/2015,11,5,2015,Mega Millions,Mega_Ball
4/3/2015,10,5,2015,Mega Millions,Main
4/3/2015,36,5,2015,Mega Millions,Main
4/3/2015,47,5,2015,Mega Millions,Main
4/3/2015,63,5,2015,Mega Millions,Main
4/3/2015,74,5,2015,Mega Millions,Main
4/3/2015,2,5,2015,Mega Millions,Mega_Ball
4/7/2015,5,4,2015,Mega Millions,Main
4/7/2015,15,4,2015,Mega Millions,Main
4/7/2015,22,4,2015,Mega Millions,Main
4/7/2015,26,4,2015,Mega Millions,Main
4/7/2015,64,4,2015,Mega Millions,Main
4/7/2015,6,4,2015,Mega Millions,Mega_Ball
4/10/2015,6,2,2015,Mega Millions,Main
4/10/2015,11,2,2015,Mega Millions,Main
4/10/2015,32,2,2015,Mega Millions,Main
4/10/2015,46,2,2015,Mega Millions,Main
4/10/2015,68,2,2015,Mega Millions,Main
4/10/2015,9,2,2015,Mega Millions,Mega_Ball
4/14/2015,3,5,2015,Mega Millions,Main
4/14/2015,7,5,2015,Mega Millions,Main
4/14/2015,25,5,2015,Mega Millions,Main
4/14/2015,68,5,2015,Mega Millions,Main
4/14/2015,71,5,2015,Mega Millions,Main
4/14/2015,3,5,2015,Mega Millions,Mega_Ball
4/17/2015,15,2,2015,Mega Millions,Main
4/17/2015,18,2,2015,Mega Millions,Main
4/17/2015,29,2,2015,Mega Millions,Main
4/17/2015,41,2,2015,Mega Millions,Main
4/17/2015,50,2,2015,Mega Millions,Main
4/17/2015,5,2,2015,Mega Millions,Mega_Ball
4/21/2015,31,5,2015,Mega Millions,Main
4/21/2015,33,5,2015,Mega Millions,Main
4/21/2015,35,5,2015,Mega Millions,Main
4/21/2015,41,5,2015,Mega Millions,Main
4/21/2015,69,5,2015,Mega Millions,Main
4/21/2015,11,5,2015,Mega Millions,Mega_Ball
4/24/2015,24,4,2015,Mega Millions,Main
4/24/2015,25,4,2015,Mega Millions,Main
4/24/2015,29,4,2015,Mega Millions,Main
4/24/2015,47,4,2015,Mega Millions,Main
4/24/2015,67,4,2015,Mega Millions,Main
4/24/2015,4,4,2015,Mega Millions,Mega_Ball
4/28/2015,22,5,2015,Mega Millions,Main
4/28/2015,27,5,2015,Mega Millions,Main
4/28/2015,55,5,2015,Mega Millions,Main
4/28/2015,58,5,2015,Mega Millions,Main
4/28/2015,63,5,2015,Mega Millions,Main
4/28/2015,11,5,2015,Mega Millions,Mega_Ball
5/1/2015,17,3,2015,Mega Millions,Main
5/1/2015,18,3,2015,Mega Millions,Main
5/1/2015,61,3,2015,Mega Millions,Main
5/1/2015,66,3,2015,Mega Millions,Main
5/1/2015,74,3,2015,Mega Millions,Main
5/1/2015,3,3,2015,Mega Millions,Mega_Ball
5/5/2015,11,5,2015,Mega Millions,Main
5/5/2015,21,5,2015,Mega Millions,Main
5/5/2015,42,5,2015,Mega Millions,Main
5/5/2015,62,5,2015,Mega Millions,Main
5/5/2015,71,5,2015,Mega Millions,Main
5/5/2015,7,5,2015,Mega Millions,Mega_Ball
5/8/2015,9,3,2015,Mega Millions,Main
5/8/2015,21,3,2015,Mega Millions,Main
5/8/2015,25,3,2015,Mega Millions,Main
5/8/2015,66,3,2015,Mega Millions,Main
5/8/2015,72,3,2015,Mega Millions,Main
5/8/2015,7,3,2015,Mega Millions,Mega_Ball
5/12/2015,14,5,2015,Mega Millions,Main
5/12/2015,30,5,2015,Mega Millions,Main
5/12/2015,33,5,2015,Mega Millions,Main
5/12/2015,36,5,2015,Mega Millions,Main
5/12/2015,44,5,2015,Mega Millions,Main
5/12/2015,2,5,2015,Mega Millions,Mega_Ball
5/15/2015,11,5,2015,Mega Millions,Main
5/15/2015,17,5,2015,Mega Millions,Main
5/15/2015,21,5,2015,Mega Millions,Main
5/15/2015,36,5,2015,Mega Millions,Main
5/15/2015,74,5,2015,Mega Millions,Main
5/15/2015,15,5,2015,Mega Millions,Mega_Ball
5/19/2015,10,5,2015,Mega Millions,Main
5/19/2015,12,5,2015,Mega Millions,Main
5/19/2015,21,5,2015,Mega Millions,Main
5/19/2015,29,5,2015,Mega Millions,Main
5/19/2015,65,5,2015,Mega Millions,Main
5/19/2015,10,5,2015,Mega Millions,Mega_Ball
5/22/2015,3,5,2015,Mega Millions,Main
5/22/2015,14,5,2015,Mega Millions,Main
5/22/2015,15,5,2015,Mega Millions,Main
5/22/2015,25,5,2015,Mega Millions,Main
5/22/2015,48,5,2015,Mega Millions,Main
5/22/2015,8,5,2015,Mega Millions,Mega_Ball
5/26/2015,1,4,2015,Mega Millions,Main
5/26/2015,39,4,2015,Mega Millions,Main
5/26/2015,52,4,2015,Mega Millions,Main
5/26/2015,69,4,2015,Mega Millions,Main
5/26/2015,72,4,2015,Mega Millions,Main
5/26/2015,12,4,2015,Mega Millions,Mega_Ball
5/29/2015,20,4,2015,Mega Millions,Main
5/29/2015,27,4,2015,Mega Millions,Main
5/29/2015,38,4,2015,Mega Millions,Main
5/29/2015,49,4,2015,Mega Millions,Main
5/29/2015,66,4,2015,Mega Millions,Main
5/29/2015,2,4,2015,Mega Millions,Mega_Ball
6/2/2015,2,4,2015,Mega Millions,Main
6/2/2015,9,4,2015,Mega Millions,Main
6/2/2015,11,4,2015,Mega Millions,Main
6/2/2015,22,4,2015,Mega Millions,Main
6/2/2015,23,4,2015,Mega Millions,Main
6/2/2015,12,4,2015,Mega Millions,Mega_Ball
6/5/2015,7,4,2015,Mega Millions,Main
6/5/2015,22,4,2015,Mega Millions,Main
6/5/2015,27,4,2015,Mega Millions,Main
6/5/2015,41,4,2015,Mega Millions,Main
6/5/2015,49,4,2015,Mega Millions,Main
6/5/2015,10,4,2015,Mega Millions,Mega_Ball
6/9/2015,6,5,2015,Mega Millions,Main
6/9/2015,16,5,2015,Mega Millions,Main
6/9/2015,17,5,2015,Mega Millions,Main
6/9/2015,25,5,2015,Mega Millions,Main
6/9/2015,36,5,2015,Mega Millions,Main
6/9/2015,7,5,2015,Mega Millions,Mega_Ball
6/12/2015,1,5,2015,Mega Millions,Main
6/12/2015,40,5,2015,Mega Millions,Main
6/12/2015,42,5,2015,Mega Millions,Main
6/12/2015,56,5,2015,Mega Millions,Main
6/12/2015,62,5,2015,Mega Millions,Main
6/12/2015,2,5,2015,Mega Millions,Mega_Ball
6/16/2015,8,2,2015,Mega Millions,Main
6/16/2015,19,2,2015,Mega Millions,Main
6/16/2015,26,2,2015,Mega Millions,Main
6/16/2015,56,2,2015,Mega Millions,Main
6/16/2015,67,2,2015,Mega Millions,Main
6/16/2015,14,2,2015,Mega Millions,Mega_Ball
6/19/2015,4,3,2015,Mega Millions,Main
6/19/2015,35,3,2015,Mega Millions,Main
6/19/2015,36,3,2015,Mega Millions,Main
6/19/2015,52,3,2015,Mega Millions,Main
6/19/2015,68,3,2015,Mega Millions,Main
6/19/2015,8,3,2015,Mega Millions,Mega_Ball
6/23/2015,6,5,2015,Mega Millions,Main
6/23/2015,13,5,2015,Mega Millions,Main
6/23/2015,38,5,2015,Mega Millions,Main
6/23/2015,56,5,2015,Mega Millions,Main
6/23/2015,70,5,2015,Mega Millions,Main
6/23/2015,2,5,2015,Mega Millions,Mega_Ball
6/26/2015,12,5,2015,Mega Millions,Main
6/26/2015,23,5,2015,Mega Millions,Main
6/26/2015,33,5,2015,Mega Millions,Main
6/26/2015,47,5,2015,Mega Millions,Main
6/26/2015,50,5,2015,Mega Millions,Main
6/26/2015,3,5,2015,Mega Millions,Mega_Ball
6/30/2015,11,4,2015,Mega Millions,Main
6/30/2015,17,4,2015,Mega Millions,Main
6/30/2015,34,4,2015,Mega Millions,Main
6/30/2015,43,4,2015,Mega Millions,Main
6/30/2015,50,4,2015,Mega Millions,Main
6/30/2015,15,4,2015,Mega Millions,Mega_Ball
7/3/2015,33,4,2015,Mega Millions,Main
7/3/2015,50,4,2015,Mega Millions,Main
7/3/2015,64,4,2015,Mega Millions,Main
7/3/2015,71,4,2015,Mega Millions,Main
7/3/2015,72,4,2015,Mega Millions,Main
7/3/2015,9,4,2015,Mega Millions,Mega_Ball
7/7/2015,6,3,2015,Mega Millions,Main
7/7/2015,15,3,2015,Mega Millions,Main
7/7/2015,16,3,2015,Mega Millions,Main
7/7/2015,28,3,2015,Mega Millions,Main
7/7/2015,49,3,2015,Mega Millions,Main
7/7/2015,14,3,2015,Mega Millions,Mega_Ball
7/10/2015,24,3,2015,Mega Millions,Main
7/10/2015,27,3,2015,Mega Millions,Main
7/10/2015,45,3,2015,Mega Millions,Main
7/10/2015,51,3,2015,Mega Millions,Main
7/10/2015,54,3,2015,Mega Millions,Main
7/10/2015,8,3,2015,Mega Millions,Mega_Ball
7/14/2015,19,3,2015,Mega Millions,Main
7/14/2015,24,3,2015,Mega Millions,Main
7/14/2015,30,3,2015,Mega Millions,Main
7/14/2015,35,3,2015,Mega Millions,Main
7/14/2015,72,3,2015,Mega Millions,Main
7/14/2015,5,3,2015,Mega Millions,Mega_Ball
7/17/2015,6,3,2015,Mega Millions,Main
7/17/2015,17,3,2015,Mega Millions,Main
7/17/2015,30,3,2015,Mega Millions,Main
7/17/2015,31,3,2015,Mega Millions,Main
7/17/2015,41,3,2015,Mega Millions,Main
7/17/2015,15,3,2015,Mega Millions,Mega_Ball
7/21/2015,20,5,2015,Mega Millions,Main
7/21/2015,30,5,2015,Mega Millions,Main
7/21/2015,62,5,2015,Mega Millions,Main
7/21/2015,65,5,2015,Mega Millions,Main
7/21/2015,74,5,2015,Mega Millions,Main
7/21/2015,1,5,2015,Mega Millions,Mega_Ball
7/24/2015,10,5,2015,Mega Millions,Main
7/24/2015,12,5,2015,Mega Millions,Main
7/24/2015,26,5,2015,Mega Millions,Main
7/24/2015,60,5,2015,Mega Millions,Main
7/24/2015,62,5,2015,Mega Millions,Main
7/24/2015,13,5,2015,Mega Millions,Mega_Ball
7/28/2015,8,5,2015,Mega Millions,Main
7/28/2015,35,5,2015,Mega Millions,Main
7/28/2015,61,5,2015,Mega Millions,Main
7/28/2015,68,5,2015,Mega Millions,Main
7/28/2015,75,5,2015,Mega Millions,Main
7/28/2015,15,5,2015,Mega Millions,Mega_Ball
7/31/2015,28,4,2015,Mega Millions,Main
7/31/2015,32,4,2015,Mega Millions,Main
7/31/2015,33,4,2015,Mega Millions,Main
7/31/2015,40,4,2015,Mega Millions,Main
7/31/2015,46,4,2015,Mega Millions,Main
7/31/2015,10,4,2015,Mega Millions,Mega_Ball
8/4/2015,2,2,2015,Mega Millions,Main
8/4/2015,19,2,2015,Mega Millions,Main
8/4/2015,44,2,2015,Mega Millions,Main
8/4/2015,51,2,2015,Mega Millions,Main
8/4/2015,57,2,2015,Mega Millions,Main
8/4/2015,14,2,2015,Mega Millions,Mega_Ball
8/7/2015,1,3,2015,Mega Millions,Main
8/7/2015,38,3,2015,Mega Millions,Main
8/7/2015,53,3,2015,Mega Millions,Main
8/7/2015,63,3,2015,Mega Millions,Main
8/7/2015,66,3,2015,Mega Millions,Main
8/7/2015,10,3,2015,Mega Millions,Mega_Ball
8/11/2015,3,4,2015,Mega Millions,Main
8/11/2015,8,4,2015,Mega Millions,Main
8/11/2015,29,4,2015,Mega Millions,Main
8/11/2015,57,4,2015,Mega Millions,Main
8/11/2015,68,4,2015,Mega Millions,Main
8/11/2015,8,4,2015,Mega Millions,Mega_Ball
8/14/2015,12,4,2015,Mega Millions,Main
8/14/2015,15,4,2015,Mega Millions,Main
8/14/2015,20,4,2015,Mega Millions,Main
8/14/2015,52,4,2015,Mega Millions,Main
8/14/2015,71,4,2015,Mega Millions,Main
8/14/2015,3,4,2015,Mega Millions,Mega_Ball
8/18/2015,2,3,2015,Mega Millions,Main
8/18/2015,7,3,2015,Mega Millions,Main
8/18/2015,33,3,2015,Mega Millions,Main
8/18/2015,39,3,2015,Mega Millions,Main
8/18/2015,53,3,2015,Mega Millions,Main
8/18/2015,9,3,2015,Mega Millions,Mega_Ball
8/21/2015,13,5,2015,Mega Millions,Main
8/21/2015,15,5,2015,Mega Millions,Main
8/21/2015,21,5,2015,Mega Millions,Main
8/21/2015,41,5,2015,Mega Millions,Main
8/21/2015,72,5,2015,Mega Millions,Main
8/21/2015,1,5,2015,Mega Millions,Mega_Ball
8/25/2015,5,5,2015,Mega Millions,Main
8/25/2015,44,5,2015,Mega Millions,Main
8/25/2015,54,5,2015,Mega Millions,Main
8/25/2015,59,5,2015,Mega Millions,Main
8/25/2015,63,5,2015,Mega Millions,Main
8/25/2015,1,5,2015,Mega Millions,Mega_Ball
8/28/2015,13,4,2015,Mega Millions,Main
8/28/2015,35,4,2015,Mega Millions,Main
8/28/2015,40,4,2015,Mega Millions,Main
8/28/2015,60,4,2015,Mega Millions,Main
8/28/2015,68,4,2015,Mega Millions,Main
8/28/2015,9,4,2015,Mega Millions,Mega_Ball
9/1/2015,2,5,2015,Mega Millions,Main
9/1/2015,5,5,2015,Mega Millions,Main
9/1/2015,35,5,2015,Mega Millions,Main
9/1/2015,40,5,2015,Mega Millions,Main
9/1/2015,54,5,2015,Mega Millions,Main
9/1/2015,13,5,2015,Mega Millions,Mega_Ball
9/4/2015,17,5,2015,Mega Millions,Main
9/4/2015,21,5,2015,Mega Millions,Main
9/4/2015,39,5,2015,Mega Millions,Main
9/4/2015,52,5,2015,Mega Millions,Main
9/4/2015,57,5,2015,Mega Millions,Main
9/4/2015,5,5,2015,Mega Millions,Mega_Ball
9/8/2015,19,3,2015,Mega Millions,Main
9/8/2015,20,3,2015,Mega Millions,Main
9/8/2015,36,3,2015,Mega Millions,Main
9/8/2015,41,3,2015,Mega Millions,Main
9/8/2015,46,3,2015,Mega Millions,Main
9/8/2015,7,3,2015,Mega Millions,Mega_Ball
9/11/2015,5,2,2015,Mega Millions,Main
9/11/2015,11,2,2015,Mega Millions,Main
9/11/2015,31,2,2015,Mega Millions,Main
9/11/2015,50,2,2015,Mega Millions,Main
9/11/2015,67,2,2015,Mega Millions,Main
9/11/2015,14,2,2015,Mega Millions,Mega_Ball
9/15/2015,7,4,2015,Mega Millions,Main
9/15/2015,20,4,2015,Mega Millions,Main
9/15/2015,35,4,2015,Mega Millions,Main
9/15/2015,49,4,2015,Mega Millions,Main
9/15/2015,56,4,2015,Mega Millions,Main
9/15/2015,9,4,2015,Mega Millions,Mega_Ball
9/18/2015,17,3,2015,Mega Millions,Main
9/18/2015,34,3,2015,Mega Millions,Main
9/18/2015,35,3,2015,Mega Millions,Main
9/18/2015,51,3,2015,Mega Millions,Main
9/18/2015,65,3,2015,Mega Millions,Main
9/18/2015,7,3,2015,Mega Millions,Mega_Ball
9/22/2015,28,5,2015,Mega Millions,Main
9/22/2015,30,5,2015,Mega Millions,Main
9/22/2015,38,5,2015,Mega Millions,Main
9/22/2015,45,5,2015,Mega Millions,Main
9/22/2015,51,5,2015,Mega Millions,Main
9/22/2015,8,5,2015,Mega Millions,Mega_Ball
9/25/2015,3,5,2015,Mega Millions,Main
9/25/2015,8,5,2015,Mega Millions,Main
9/25/2015,38,5,2015,Mega Millions,Main
9/25/2015,51,5,2015,Mega Millions,Main
9/25/2015,64,5,2015,Mega Millions,Main
9/25/2015,4,5,2015,Mega Millions,Mega_Ball
9/29/2015,8,3,2015,Mega Millions,Main
9/29/2015,21,3,2015,Mega Millions,Main
9/29/2015,30,3,2015,Mega Millions,Main
9/29/2015,61,3,2015,Mega Millions,Main
9/29/2015,62,3,2015,Mega Millions,Main
9/29/2015,9,3,2015,Mega Millions,Mega_Ball
10/2/2015,4,2,2015,Mega Millions,Main
10/2/2015,14,2,2015,Mega Millions,Main
10/2/2015,29,2,2015,Mega Millions,Main
10/2/2015,31,2,2015,Mega Millions,Main
10/2/2015,47,2,2015,Mega Millions,Main
10/2/2015,9,2,2015,Mega Millions,Mega_Ball
10/6/2015,17,3,2015,Mega Millions,Main
10/6/2015,58,3,2015,Mega Millions,Main
10/6/2015,63,3,2015,Mega Millions,Main
10/6/2015,64,3,2015,Mega Millions,Main
10/6/2015,66,3,2015,Mega Millions,Main
10/6/2015,13,3,2015,Mega Millions,Mega_Ball
10/9/2015,8,4,2015,Mega Millions,Main
10/9/2015,9,4,2015,Mega Millions,Main
10/9/2015,21,4,2015,Mega Millions,Main
10/9/2015,63,4,2015,Mega Millions,Main
10/9/2015,75,4,2015,Mega Millions,Main
10/9/2015,14,4,2015,Mega Millions,Mega_Ball
10/13/2015,7,5,2015,Mega Millions,Main
10/13/2015,9,5,2015,Mega Millions,Main
10/13/2015,24,5,2015,Mega Millions,Main
10/13/2015,38,5,2015,Mega Millions,Main
10/13/2015,52,5,2015,Mega Millions,Main
10/13/2015,1,5,2015,Mega Millions,Mega_Ball
10/16/2015,2,3,2015,Mega Millions,Main
10/16/2015,38,3,2015,Mega Millions,Main
10/16/2015,48,3,2015,Mega Millions,Main
10/16/2015,61,3,2015,Mega Millions,Main
10/16/2015,68,3,2015,Mega Millions,Main
10/16/2015,4,3,2015,Mega Millions,Mega_Ball
10/20/2015,6,4,2015,Mega Millions,Main
10/20/2015,25,4,2015,Mega Millions,Main
10/20/2015,35,4,2015,Mega Millions,Main
10/20/2015,38,4,2015,Mega Millions,Main
10/20/2015,52,4,2015,Mega Millions,Main
10/20/2015,4,4,2015,Mega Millions,Mega_Ball
10/23/2015,25,5,2015,Mega Millions,Main
10/23/2015,32,5,2015,Mega Millions,Main
10/23/2015,37,5,2015,Mega Millions,Main
10/23/2015,45,5,2015,Mega Millions,Main
10/23/2015,70,5,2015,Mega Millions,Main
10/23/2015,1,5,2015,Mega Millions,Mega_Ball
10/27/2015,9,3,2015,Mega Millions,Main
10/27/2015,26,3,2015,Mega Millions,Main
10/27/2015,27,3,2015,Mega Millions,Main
10/27/2015,29,3,2015,Mega Millions,Main
10/27/2015,74,3,2015,Mega Millions,Main
10/27/2015,4,3,2015,Mega Millions,Mega_Ball
10/30/2015,17,5,2015,Mega Millions,Main
10/30/2015,41,5,2015,Mega Millions,Main
10/30/2015,51,5,2015,Mega Millions,Main
10/30/2015,53,5,2015,Mega Millions,Main
10/30/2015,56,5,2015,Mega Millions,Main
10/30/2015,15,5,2015,Mega Millions,Mega_Ball
11/3/2015,16,5,2015,Mega Millions,Main
11/3/2015,29,5,2015,Mega Millions,Main
11/3/2015,44,5,2015,Mega Millions,Main
11/3/2015,69,5,2015,Mega Millions,Main
11/3/2015,74,5,2015,Mega Millions,Main
11/3/2015,12,5,2015,Mega Millions,Mega_Ball
11/6/2015,10,3,2015,Mega Millions,Main
11/6/2015,31,3,2015,Mega Millions,Main
11/6/2015,35,3,2015,Mega Millions,Main
11/6/2015,50,3,2015,Mega Millions,Main
11/6/2015,72,3,2015,Mega Millions,Main
11/6/2015,8,3,2015,Mega Millions,Mega_Ball
11/10/2015,8,4,2015,Mega Millions,Main
11/10/2015,17,4,2015,Mega Millions,Main
11/10/2015,20,4,2015,Mega Millions,Main
11/10/2015,45,4,2015,Mega Millions,Main
11/10/2015,71,4,2015,Mega Millions,Main
11/10/2015,4,4,2015,Mega Millions,Mega_Ball
11/13/2015,17,5,2015,Mega Millions,Main
11/13/2015,18,5,2015,Mega Millions,Main
11/13/2015,31,5,2015,Mega Millions,Main
11/13/2015,35,5,2015,Mega Millions,Main
11/13/2015,59,5,2015,Mega Millions,Main
11/13/2015,9,5,2015,Mega Millions,Mega_Ball
11/17/2015,12,3,2015,Mega Millions,Main
11/17/2015,14,3,2015,Mega Millions,Main
11/17/2015,18,3,2015,Mega Millions,Main
11/17/2015,24,3,2015,Mega Millions,Main
11/17/2015,61,3,2015,Mega Millions,Main
11/17/2015,10,3,2015,Mega Millions,Mega_Ball
11/20/2015,9,2,2015,Mega Millions,Main
11/20/2015,12,2,2015,Mega Millions,Main
11/20/2015,29,2,2015,Mega Millions,Main
11/20/2015,37,2,2015,Mega Millions,Main
11/20/2015,67,2,2015,Mega Millions,Main
11/20/2015,15,2,2015,Mega Millions,Mega_Ball
11/24/2015,2,4,2015,Mega Millions,Main
11/24/2015,19,4,2015,Mega Millions,Main
11/24/2015,30,4,2015,Mega Millions,Main
11/24/2015,38,4,2015,Mega Millions,Main
11/24/2015,70,4,2015,Mega Millions,Main
11/24/2015,8,4,2015,Mega Millions,Mega_Ball
11/27/2015,16,3,2015,Mega Millions,Main
11/27/2015,20,3,2015,Mega Millions,Main
11/27/2015,39,3,2015,Mega Millions,Main
11/27/2015,56,3,2015,Mega Millions,Main
11/27/2015,59,3,2015,Mega Millions,Main
11/27/2015,12,3,2015,Mega Millions,Mega_Ball
12/1/2015,5,2,2015,Mega Millions,Main
12/1/2015,7,2,2015,Mega Millions,Main
12/1/2015,25,2,2015,Mega Millions,Main
12/1/2015,50,2,2015,Mega Millions,Main
12/1/2015,59,2,2015,Mega Millions,Main
12/1/2015,12,2,2015,Mega Millions,Mega_Ball
12/4/2015,26,5,2015,Mega Millions,Main
12/4/2015,42,5,2015,Mega Millions,Main
12/4/2015,47,5,2015,Mega Millions,Main
12/4/2015,61,5,2015,Mega Millions,Main
12/4/2015,73,5,2015,Mega Millions,Main
12/4/2015,6,5,2015,Mega Millions,Mega_Ball
12/8/2015,7,3,2015,Mega Millions,Main
12/8/2015,17,3,2015,Mega Millions,Main
12/8/2015,37,3,2015,Mega Millions,Main
12/8/2015,49,3,2015,Mega Millions,Main
12/8/2015,73,3,2015,Mega Millions,Main
12/8/2015,15,3,2015,Mega Millions,Mega_Ball
12/11/2015,14,4,2015,Mega Millions,Main
12/11/2015,20,4,2015,Mega Millions,Main
12/11/2015,43,4,2015,Mega Millions,Main
12/11/2015,54,4,2015,Mega Millions,Main
12/11/2015,69,4,2015,Mega Millions,Main
12/11/2015,5,4,2015,Mega Millions,Mega_Ball
12/15/2015,18,5,2015,Mega Millions,Main
12/15/2015,25,5,2015,Mega Millions,Main
12/15/2015,47,5,2015,Mega Millions,Main
12/15/2015,51,5,2015,Mega Millions,Main
12/15/2015,61,5,2015,Mega Millions,Main
12/15/2015,5,5,2015,Mega Millions,Mega_Ball
12/18/2015,6,5,2015,Mega Millions,Main
12/18/2015,23,5,2015,Mega Millions,Main
12/18/2015,24,5,2015,Mega Millions,Main
12/18/2015,28,5,2015,Mega Millions,Main
12/18/2015,62,5,2015,Mega Millions,Main
12/18/2015,7,5,2015,Mega Millions,Mega_Ball
12/22/2015,11,3,2015,Mega Millions,Main
12/22/2015,21,3,2015,Mega Millions,Main
12/22/2015,40,3,2015,Mega Millions,Main
12/22/2015,50,3,2015,Mega Millions,Main
12/22/2015,70,3,2015,Mega Millions,Main
12/22/2015,15,3,2015,Mega Millions,Mega_Ball
12/25/2015,15,4,2015,Mega Millions,Main
12/25/2015,25,4,2015,Mega Millions,Main
12/25/2015,29,4,2015,Mega Millions,Main
12/25/2015,44,4,2015,Mega Millions,Main
12/25/2015,51,4,2015,Mega Millions,Main
12/25/2015,4,4,2015,Mega Millions,Mega_Ball
12/29/2015,20,3,2015,Mega Millions,Main
12/29/2015,25,3,2015,Mega Millions,Main
12/29/2015,55,3,2015,Mega Millions,Main
12/29/2015,62,3,2015,Mega Millions,Main
12/29/2015,74,3,2015,Mega Millions,Main
12/29/2015,7,3,2015,Mega Millions,Mega_Ball
1/1/2016,7,5,2016,Mega Millions,Main
1/1/2016,18,5,2016,Mega Millions,Main
1/1/2016,37,5,2016,Mega Millions,Main
1/1/2016,38,5,2016,Mega Millions,Main
1/1/2016,39,5,2016,Mega Millions,Main
1/1/2016,9,5,2016,Mega Millions,Mega_Ball
1/5/2016,1,5,2016,Mega Millions,Main
1/5/2016,4,5,2016,Mega Millions,Main
1/5/2016,36,5,2016,Mega Millions,Main
1/5/2016,48,5,2016,Mega Millions,Main
1/5/2016,57,5,2016,Mega Millions,Main
1/5/2016,13,5,2016,Mega Millions,Mega_Ball
1/8/2016,11,5,2016,Mega Millions,Main
1/8/2016,39,5,2016,Mega Millions,Main
1/8/2016,51,5,2016,Mega Millions,Main
1/8/2016,57,5,2016,Mega Millions,Main
1/8/2016,75,5,2016,Mega Millions,Main
1/8/2016,2,5,2016,Mega Millions,Mega_Ball
1/12/2016,15,4,2016,Mega Millions,Main
1/12/2016,27,4,2016,Mega Millions,Main
1/12/2016,29,4,2016,Mega Millions,Main
1/12/2016,31,4,2016,Mega Millions,Main
1/12/2016,48,4,2016,Mega Millions,Main
1/12/2016,15,4,2016,Mega Millions,Mega_Ball
1/15/2016,29,2,2016,Mega Millions,Main
1/15/2016,41,2,2016,Mega Millions,Main
1/15/2016,53,2,2016,Mega Millions,Main
1/15/2016,54,2,2016,Mega Millions,Main
1/15/2016,70,2,2016,Mega Millions,Main
1/15/2016,12,2,2016,Mega Millions,Mega_Ball
1/19/2016,2,2,2016,Mega Millions,Main
1/19/2016,17,2,2016,Mega Millions,Main
1/19/2016,31,2,2016,Mega Millions,Main
1/19/2016,39,2,2016,Mega Millions,Main
1/19/2016,47,2,2016,Mega Millions,Main
1/19/2016,9,2,2016,Mega Millions,Mega_Ball
1/22/2016,21,5,2016,Mega Millions,Main
1/22/2016,25,5,2016,Mega Millions,Main
1/22/2016,40,5,2016,Mega Millions,Main
1/22/2016,46,5,2016,Mega Millions,Main
1/22/2016,56,5,2016,Mega Millions,Main
1/22/2016,3,5,2016,Mega Millions,Mega_Ball
1/26/2016,14,2,2016,Mega Millions,Main
1/26/2016,27,2,2016,Mega Millions,Main
1/26/2016,39,2,2016,Mega Millions,Main
1/26/2016,50,2,2016,Mega Millions,Main
1/26/2016,69,2,2016,Mega Millions,Main
1/26/2016,2,2,2016,Mega Millions,Mega_Ball
1/29/2016,20,2,2016,Mega Millions,Main
1/29/2016,28,2,2016,Mega Millions,Main
1/29/2016,49,2,2016,Mega Millions,Main
1/29/2016,51,2,2016,Mega Millions,Main
1/29/2016,52,2,2016,Mega Millions,Main
1/29/2016,6,2,2016,Mega Millions,Mega_Ball
2/2/2016,7,4,2016,Mega Millions,Main
2/2/2016,13,4,2016,Mega Millions,Main
2/2/2016,25,4,2016,Mega Millions,Main
2/2/2016,51,4,2016,Mega Millions,Main
2/2/2016,70,4,2016,Mega Millions,Main
2/2/2016,9,4,2016,Mega Millions,Mega_Ball
2/5/2016,4,3,2016,Mega Millions,Main
2/5/2016,6,3,2016,Mega Millions,Main
2/5/2016,23,3,2016,Mega Millions,Main
2/5/2016,55,3,2016,Mega Millions,Main
2/5/2016,75,3,2016,Mega Millions,Main
2/5/2016,2,3,2016,Mega Millions,Mega_Ball
2/9/2016,3,4,2016,Mega Millions,Main
2/9/2016,42,4,2016,Mega Millions,Main
2/9/2016,46,4,2016,Mega Millions,Main
2/9/2016,56,4,2016,Mega Millions,Main
2/9/2016,71,4,2016,Mega Millions,Main
2/9/2016,13,4,2016,Mega Millions,Mega_Ball
2/12/2016,1,3,2016,Mega Millions,Main
2/12/2016,7,3,2016,Mega Millions,Main
2/12/2016,44,3,2016,Mega Millions,Main
2/12/2016,68,3,2016,Mega Millions,Main
2/12/2016,73,3,2016,Mega Millions,Main
2/12/2016,1,3,2016,Mega Millions,Mega_Ball
2/16/2016,9,3,2016,Mega Millions,Main
2/16/2016,31,3,2016,Mega Millions,Main
2/16/2016,33,3,2016,Mega Millions,Main
2/16/2016,46,3,2016,Mega Millions,Main
2/16/2016,64,3,2016,Mega Millions,Main
2/16/2016,4,3,2016,Mega Millions,Mega_Ball
2/19/2016,2,4,2016,Mega Millions,Main
2/19/2016,27,4,2016,Mega Millions,Main
2/19/2016,41,4,2016,Mega Millions,Main
2/19/2016,50,4,2016,Mega Millions,Main
2/19/2016,75,4,2016,Mega Millions,Main
2/19/2016,4,4,2016,Mega Millions,Mega_Ball
2/23/2016,16,5,2016,Mega Millions,Main
2/23/2016,32,5,2016,Mega Millions,Main
2/23/2016,39,5,2016,Mega Millions,Main
2/23/2016,53,5,2016,Mega Millions,Main
2/23/2016,57,5,2016,Mega Millions,Main
2/23/2016,10,5,2016,Mega Millions,Mega_Ball
2/26/2016,3,4,2016,Mega Millions,Main
2/26/2016,15,4,2016,Mega Millions,Main
2/26/2016,19,4,2016,Mega Millions,Main
2/26/2016,62,4,2016,Mega Millions,Main
2/26/2016,74,4,2016,Mega Millions,Main
2/26/2016,14,4,2016,Mega Millions,Mega_Ball
3/1/2016,1,5,2016,Mega Millions,Main
3/1/2016,29,5,2016,Mega Millions,Main
3/1/2016,33,5,2016,Mega Millions,Main
3/1/2016,34,5,2016,Mega Millions,Main
3/1/2016,55,5,2016,Mega Millions,Main
3/1/2016,6,5,2016,Mega Millions,Mega_Ball
3/4/2016,21,4,2016,Mega Millions,Main
3/4/2016,26,4,2016,Mega Millions,Main
3/4/2016,33,4,2016,Mega Millions,Main
3/4/2016,48,4,2016,Mega Millions,Main
3/4/2016,73,4,2016,Mega Millions,Main
3/4/2016,14,4,2016,Mega Millions,Mega_Ball
3/8/2016,27,5,2016,Mega Millions,Main
3/8/2016,37,5,2016,Mega Millions,Main
3/8/2016,54,5,2016,Mega Millions,Main
3/8/2016,66,5,2016,Mega Millions,Main
3/8/2016,69,5,2016,Mega Millions,Main
3/8/2016,5,5,2016,Mega Millions,Mega_Ball
3/11/2016,14,4,2016,Mega Millions,Main
3/11/2016,18,4,2016,Mega Millions,Main
3/11/2016,48,4,2016,Mega Millions,Main
3/11/2016,54,4,2016,Mega Millions,Main
3/11/2016,71,4,2016,Mega Millions,Main
3/11/2016,13,4,2016,Mega Millions,Mega_Ball
3/15/2016,18,4,2016,Mega Millions,Main
3/15/2016,26,4,2016,Mega Millions,Main
3/15/2016,30,4,2016,Mega Millions,Main
3/15/2016,44,4,2016,Mega Millions,Main
3/15/2016,68,4,2016,Mega Millions,Main
3/15/2016,7,4,2016,Mega Millions,Mega_Ball
3/18/2016,5,5,2016,Mega Millions,Main
3/18/2016,8,5,2016,Mega Millions,Main
3/18/2016,57,5,2016,Mega Millions,Main
3/18/2016,59,5,2016,Mega Millions,Main
3/18/2016,73,5,2016,Mega Millions,Main
3/18/2016,13,5,2016,Mega Millions,Mega_Ball
3/22/2016,6,5,2016,Mega Millions,Main
3/22/2016,19,5,2016,Mega Millions,Main
3/22/2016,34,5,2016,Mega Millions,Main
3/22/2016,38,5,2016,Mega Millions,Main
3/22/2016,70,5,2016,Mega Millions,Main
3/22/2016,5,5,2016,Mega Millions,Mega_Ball
3/25/2016,4,2,2016,Mega Millions,Main
3/25/2016,11,2,2016,Mega Millions,Main
3/25/2016,12,2,2016,Mega Millions,Main
3/25/2016,35,2,2016,Mega Millions,Main
3/25/2016,46,2,2016,Mega Millions,Main
3/25/2016,12,2,2016,Mega Millions,Mega_Ball
3/29/2016,33,5,2016,Mega Millions,Main
3/29/2016,38,5,2016,Mega Millions,Main
3/29/2016,40,5,2016,Mega Millions,Main
3/29/2016,46,5,2016,Mega Millions,Main
3/29/2016,49,5,2016,Mega Millions,Main
3/29/2016,15,5,2016,Mega Millions,Mega_Ball
4/1/2016,25,2,2016,Mega Millions,Main
4/1/2016,28,2,2016,Mega Millions,Main
4/1/2016,33,2,2016,Mega Millions,Main
4/1/2016,41,2,2016,Mega Millions,Main
4/1/2016,69,2,2016,Mega Millions,Main
4/1/2016,6,2,2016,Mega Millions,Mega_Ball
4/5/2016,13,5,2016,Mega Millions,Main
4/5/2016,45,5,2016,Mega Millions,Main
4/5/2016,52,5,2016,Mega Millions,Main
4/5/2016,53,5,2016,Mega Millions,Main
4/5/2016,57,5,2016,Mega Millions,Main
4/5/2016,10,5,2016,Mega Millions,Mega_Ball
4/8/2016,31,3,2016,Mega Millions,Main
4/8/2016,38,3,2016,Mega Millions,Main
4/8/2016,52,3,2016,Mega Millions,Main
4/8/2016,65,3,2016,Mega Millions,Main
4/8/2016,71,3,2016,Mega Millions,Main
4/8/2016,15,3,2016,Mega Millions,Mega_Ball
4/12/2016,7,5,2016,Mega Millions,Main
4/12/2016,11,5,2016,Mega Millions,Main
4/12/2016,59,5,2016,Mega Millions,Main
4/12/2016,62,5,2016,Mega Millions,Main
4/12/2016,63,5,2016,Mega Millions,Main
4/12/2016,3,5,2016,Mega Millions,Mega_Ball
4/15/2016,9,5,2016,Mega Millions,Main
4/15/2016,10,5,2016,Mega Millions,Main
4/15/2016,34,5,2016,Mega Millions,Main
4/15/2016,37,5,2016,Mega Millions,Main
4/15/2016,73,5,2016,Mega Millions,Main
4/15/2016,9,5,2016,Mega Millions,Mega_Ball
4/19/2016,9,5,2016,Mega Millions,Main
4/19/2016,28,5,2016,Mega Millions,Main
4/19/2016,40,5,2016,Mega Millions,Main
4/19/2016,57,5,2016,Mega Millions,Main
4/19/2016,65,5,2016,Mega Millions,Main
4/19/2016,2,5,2016,Mega Millions,Mega_Ball
4/22/2016,2,5,2016,Mega Millions,Main
4/22/2016,19,5,2016,Mega Millions,Main
4/22/2016,21,5,2016,Mega Millions,Main
4/22/2016,42,5,2016,Mega Millions,Main
4/22/2016,60,5,2016,Mega Millions,Main
4/22/2016,13,5,2016,Mega Millions,Mega_Ball
4/26/2016,14,2,2016,Mega Millions,Main
4/26/2016,16,2,2016,Mega Millions,Main
4/26/2016,17,2,2016,Mega Millions,Main
4/26/2016,28,2,2016,Mega Millions,Main
4/26/2016,48,2,2016,Mega Millions,Main
4/26/2016,2,2,2016,Mega Millions,Mega_Ball
4/29/2016,5,5,2016,Mega Millions,Main
4/29/2016,6,5,2016,Mega Millions,Main
4/29/2016,37,5,2016,Mega Millions,Main
4/29/2016,55,5,2016,Mega Millions,Main
4/29/2016,74,5,2016,Mega Millions,Main
4/29/2016,10,5,2016,Mega Millions,Mega_Ball
5/3/2016,28,5,2016,Mega Millions,Main
5/3/2016,29,5,2016,Mega Millions,Main
5/3/2016,33,5,2016,Mega Millions,Main
5/3/2016,36,5,2016,Mega Millions,Main
5/3/2016,45,5,2016,Mega Millions,Main
5/3/2016,15,5,2016,Mega Millions,Mega_Ball
5/6/2016,14,4,2016,Mega Millions,Main
5/6/2016,26,4,2016,Mega Millions,Main
5/6/2016,27,4,2016,Mega Millions,Main
5/6/2016,32,4,2016,Mega Millions,Main
5/6/2016,36,4,2016,Mega Millions,Main
5/6/2016,7,4,2016,Mega Millions,Mega_Ball
5/10/2016,12,3,2016,Mega Millions,Main
5/10/2016,22,3,2016,Mega Millions,Main
5/10/2016,46,3,2016,Mega Millions,Main
5/10/2016,56,3,2016,Mega Millions,Main
5/10/2016,74,3,2016,Mega Millions,Main
5/10/2016,4,3,2016,Mega Millions,Mega_Ball
5/13/2016,20,4,2016,Mega Millions,Main
5/13/2016,21,4,2016,Mega Millions,Main
5/13/2016,38,4,2016,Mega Millions,Main
5/13/2016,54,4,2016,Mega Millions,Main
5/13/2016,66,4,2016,Mega Millions,Main
5/13/2016,7,4,2016,Mega Millions,Mega_Ball
5/17/2016,17,3,2016,Mega Millions,Main
5/17/2016,24,3,2016,Mega Millions,Main
5/17/2016,27,3,2016,Mega Millions,Main
5/17/2016,48,3,2016,Mega Millions,Main
5/17/2016,75,3,2016,Mega Millions,Main
5/17/2016,6,3,2016,Mega Millions,Mega_Ball
5/20/2016,19,2,2016,Mega Millions,Main
5/20/2016,24,2,2016,Mega Millions,Main
5/20/2016,26,2,2016,Mega Millions,Main
5/20/2016,40,2,2016,Mega Millions,Main
5/20/2016,68,2,2016,Mega Millions,Main
5/20/2016,8,2,2016,Mega Millions,Mega_Ball
5/24/2016,11,4,2016,Mega Millions,Main
5/24/2016,50,4,2016,Mega Millions,Main
5/24/2016,51,4,2016,Mega Millions,Main
5/24/2016,70,4,2016,Mega Millions,Main
5/24/2016,75,4,2016,Mega Millions,Main
5/24/2016,15,4,2016,Mega Millions,Mega_Ball
5/27/2016,18,3,2016,Mega Millions,Main
5/27/2016,41,3,2016,Mega Millions,Main
5/27/2016,50,3,2016,Mega Millions,Main
5/27/2016,68,3,2016,Mega Millions,Main
5/27/2016,70,3,2016,Mega Millions,Main
5/27/2016,9,3,2016,Mega Millions,Mega_Ball
5/31/2016,9,5,2016,Mega Millions,Main
5/31/2016,31,5,2016,Mega Millions,Main
5/31/2016,34,5,2016,Mega Millions,Main
5/31/2016,41,5,2016,Mega Millions,Main
5/31/2016,49,5,2016,Mega Millions,Main
5/31/2016,8,5,2016,Mega Millions,Mega_Ball
6/3/2016,32,3,2016,Mega Millions,Main
6/3/2016,54,3,2016,Mega Millions,Main
6/3/2016,65,3,2016,Mega Millions,Main
6/3/2016,66,3,2016,Mega Millions,Main
6/3/2016,71,3,2016,Mega Millions,Main
6/3/2016,10,3,2016,Mega Millions,Mega_Ball
6/7/2016,25,4,2016,Mega Millions,Main
6/7/2016,48,4,2016,Mega Millions,Main
6/7/2016,51,4,2016,Mega Millions,Main
6/7/2016,65,4,2016,Mega Millions,Main
6/7/2016,72,4,2016,Mega Millions,Main
6/7/2016,4,4,2016,Mega Millions,Mega_Ball
6/10/2016,34,5,2016,Mega Millions,Main
6/10/2016,61,5,2016,Mega Millions,Main
6/10/2016,66,5,2016,Mega Millions,Main
6/10/2016,67,5,2016,Mega Millions,Main
6/10/2016,68,5,2016,Mega Millions,Main
6/10/2016,7,5,2016,Mega Millions,Mega_Ball
6/14/2016,36,5,2016,Mega Millions,Main
6/14/2016,37,5,2016,Mega Millions,Main
6/14/2016,38,5,2016,Mega Millions,Main
6/14/2016,52,5,2016,Mega Millions,Main
6/14/2016,62,5,2016,Mega Millions,Main
6/14/2016,6,5,2016,Mega Millions,Mega_Ball
6/17/2016,20,5,2016,Mega Millions,Main
6/17/2016,23,5,2016,Mega Millions,Main
6/17/2016,30,5,2016,Mega Millions,Main
6/17/2016,44,5,2016,Mega Millions,Main
6/17/2016,59,5,2016,Mega Millions,Main
6/17/2016,9,5,2016,Mega Millions,Mega_Ball
6/21/2016,6,5,2016,Mega Millions,Main
6/21/2016,13,5,2016,Mega Millions,Main
6/21/2016,21,5,2016,Mega Millions,Main
6/21/2016,49,5,2016,Mega Millions,Main
6/21/2016,50,5,2016,Mega Millions,Main
6/21/2016,10,5,2016,Mega Millions,Mega_Ball
6/24/2016,11,5,2016,Mega Millions,Main
6/24/2016,14,5,2016,Mega Millions,Main
6/24/2016,54,5,2016,Mega Millions,Main
6/24/2016,57,5,2016,Mega Millions,Main
6/24/2016,63,5,2016,Mega Millions,Main
6/24/2016,11,5,2016,Mega Millions,Mega_Ball
6/28/2016,15,2,2016,Mega Millions,Main
6/28/2016,17,2,2016,Mega Millions,Main
6/28/2016,20,2,2016,Mega Millions,Main
6/28/2016,35,2,2016,Mega Millions,Main
6/28/2016,55,2,2016,Mega Millions,Main
6/28/2016,7,2,2016,Mega Millions,Mega_Ball
7/1/2016,20,2,2016,Mega Millions,Main
7/1/2016,41,2,2016,Mega Millions,Main
7/1/2016,42,2,2016,Mega Millions,Main
7/1/2016,45,2,2016,Mega Millions,Main
7/1/2016,49,2,2016,Mega Millions,Main
7/1/2016,14,2,2016,Mega Millions,Mega_Ball
7/5/2016,29,5,2016,Mega Millions,Main
7/5/2016,46,5,2016,Mega Millions,Main
7/5/2016,53,5,2016,Mega Millions,Main
7/5/2016,64,5,2016,Mega Millions,Main
7/5/2016,73,5,2016,Mega Millions,Main
7/5/2016,10,5,2016,Mega Millions,Mega_Ball
7/8/2016,8,2,2016,Mega Millions,Main
7/8/2016,19,2,2016,Mega Millions,Main
7/8/2016,20,2,2016,Mega Millions,Main
7/8/2016,55,2,2016,Mega Millions,Main
7/8/2016,73,2,2016,Mega Millions,Main
7/8/2016,5,2,2016,Mega Millions,Mega_Ball
7/12/2016,6,4,2016,Mega Millions,Main
7/12/2016,8,4,2016,Mega Millions,Main
7/12/2016,22,4,2016,Mega Millions,Main
7/12/2016,46,4,2016,Mega Millions,Main
7/12/2016,68,4,2016,Mega Millions,Main
7/12/2016,4,4,2016,Mega Millions,Mega_Ball
7/15/2016,16,2,2016,Mega Millions,Main
7/15/2016,51,2,2016,Mega Millions,Main
7/15/2016,52,2,2016,Mega Millions,Main
7/15/2016,56,2,2016,Mega Millions,Main
7/15/2016,58,2,2016,Mega Millions,Main
7/15/2016,4,2,2016,Mega Millions,Mega_Ball
7/19/2016,3,5,2016,Mega Millions,Main
7/19/2016,34,5,2016,Mega Millions,Main
7/19/2016,54,5,2016,Mega Millions,Main
7/19/2016,65,5,2016,Mega Millions,Main
7/19/2016,66,5,2016,Mega Millions,Main
7/19/2016,4,5,2016,Mega Millions,Mega_Ball
7/22/2016,8,4,2016,Mega Millions,Main
7/22/2016,24,4,2016,Mega Millions,Main
7/22/2016,25,4,2016,Mega Millions,Main
7/22/2016,26,4,2016,Mega Millions,Main
7/22/2016,30,4,2016,Mega Millions,Main
7/22/2016,7,4,2016,Mega Millions,Mega_Ball
7/26/2016,1,3,2016,Mega Millions,Main
7/26/2016,4,3,2016,Mega Millions,Main
7/26/2016,31,3,2016,Mega Millions,Main
7/26/2016,36,3,2016,Mega Millions,Main
7/26/2016,54,3,2016,Mega Millions,Main
7/26/2016,9,3,2016,Mega Millions,Mega_Ball
7/29/2016,11,5,2016,Mega Millions,Main
7/29/2016,16,5,2016,Mega Millions,Main
7/29/2016,19,5,2016,Mega Millions,Main
7/29/2016,31,5,2016,Mega Millions,Main
7/29/2016,48,5,2016,Mega Millions,Main
7/29/2016,4,5,2016,Mega Millions,Mega_Ball
8/2/2016,3,5,2016,Mega Millions,Main
8/2/2016,12,5,2016,Mega Millions,Main
8/2/2016,36,5,2016,Mega Millions,Main
8/2/2016,54,5,2016,Mega Millions,Main
8/2/2016,70,5,2016,Mega Millions,Main
8/2/2016,12,5,2016,Mega Millions,Mega_Ball
8/5/2016,5,4,2016,Mega Millions,Main
8/5/2016,18,4,2016,Mega Millions,Main
8/5/2016,28,4,2016,Mega Millions,Main
8/5/2016,54,4,2016,Mega Millions,Main
8/5/2016,74,4,2016,Mega Millions,Main
8/5/2016,6,4,2016,Mega Millions,Mega_Ball
8/9/2016,12,5,2016,Mega Millions,Main
8/9/2016,19,5,2016,Mega Millions,Main
8/9/2016,20,5,2016,Mega Millions,Main
8/9/2016,44,5,2016,Mega Millions,Main
8/9/2016,66,5,2016,Mega Millions,Main
8/9/2016,1,5,2016,Mega Millions,Mega_Ball
8/12/2016,4,4,2016,Mega Millions,Main
8/12/2016,41,4,2016,Mega Millions,Main
8/12/2016,44,4,2016,Mega Millions,Main
8/12/2016,56,4,2016,Mega Millions,Main
8/12/2016,69,4,2016,Mega Millions,Main
8/12/2016,10,4,2016,Mega Millions,Mega_Ball
8/16/2016,2,5,2016,Mega Millions,Main
8/16/2016,43,5,2016,Mega Millions,Main
8/16/2016,52,5,2016,Mega Millions,Main
8/16/2016,62,5,2016,Mega Millions,Main
8/16/2016,63,5,2016,Mega Millions,Main
8/16/2016,6,5,2016,Mega Millions,Mega_Ball
8/19/2016,22,5,2016,Mega Millions,Main
8/19/2016,37,5,2016,Mega Millions,Main
8/19/2016,45,5,2016,Mega Millions,Main
8/19/2016,65,5,2016,Mega Millions,Main
8/19/2016,73,5,2016,Mega Millions,Main
8/19/2016,13,5,2016,Mega Millions,Mega_Ball
8/23/2016,2,2,2016,Mega Millions,Main
8/23/2016,7,2,2016,Mega Millions,Main
8/23/2016,46,2,2016,Mega Millions,Main
8/23/2016,61,2,2016,Mega Millions,Main
8/23/2016,66,2,2016,Mega Millions,Main
8/23/2016,1,2,2016,Mega Millions,Mega_Ball
8/26/2016,10,2,2016,Mega Millions,Main
8/26/2016,11,2,2016,Mega Millions,Main
8/26/2016,31,2,2016,Mega Millions,Main
8/26/2016,41,2,2016,Mega Millions,Main
8/26/2016,44,2,2016,Mega Millions,Main
8/26/2016,14,2,2016,Mega Millions,Mega_Ball
8/30/2016,28,4,2016,Mega Millions,Main
8/30/2016,32,4,2016,Mega Millions,Main
8/30/2016,41,4,2016,Mega Millions,Main
8/30/2016,51,4,2016,Mega Millions,Main
8/30/2016,71,4,2016,Mega Millions,Main
8/30/2016,11,4,2016,Mega Millions,Mega_Ball
9/2/2016,22,3,2016,Mega Millions,Main
9/2/2016,28,3,2016,Mega Millions,Main
9/2/2016,41,3,2016,Mega Millions,Main
9/2/2016,46,3,2016,Mega Millions,Main
9/2/2016,60,3,2016,Mega Millions,Main
9/2/2016,3,3,2016,Mega Millions,Mega_Ball
9/6/2016,25,3,2016,Mega Millions,Main
9/6/2016,37,3,2016,Mega Millions,Main
9/6/2016,58,3,2016,Mega Millions,Main
9/6/2016,69,3,2016,Mega Millions,Main
9/6/2016,75,3,2016,Mega Millions,Main
9/6/2016,8,3,2016,Mega Millions,Mega_Ball
9/9/2016,1,4,2016,Mega Millions,Main
9/9/2016,34,4,2016,Mega Millions,Main
9/9/2016,43,4,2016,Mega Millions,Main
9/9/2016,44,4,2016,Mega Millions,Main
9/9/2016,63,4,2016,Mega Millions,Main
9/9/2016,11,4,2016,Mega Millions,Mega_Ball
9/13/2016,6,3,2016,Mega Millions,Main
9/13/2016,15,3,2016,Mega Millions,Main
9/13/2016,17,3,2016,Mega Millions,Main
9/13/2016,39,3,2016,Mega Millions,Main
9/13/2016,56,3,2016,Mega Millions,Main
9/13/2016,15,3,2016,Mega Millions,Mega_Ball
9/16/2016,13,3,2016,Mega Millions,Main
9/16/2016,21,3,2016,Mega Millions,Main
9/16/2016,28,3,2016,Mega Millions,Main
9/16/2016,34,3,2016,Mega Millions,Main
9/16/2016,40,3,2016,Mega Millions,Main
9/16/2016,15,3,2016,Mega Millions,Mega_Ball
9/20/2016,2,5,2016,Mega Millions,Main
9/20/2016,22,5,2016,Mega Millions,Main
9/20/2016,34,5,2016,Mega Millions,Main
9/20/2016,62,5,2016,Mega Millions,Main
9/20/2016,72,5,2016,Mega Millions,Main
9/20/2016,2,5,2016,Mega Millions,Mega_Ball
9/23/2016,1,3,2016,Mega Millions,Main
9/23/2016,5,3,2016,Mega Millions,Main
9/23/2016,8,3,2016,Mega Millions,Main
9/23/2016,25,3,2016,Mega Millions,Main
9/23/2016,62,3,2016,Mega Millions,Main
9/23/2016,14,3,2016,Mega Millions,Mega_Ball
9/27/2016,14,4,2016,Mega Millions,Main
9/27/2016,16,4,2016,Mega Millions,Main
9/27/2016,26,4,2016,Mega Millions,Main
9/27/2016,53,4,2016,Mega Millions,Main
9/27/2016,72,4,2016,Mega Millions,Main
9/27/2016,4,4,2016,Mega Millions,Mega_Ball
9/30/2016,21,5,2016,Mega Millions,Main
9/30/2016,30,5,2016,Mega Millions,Main
9/30/2016,47,5,2016,Mega Millions,Main
9/30/2016,50,5,2016,Mega Millions,Main
9/30/2016,57,5,2016,Mega Millions,Main
9/30/2016,9,5,2016,Mega Millions,Mega_Ball
10/4/2016,18,5,2016,Mega Millions,Main
10/4/2016,29,5,2016,Mega Millions,Main
10/4/2016,30,5,2016,Mega Millions,Main
10/4/2016,54,5,2016,Mega Millions,Main
10/4/2016,66,5,2016,Mega Millions,Main
10/4/2016,1,5,2016,Mega Millions,Mega_Ball
10/7/2016,24,2,2016,Mega Millions,Main
10/7/2016,37,2,2016,Mega Millions,Main
10/7/2016,42,2,2016,Mega Millions,Main
10/7/2016,50,2,2016,Mega Millions,Main
10/7/2016,65,2,2016,Mega Millions,Main
10/7/2016,14,2,2016,Mega Millions,Mega_Ball
10/11/2016,36,2,2016,Mega Millions,Main
10/11/2016,39,2,2016,Mega Millions,Main
10/11/2016,42,2,2016,Mega Millions,Main
10/11/2016,45,2,2016,Mega Millions,Main
10/11/2016,48,2,2016,Mega Millions,Main
10/11/2016,3,2,2016,Mega Millions,Mega_Ball
10/14/2016,7,3,2016,Mega Millions,Main
10/14/2016,27,3,2016,Mega Millions,Main
10/14/2016,60,3,2016,Mega Millions,Main
10/14/2016,64,3,2016,Mega Millions,Main
10/14/2016,74,3,2016,Mega Millions,Main
10/14/2016,5,3,2016,Mega Millions,Mega_Ball
10/18/2016,7,2,2016,Mega Millions,Main
10/18/2016,24,2,2016,Mega Millions,Main
10/18/2016,28,2,2016,Mega Millions,Main
10/18/2016,65,2,2016,Mega Millions,Main
10/18/2016,74,2,2016,Mega Millions,Main
10/18/2016,1,2,2016,Mega Millions,Mega_Ball
10/21/2016,12,4,2016,Mega Millions,Main
10/21/2016,43,4,2016,Mega Millions,Main
10/21/2016,44,4,2016,Mega Millions,Main
10/21/2016,48,4,2016,Mega Millions,Main
10/21/2016,66,4,2016,Mega Millions,Main
10/21/2016,3,4,2016,Mega Millions,Mega_Ball
10/25/2016,8,3,2016,Mega Millions,Main
10/25/2016,9,3,2016,Mega Millions,Main
10/25/2016,24,3,2016,Mega Millions,Main
10/25/2016,49,3,2016,Mega Millions,Main
10/25/2016,67,3,2016,Mega Millions,Main
10/25/2016,13,3,2016,Mega Millions,Mega_Ball
10/28/2016,7,5,2016,Mega Millions,Main
10/28/2016,38,5,2016,Mega Millions,Main
10/28/2016,46,5,2016,Mega Millions,Main
10/28/2016,57,5,2016,Mega Millions,Main
10/28/2016,66,5,2016,Mega Millions,Main
10/28/2016,2,5,2016,Mega Millions,Mega_Ball
11/1/2016,19,2,2016,Mega Millions,Main
11/1/2016,24,2,2016,Mega Millions,Main
11/1/2016,31,2,2016,Mega Millions,Main
11/1/2016,39,2,2016,Mega Millions,Main
11/1/2016,45,2,2016,Mega Millions,Main
11/1/2016,13,2,2016,Mega Millions,Mega_Ball
11/4/2016,10,3,2016,Mega Millions,Main
11/4/2016,29,3,2016,Mega Millions,Main
11/4/2016,32,3,2016,Mega Millions,Main
11/4/2016,44,3,2016,Mega Millions,Main
11/4/2016,46,3,2016,Mega Millions,Main
11/4/2016,10,3,2016,Mega Millions,Mega_Ball
11/8/2016,46,4,2016,Mega Millions,Main
11/8/2016,48,4,2016,Mega Millions,Main
11/8/2016,53,4,2016,Mega Millions,Main
11/8/2016,61,4,2016,Mega Millions,Main
11/8/2016,74,4,2016,Mega Millions,Main
11/8/2016,12,4,2016,Mega Millions,Mega_Ball
11/11/2016,16,5,2016,Mega Millions,Main
11/11/2016,40,5,2016,Mega Millions,Main
11/11/2016,47,5,2016,Mega Millions,Main
11/11/2016,53,5,2016,Mega Millions,Main
11/11/2016,59,5,2016,Mega Millions,Main
11/11/2016,11,5,2016,Mega Millions,Mega_Ball
11/15/2016,9,3,2016,Mega Millions,Main
11/15/2016,17,3,2016,Mega Millions,Main
11/15/2016,23,3,2016,Mega Millions,Main
11/15/2016,57,3,2016,Mega Millions,Main
11/15/2016,71,3,2016,Mega Millions,Main
11/15/2016,6,3,2016,Mega Millions,Mega_Ball
11/18/2016,31,5,2016,Mega Millions,Main
11/18/2016,32,5,2016,Mega Millions,Main
11/18/2016,49,5,2016,Mega Millions,Main
11/18/2016,55,5,2016,Mega Millions,Main
11/18/2016,58,5,2016,Mega Millions,Main
11/18/2016,15,5,2016,Mega Millions,Mega_Ball
11/22/2016,1,5,2016,Mega Millions,Main
11/22/2016,43,5,2016,Mega Millions,Main
11/22/2016,45,5,2016,Mega Millions,Main
11/22/2016,66,5,2016,Mega Millions,Main
11/22/2016,69,5,2016,Mega Millions,Main
11/22/2016,7,5,2016,Mega Millions,Mega_Ball
11/25/2016,44,3,2016,Mega Millions,Main
11/25/2016,47,3,2016,Mega Millions,Main
11/25/2016,49,3,2016,Mega Millions,Main
11/25/2016,69,3,2016,Mega Millions,Main
11/25/2016,75,3,2016,Mega Millions,Main
11/25/2016,10,3,2016,Mega Millions,Mega_Ball
11/29/2016,22,4,2016,Mega Millions,Main
11/29/2016,33,4,2016,Mega Millions,Main
11/29/2016,49,4,2016,Mega Millions,Main
11/29/2016,51,4,2016,Mega Millions,Main
11/29/2016,59,4,2016,Mega Millions,Main
11/29/2016,8,4,2016,Mega Millions,Mega_Ball
12/2/2016,3,2,2016,Mega Millions,Main
12/2/2016,33,2,2016,Mega Millions,Main
12/2/2016,35,2,2016,Mega Millions,Main
12/2/2016,49,2,2016,Mega Millions,Main
12/2/2016,51,2,2016,Mega Millions,Main
12/2/2016,1,2,2016,Mega Millions,Mega_Ball
12/6/2016,13,4,2016,Mega Millions,Main
12/6/2016,34,4,2016,Mega Millions,Main
12/6/2016,48,4,2016,Mega Millions,Main
12/6/2016,53,4,2016,Mega Millions,Main
12/6/2016,63,4,2016,Mega Millions,Main
12/6/2016,12,4,2016,Mega Millions,Mega_Ball
12/9/2016,19,5,2016,Mega Millions,Main
12/9/2016,27,5,2016,Mega Millions,Main
12/9/2016,47,5,2016,Mega Millions,Main
12/9/2016,67,5,2016,Mega Millions,Main
12/9/2016,68,5,2016,Mega Millions,Main
12/9/2016,1,5,2016,Mega Millions,Mega_Ball
12/13/2016,2,5,2016,Mega Millions,Main
12/13/2016,15,5,2016,Mega Millions,Main
12/13/2016,26,5,2016,Mega Millions,Main
12/13/2016,34,5,2016,Mega Millions,Main
12/13/2016,41,5,2016,Mega Millions,Main
12/13/2016,14,5,2016,Mega Millions,Mega_Ball
12/16/2016,1,5,2016,Mega Millions,Main
12/16/2016,8,5,2016,Mega Millions,Main
12/16/2016,15,5,2016,Mega Millions,Main
12/16/2016,36,5,2016,Mega Millions,Main
12/16/2016,43,5,2016,Mega Millions,Main
12/16/2016,6,5,2016,Mega Millions,Mega_Ball
12/20/2016,1,5,2016,Mega Millions,Main
12/20/2016,12,5,2016,Mega Millions,Main
12/20/2016,14,5,2016,Mega Millions,Main
12/20/2016,48,5,2016,Mega Millions,Main
12/20/2016,65,5,2016,Mega Millions,Main
12/20/2016,2,5,2016,Mega Millions,Mega_Ball
12/23/2016,21,5,2016,Mega Millions,Main
12/23/2016,30,5,2016,Mega Millions,Main
12/23/2016,39,5,2016,Mega Millions,Main
12/23/2016,60,5,2016,Mega Millions,Main
12/23/2016,69,5,2016,Mega Millions,Main
12/23/2016,15,5,2016,Mega Millions,Mega_Ball
12/27/2016,2,4,2016,Mega Millions,Main
12/27/2016,28,4,2016,Mega Millions,Main
12/27/2016,30,4,2016,Mega Millions,Main
12/27/2016,38,4,2016,Mega Millions,Main
12/27/2016,39,4,2016,Mega Millions,Main
12/27/2016,11,4,2016,Mega Millions,Mega_Ball
12/30/2016,6,2,2016,Mega Millions,Main
12/30/2016,21,2,2016,Mega Millions,Main
12/30/2016,33,2,2016,Mega Millions,Main
12/30/2016,39,2,2016,Mega Millions,Main
12/30/2016,43,2,2016,Mega Millions,Main
12/30/2016,2,2,2016,Mega Millions,Mega_Ball
1/3/2017,14,2,2017,Mega Millions,Main
1/3/2017,16,2,2017,Mega Millions,Main
1/3/2017,23,2,2017,Mega Millions,Main
1/3/2017,49,2,2017,Mega Millions,Main
1/3/2017,53,2,2017,Mega Millions,Main
1/3/2017,12,2,2017,Mega Millions,Mega_Ball
1/6/2017,6,5,2017,Mega Millions,Main
1/6/2017,10,5,2017,Mega Millions,Main
1/6/2017,44,5,2017,Mega Millions,Main
1/6/2017,47,5,2017,Mega Millions,Main
1/6/2017,54,5,2017,Mega Millions,Main
1/6/2017,6,5,2017,Mega Millions,Mega_Ball
1/10/2017,11,5,2017,Mega Millions,Main
1/10/2017,20,5,2017,Mega Millions,Main
1/10/2017,40,5,2017,Mega Millions,Main
1/10/2017,41,5,2017,Mega Millions,Main
1/10/2017,59,5,2017,Mega Millions,Main
1/10/2017,15,5,2017,Mega Millions,Mega_Ball
1/13/2017,10,3,2017,Mega Millions,Main
1/13/2017,44,3,2017,Mega Millions,Main
1/13/2017,58,3,2017,Mega Millions,Main
1/13/2017,74,3,2017,Mega Millions,Main
1/13/2017,75,3,2017,Mega Millions,Main
1/13/2017,11,3,2017,Mega Millions,Mega_Ball
1/17/2017,20,5,2017,Mega Millions,Main
1/17/2017,31,5,2017,Mega Millions,Main
1/17/2017,54,5,2017,Mega Millions,Main
1/17/2017,56,5,2017,Mega Millions,Main
1/17/2017,59,5,2017,Mega Millions,Main
1/17/2017,3,5,2017,Mega Millions,Mega_Ball
1/20/2017,7,3,2017,Mega Millions,Main
1/20/2017,9,3,2017,Mega Millions,Main
1/20/2017,24,3,2017,Mega Millions,Main
1/20/2017,41,3,2017,Mega Millions,Main
1/20/2017,53,3,2017,Mega Millions,Main
1/20/2017,14,3,2017,Mega Millions,Mega_Ball
1/24/2017,8,4,2017,Mega Millions,Main
1/24/2017,42,4,2017,Mega Millions,Main
1/24/2017,54,4,2017,Mega Millions,Main
1/24/2017,63,4,2017,Mega Millions,Main
1/24/2017,67,4,2017,Mega Millions,Main
1/24/2017,11,4,2017,Mega Millions,Mega_Ball
1/27/2017,17,3,2017,Mega Millions,Main
1/27/2017,37,3,2017,Mega Millions,Main
1/27/2017,53,3,2017,Mega Millions,Main
1/27/2017,54,3,2017,Mega Millions,Main
1/27/2017,61,3,2017,Mega Millions,Main
1/27/2017,8,3,2017,Mega Millions,Mega_Ball
1/31/2017,3,3,2017,Mega Millions,Main
1/31/2017,14,3,2017,Mega Millions,Main
1/31/2017,27,3,2017,Mega Millions,Main
1/31/2017,62,3,2017,Mega Millions,Main
1/31/2017,72,3,2017,Mega Millions,Main
1/31/2017,4,3,2017,Mega Millions,Mega_Ball
2/3/2017,3,5,2017,Mega Millions,Main
2/3/2017,6,5,2017,Mega Millions,Main
2/3/2017,29,5,2017,Mega Millions,Main
2/3/2017,30,5,2017,Mega Millions,Main
2/3/2017,64,5,2017,Mega Millions,Main
2/3/2017,3,5,2017,Mega Millions,Mega_Ball
2/7/2017,23,5,2017,Mega Millions,Main
2/7/2017,28,5,2017,Mega Millions,Main
2/7/2017,37,5,2017,Mega Millions,Main
2/7/2017,56,5,2017,Mega Millions,Main
2/7/2017,71,5,2017,Mega Millions,Main
2/7/2017,12,5,2017,Mega Millions,Mega_Ball
2/10/2017,32,5,2017,Mega Millions,Main
2/10/2017,39,5,2017,Mega Millions,Main
2/10/2017,51,5,2017,Mega Millions,Main
2/10/2017,62,5,2017,Mega Millions,Main
2/10/2017,75,5,2017,Mega Millions,Main
2/10/2017,14,5,2017,Mega Millions,Mega_Ball
2/14/2017,7,5,2017,Mega Millions,Main
2/14/2017,11,5,2017,Mega Millions,Main
2/14/2017,33,5,2017,Mega Millions,Main
2/14/2017,60,5,2017,Mega Millions,Main
2/14/2017,68,5,2017,Mega Millions,Main
2/14/2017,15,5,2017,Mega Millions,Mega_Ball
2/17/2017,4,5,2017,Mega Millions,Main
2/17/2017,56,5,2017,Mega Millions,Main
2/17/2017,58,5,2017,Mega Millions,Main
2/17/2017,67,5,2017,Mega Millions,Main
2/17/2017,75,5,2017,Mega Millions,Main
2/17/2017,8,5,2017,Mega Millions,Mega_Ball
2/21/2017,9,5,2017,Mega Millions,Main
2/21/2017,21,5,2017,Mega Millions,Main
2/21/2017,30,5,2017,Mega Millions,Main
2/21/2017,32,5,2017,Mega Millions,Main
2/21/2017,75,5,2017,Mega Millions,Main
2/21/2017,9,5,2017,Mega Millions,Mega_Ball
2/24/2017,12,3,2017,Mega Millions,Main
2/24/2017,29,3,2017,Mega Millions,Main
2/24/2017,33,3,2017,Mega Millions,Main
2/24/2017,42,3,2017,Mega Millions,Main
2/24/2017,68,3,2017,Mega Millions,Main
2/24/2017,14,3,2017,Mega Millions,Mega_Ball
2/28/2017,20,2,2017,Mega Millions,Main
2/28/2017,33,2,2017,Mega Millions,Main
2/28/2017,45,2,2017,Mega Millions,Main
2/28/2017,58,2,2017,Mega Millions,Main
2/28/2017,69,2,2017,Mega Millions,Main
2/28/2017,4,2,2017,Mega Millions,Mega_Ball
3/3/2017,14,5,2017,Mega Millions,Main
3/3/2017,26,5,2017,Mega Millions,Main
3/3/2017,39,5,2017,Mega Millions,Main
3/3/2017,48,5,2017,Mega Millions,Main
3/3/2017,51,5,2017,Mega Millions,Main
3/3/2017,9,5,2017,Mega Millions,Mega_Ball
3/7/2017,3,3,2017,Mega Millions,Main
3/7/2017,30,3,2017,Mega Millions,Main
3/7/2017,45,3,2017,Mega Millions,Main
3/7/2017,53,3,2017,Mega Millions,Main
3/7/2017,68,3,2017,Mega Millions,Main
3/7/2017,11,3,2017,Mega Millions,Mega_Ball
3/10/2017,26,5,2017,Mega Millions,Main
3/10/2017,38,5,2017,Mega Millions,Main
3/10/2017,42,5,2017,Mega Millions,Main
3/10/2017,58,5,2017,Mega Millions,Main
3/10/2017,70,5,2017,Mega Millions,Main
3/10/2017,5,5,2017,Mega Millions,Mega_Ball
3/14/2017,16,3,2017,Mega Millions,Main
3/14/2017,23,3,2017,Mega Millions,Main
3/14/2017,28,3,2017,Mega Millions,Main
3/14/2017,33,3,2017,Mega Millions,Main
3/14/2017,59,3,2017,Mega Millions,Main
3/14/2017,13,3,2017,Mega Millions,Mega_Ball
3/17/2017,11,4,2017,Mega Millions,Main
3/17/2017,27,4,2017,Mega Millions,Main
3/17/2017,31,4,2017,Mega Millions,Main
3/17/2017,58,4,2017,Mega Millions,Main
3/17/2017,60,4,2017,Mega Millions,Main
3/17/2017,10,4,2017,Mega Millions,Mega_Ball
3/21/2017,4,3,2017,Mega Millions,Main
3/21/2017,45,3,2017,Mega Millions,Main
3/21/2017,53,3,2017,Mega Millions,Main
3/21/2017,73,3,2017,Mega Millions,Main
3/21/2017,75,3,2017,Mega Millions,Main
3/21/2017,7,3,2017,Mega Millions,Mega_Ball
3/24/2017,5,5,2017,Mega Millions,Main
3/24/2017,28,5,2017,Mega Millions,Main
3/24/2017,37,5,2017,Mega Millions,Main
3/24/2017,61,5,2017,Mega Millions,Main
3/24/2017,69,5,2017,Mega Millions,Main
3/24/2017,1,5,2017,Mega Millions,Mega_Ball
3/28/2017,30,5,2017,Mega Millions,Main
3/28/2017,33,5,2017,Mega Millions,Main
3/28/2017,35,5,2017,Mega Millions,Main
3/28/2017,37,5,2017,Mega Millions,Main
3/28/2017,46,5,2017,Mega Millions,Main
3/28/2017,10,5,2017,Mega Millions,Mega_Ball
3/31/2017,17,3,2017,Mega Millions,Main
3/31/2017,24,3,2017,Mega Millions,Main
3/31/2017,27,3,2017,Mega Millions,Main
3/31/2017,32,3,2017,Mega Millions,Main
3/31/2017,58,3,2017,Mega Millions,Main
3/31/2017,10,3,2017,Mega Millions,Mega_Ball
4/4/2017,13,5,2017,Mega Millions,Main
4/4/2017,24,5,2017,Mega Millions,Main
4/4/2017,34,5,2017,Mega Millions,Main
4/4/2017,35,5,2017,Mega Millions,Main
4/4/2017,55,5,2017,Mega Millions,Main
4/4/2017,9,5,2017,Mega Millions,Mega_Ball
4/7/2017,30,5,2017,Mega Millions,Main
4/7/2017,33,5,2017,Mega Millions,Main
4/7/2017,43,5,2017,Mega Millions,Main
4/7/2017,47,5,2017,Mega Millions,Main
4/7/2017,69,5,2017,Mega Millions,Main
4/7/2017,15,5,2017,Mega Millions,Mega_Ball
4/11/2017,19,5,2017,Mega Millions,Main
4/11/2017,34,5,2017,Mega Millions,Main
4/11/2017,35,5,2017,Mega Millions,Main
4/11/2017,38,5,2017,Mega Millions,Main
4/11/2017,49,5,2017,Mega Millions,Main
4/11/2017,8,5,2017,Mega Millions,Mega_Ball
4/14/2017,5,5,2017,Mega Millions,Main
4/14/2017,10,5,2017,Mega Millions,Main
4/14/2017,55,5,2017,Mega Millions,Main
4/14/2017,60,5,2017,Mega Millions,Main
4/14/2017,73,5,2017,Mega Millions,Main
4/14/2017,12,5,2017,Mega Millions,Mega_Ball
4/18/2017,8,3,2017,Mega Millions,Main
4/18/2017,29,3,2017,Mega Millions,Main
4/18/2017,30,3,2017,Mega Millions,Main
4/18/2017,43,3,2017,Mega Millions,Main
4/18/2017,64,3,2017,Mega Millions,Main
4/18/2017,6,3,2017,Mega Millions,Mega_Ball
4/21/2017,1,2,2017,Mega Millions,Main
4/21/2017,12,2,2017,Mega Millions,Main
4/21/2017,13,2,2017,Mega Millions,Main
4/21/2017,32,2,2017,Mega Millions,Main
4/21/2017,34,2,2017,Mega Millions,Main
4/21/2017,10,2,2017,Mega Millions,Mega_Ball
4/25/2017,3,4,2017,Mega Millions,Main
4/25/2017,13,4,2017,Mega Millions,Main
4/25/2017,33,4,2017,Mega Millions,Main
4/25/2017,40,4,2017,Mega Millions,Main
4/25/2017,50,4,2017,Mega Millions,Main
4/25/2017,2,4,2017,Mega Millions,Mega_Ball
4/28/2017,6,4,2017,Mega Millions,Main
4/28/2017,13,4,2017,Mega Millions,Main
4/28/2017,18,4,2017,Mega Millions,Main
4/28/2017,20,4,2017,Mega Millions,Main
4/28/2017,31,4,2017,Mega Millions,Main
4/28/2017,13,4,2017,Mega Millions,Mega_Ball
5/2/2017,5,4,2017,Mega Millions,Main
5/2/2017,14,4,2017,Mega Millions,Main
5/2/2017,42,4,2017,Mega Millions,Main
5/2/2017,43,4,2017,Mega Millions,Main
5/2/2017,58,4,2017,Mega Millions,Main
5/2/2017,1,4,2017,Mega Millions,Mega_Ball
5/5/2017,4,4,2017,Mega Millions,Main
5/5/2017,23,4,2017,Mega Millions,Main
5/5/2017,33,4,2017,Mega Millions,Main
5/5/2017,47,4,2017,Mega Millions,Main
5/5/2017,53,4,2017,Mega Millions,Main
5/5/2017,7,4,2017,Mega Millions,Mega_Ball
5/9/2017,6,5,2017,Mega Millions,Main
5/9/2017,29,5,2017,Mega Millions,Main
5/9/2017,45,5,2017,Mega Millions,Main
5/9/2017,69,5,2017,Mega Millions,Main
5/9/2017,73,5,2017,Mega Millions,Main
5/9/2017,11,5,2017,Mega Millions,Mega_Ball
5/12/2017,28,4,2017,Mega Millions,Main
5/12/2017,34,4,2017,Mega Millions,Main
5/12/2017,41,4,2017,Mega Millions,Main
5/12/2017,42,4,2017,Mega Millions,Main
5/12/2017,47,4,2017,Mega Millions,Main
5/12/2017,13,4,2017,Mega Millions,Mega_Ball
5/16/2017,4,5,2017,Mega Millions,Main
5/16/2017,35,5,2017,Mega Millions,Main
5/16/2017,39,5,2017,Mega Millions,Main
5/16/2017,56,5,2017,Mega Millions,Main
5/16/2017,72,5,2017,Mega Millions,Main
5/16/2017,11,5,2017,Mega Millions,Mega_Ball
5/19/2017,1,3,2017,Mega Millions,Main
5/19/2017,4,3,2017,Mega Millions,Main
5/19/2017,5,3,2017,Mega Millions,Main
5/19/2017,24,3,2017,Mega Millions,Main
5/19/2017,30,3,2017,Mega Millions,Main
5/19/2017,1,3,2017,Mega Millions,Mega_Ball
5/23/2017,6,2,2017,Mega Millions,Main
5/23/2017,13,2,2017,Mega Millions,Main
5/23/2017,17,2,2017,Mega Millions,Main
5/23/2017,33,2,2017,Mega Millions,Main
5/23/2017,60,2,2017,Mega Millions,Main
5/23/2017,14,2,2017,Mega Millions,Mega_Ball
5/26/2017,25,3,2017,Mega Millions,Main
5/26/2017,26,3,2017,Mega Millions,Main
5/26/2017,28,3,2017,Mega Millions,Main
5/26/2017,37,3,2017,Mega Millions,Main
5/26/2017,56,3,2017,Mega Millions,Main
5/26/2017,5,3,2017,Mega Millions,Mega_Ball
5/30/2017,5,5,2017,Mega Millions,Main
5/30/2017,20,5,2017,Mega Millions,Main
5/30/2017,32,5,2017,Mega Millions,Main
5/30/2017,37,5,2017,Mega Millions,Main
5/30/2017,67,5,2017,Mega Millions,Main
5/30/2017,5,5,2017,Mega Millions,Mega_Ball
6/2/2017,7,3,2017,Mega Millions,Main
6/2/2017,42,3,2017,Mega Millions,Main
6/2/2017,57,3,2017,Mega Millions,Main
6/2/2017,69,3,2017,Mega Millions,Main
6/2/2017,72,3,2017,Mega Millions,Main
6/2/2017,10,3,2017,Mega Millions,Mega_Ball
6/6/2017,3,3,2017,Mega Millions,Main
6/6/2017,5,3,2017,Mega Millions,Main
6/6/2017,16,3,2017,Mega Millions,Main
6/6/2017,49,3,2017,Mega Millions,Main
6/6/2017,75,3,2017,Mega Millions,Main
6/6/2017,5,3,2017,Mega Millions,Mega_Ball
6/9/2017,3,5,2017,Mega Millions,Main
6/9/2017,16,5,2017,Mega Millions,Main
6/9/2017,28,5,2017,Mega Millions,Main
6/9/2017,33,5,2017,Mega Millions,Main
6/9/2017,37,5,2017,Mega Millions,Main
6/9/2017,9,5,2017,Mega Millions,Mega_Ball
6/13/2017,27,3,2017,Mega Millions,Main
6/13/2017,51,3,2017,Mega Millions,Main
6/13/2017,62,3,2017,Mega Millions,Main
6/13/2017,68,3,2017,Mega Millions,Main
6/13/2017,75,3,2017,Mega Millions,Main
6/13/2017,8,3,2017,Mega Millions,Mega_Ball
6/16/2017,18,5,2017,Mega Millions,Main
6/16/2017,22,5,2017,Mega Millions,Main
6/16/2017,26,5,2017,Mega Millions,Main
6/16/2017,30,5,2017,Mega Millions,Main
6/16/2017,44,5,2017,Mega Millions,Main
6/16/2017,9,5,2017,Mega Millions,Mega_Ball
6/20/2017,2,3,2017,Mega Millions,Main
6/20/2017,15,3,2017,Mega Millions,Main
6/20/2017,41,3,2017,Mega Millions,Main
6/20/2017,49,3,2017,Mega Millions,Main
6/20/2017,63,3,2017,Mega Millions,Main
6/20/2017,3,3,2017,Mega Millions,Mega_Ball
6/23/2017,12,2,2017,Mega Millions,Main
6/23/2017,20,2,2017,Mega Millions,Main
6/23/2017,53,2,2017,Mega Millions,Main
6/23/2017,66,2,2017,Mega Millions,Main
6/23/2017,74,2,2017,Mega Millions,Main
6/23/2017,11,2,2017,Mega Millions,Mega_Ball
6/27/2017,4,4,2017,Mega Millions,Main
6/27/2017,21,4,2017,Mega Millions,Main
6/27/2017,45,4,2017,Mega Millions,Main
6/27/2017,52,4,2017,Mega Millions,Main
6/27/2017,57,4,2017,Mega Millions,Main
6/27/2017,14,4,2017,Mega Millions,Mega_Ball
6/30/2017,10,5,2017,Mega Millions,Main
6/30/2017,38,5,2017,Mega Millions,Main
6/30/2017,51,5,2017,Mega Millions,Main
6/30/2017,55,5,2017,Mega Millions,Main
6/30/2017,64,5,2017,Mega Millions,Main
6/30/2017,6,5,2017,Mega Millions,Mega_Ball
7/4/2017,16,4,2017,Mega Millions,Main
7/4/2017,39,4,2017,Mega Millions,Main
7/4/2017,47,4,2017,Mega Millions,Main
7/4/2017,53,4,2017,Mega Millions,Main
7/4/2017,71,4,2017,Mega Millions,Main
7/4/2017,15,4,2017,Mega Millions,Mega_Ball
7/7/2017,2,5,2017,Mega Millions,Main
7/7/2017,9,5,2017,Mega Millions,Main
7/7/2017,11,5,2017,Mega Millions,Main
7/7/2017,28,5,2017,Mega Millions,Main
7/7/2017,60,5,2017,Mega Millions,Main
7/7/2017,10,5,2017,Mega Millions,Mega_Ball
7/11/2017,7,2,2017,Mega Millions,Main
7/11/2017,18,2,2017,Mega Millions,Main
7/11/2017,24,2,2017,Mega Millions,Main
7/11/2017,55,2,2017,Mega Millions,Main
7/11/2017,74,2,2017,Mega Millions,Main
7/11/2017,10,2,2017,Mega Millions,Mega_Ball
7/14/2017,11,4,2017,Mega Millions,Main
7/14/2017,12,4,2017,Mega Millions,Main
7/14/2017,24,4,2017,Mega Millions,Main
7/14/2017,32,4,2017,Mega Millions,Main
7/14/2017,73,4,2017,Mega Millions,Main
7/14/2017,1,4,2017,Mega Millions,Mega_Ball
7/18/2017,8,4,2017,Mega Millions,Main
7/18/2017,12,4,2017,Mega Millions,Main
7/18/2017,23,4,2017,Mega Millions,Main
7/18/2017,51,4,2017,Mega Millions,Main
7/18/2017,73,4,2017,Mega Millions,Main
7/18/2017,6,4,2017,Mega Millions,Mega_Ball
7/21/2017,18,4,2017,Mega Millions,Main
7/21/2017,31,4,2017,Mega Millions,Main
7/21/2017,36,4,2017,Mega Millions,Main
7/21/2017,50,4,2017,Mega Millions,Main
7/21/2017,74,4,2017,Mega Millions,Main
7/21/2017,10,4,2017,Mega Millions,Mega_Ball
7/25/2017,2,3,2017,Mega Millions,Main
7/25/2017,5,3,2017,Mega Millions,Main
7/25/2017,26,3,2017,Mega Millions,Main
7/25/2017,58,3,2017,Mega Millions,Main
7/25/2017,60,3,2017,Mega Millions,Main
7/25/2017,6,3,2017,Mega Millions,Mega_Ball
7/28/2017,4,3,2017,Mega Millions,Main
7/28/2017,6,3,2017,Mega Millions,Main
7/28/2017,31,3,2017,Mega Millions,Main
7/28/2017,49,3,2017,Mega Millions,Main
7/28/2017,52,3,2017,Mega Millions,Main
7/28/2017,11,3,2017,Mega Millions,Mega_Ball
8/1/2017,20,5,2017,Mega Millions,Main
8/1/2017,22,5,2017,Mega Millions,Main
8/1/2017,52,5,2017,Mega Millions,Main
8/1/2017,57,5,2017,Mega Millions,Main
8/1/2017,73,5,2017,Mega Millions,Main
8/1/2017,7,5,2017,Mega Millions,Mega_Ball
8/4/2017,9,5,2017,Mega Millions,Main
8/4/2017,17,5,2017,Mega Millions,Main
8/4/2017,25,5,2017,Mega Millions,Main
8/4/2017,63,5,2017,Mega Millions,Main
8/4/2017,71,5,2017,Mega Millions,Main
8/4/2017,4,5,2017,Mega Millions,Mega_Ball
8/8/2017,11,2,2017,Mega Millions,Main
8/8/2017,17,2,2017,Mega Millions,Main
8/8/2017,50,2,2017,Mega Millions,Main
8/8/2017,52,2,2017,Mega Millions,Main
8/8/2017,74,2,2017,Mega Millions,Main
8/8/2017,14,2,2017,Mega Millions,Mega_Ball
8/11/2017,23,5,2017,Mega Millions,Main
8/11/2017,33,5,2017,Mega Millions,Main
8/11/2017,53,5,2017,Mega Millions,Main
8/11/2017,56,5,2017,Mega Millions,Main
8/11/2017,58,5,2017,Mega Millions,Main
8/11/2017,6,5,2017,Mega Millions,Mega_Ball
8/15/2017,7,2,2017,Mega Millions,Main
8/15/2017,16,2,2017,Mega Millions,Main
8/15/2017,20,2,2017,Mega Millions,Main
8/15/2017,66,2,2017,Mega Millions,Main
8/15/2017,73,2,2017,Mega Millions,Main
8/15/2017,7,2,2017,Mega Millions,Mega_Ball
8/18/2017,1,3,2017,Mega Millions,Main
8/18/2017,31,3,2017,Mega Millions,Main
8/18/2017,34,3,2017,Mega Millions,Main
8/18/2017,40,3,2017,Mega Millions,Main
8/18/2017,75,3,2017,Mega Millions,Main
8/18/2017,6,3,2017,Mega Millions,Mega_Ball
8/22/2017,24,4,2017,Mega Millions,Main
8/22/2017,35,4,2017,Mega Millions,Main
8/22/2017,46,4,2017,Mega Millions,Main
8/22/2017,50,4,2017,Mega Millions,Main
8/22/2017,51,4,2017,Mega Millions,Main
8/22/2017,7,4,2017,Mega Millions,Mega_Ball
8/25/2017,17,5,2017,Mega Millions,Main
8/25/2017,38,5,2017,Mega Millions,Main
8/25/2017,42,5,2017,Mega Millions,Main
8/25/2017,51,5,2017,Mega Millions,Main
8/25/2017,65,5,2017,Mega Millions,Main
8/25/2017,11,5,2017,Mega Millions,Mega_Ball
8/29/2017,2,3,2017,Mega Millions,Main
8/29/2017,13,3,2017,Mega Millions,Main
8/29/2017,17,3,2017,Mega Millions,Main
8/29/2017,35,3,2017,Mega Millions,Main
8/29/2017,73,3,2017,Mega Millions,Main
8/29/2017,3,3,2017,Mega Millions,Mega_Ball
9/1/2017,4,5,2017,Mega Millions,Main
9/1/2017,13,5,2017,Mega Millions,Main
9/1/2017,31,5,2017,Mega Millions,Main
9/1/2017,50,5,2017,Mega Millions,Main
9/1/2017,64,5,2017,Mega Millions,Main
9/1/2017,12,5,2017,Mega Millions,Mega_Ball
9/5/2017,11,3,2017,Mega Millions,Main
9/5/2017,17,3,2017,Mega Millions,Main
9/5/2017,59,3,2017,Mega Millions,Main
9/5/2017,70,3,2017,Mega Millions,Main
9/5/2017,72,3,2017,Mega Millions,Main
9/5/2017,1,3,2017,Mega Millions,Mega_Ball
9/8/2017,4,3,2017,Mega Millions,Main
9/8/2017,5,3,2017,Mega Millions,Main
9/8/2017,14,3,2017,Mega Millions,Main
9/8/2017,26,3,2017,Mega Millions,Main
9/8/2017,73,3,2017,Mega Millions,Main
9/8/2017,14,3,2017,Mega Millions,Mega_Ball
9/12/2017,26,4,2017,Mega Millions,Main
9/12/2017,37,4,2017,Mega Millions,Main
9/12/2017,41,4,2017,Mega Millions,Main
9/12/2017,54,4,2017,Mega Millions,Main
9/12/2017,65,4,2017,Mega Millions,Main
9/12/2017,3,4,2017,Mega Millions,Mega_Ball
9/15/2017,18,4,2017,Mega Millions,Main
9/15/2017,24,4,2017,Mega Millions,Main
9/15/2017,34,4,2017,Mega Millions,Main
9/15/2017,38,4,2017,Mega Millions,Main
9/15/2017,58,4,2017,Mega Millions,Main
9/15/2017,3,4,2017,Mega Millions,Mega_Ball
9/19/2017,9,2,2017,Mega Millions,Main
9/19/2017,28,2,2017,Mega Millions,Main
9/19/2017,31,2,2017,Mega Millions,Main
9/19/2017,50,2,2017,Mega Millions,Main
9/19/2017,61,2,2017,Mega Millions,Main
9/19/2017,10,2,2017,Mega Millions,Mega_Ball
9/22/2017,5,5,2017,Mega Millions,Main
9/22/2017,39,5,2017,Mega Millions,Main
9/22/2017,54,5,2017,Mega Millions,Main
9/22/2017,63,5,2017,Mega Millions,Main
9/22/2017,66,5,2017,Mega Millions,Main
9/22/2017,15,5,2017,Mega Millions,Mega_Ball
9/26/2017,1,4,2017,Mega Millions,Main
9/26/2017,10,4,2017,Mega Millions,Main
9/26/2017,57,4,2017,Mega Millions,Main
9/26/2017,66,4,2017,Mega Millions,Main
9/26/2017,75,4,2017,Mega Millions,Main
9/26/2017,4,4,2017,Mega Millions,Mega_Ball
9/29/2017,25,5,2017,Mega Millions,Main
9/29/2017,51,5,2017,Mega Millions,Main
9/29/2017,62,5,2017,Mega Millions,Main
9/29/2017,73,5,2017,Mega Millions,Main
9/29/2017,74,5,2017,Mega Millions,Main
9/29/2017,7,5,2017,Mega Millions,Mega_Ball
10/3/2017,12,5,2017,Mega Millions,Main
10/3/2017,18,5,2017,Mega Millions,Main
10/3/2017,19,5,2017,Mega Millions,Main
10/3/2017,25,5,2017,Mega Millions,Main
10/3/2017,67,5,2017,Mega Millions,Main
10/3/2017,7,5,2017,Mega Millions,Mega_Ball
10/6/2017,21,5,2017,Mega Millions,Main
10/6/2017,33,5,2017,Mega Millions,Main
10/6/2017,36,5,2017,Mega Millions,Main
10/6/2017,45,5,2017,Mega Millions,Main
10/6/2017,56,5,2017,Mega Millions,Main
10/6/2017,12,5,2017,Mega Millions,Mega_Ball
10/10/2017,7,5,2017,Mega Millions,Main
10/10/2017,16,5,2017,Mega Millions,Main
10/10/2017,24,5,2017,Mega Millions,Main
10/10/2017,61,5,2017,Mega Millions,Main
10/10/2017,62,5,2017,Mega Millions,Main
10/10/2017,2,5,2017,Mega Millions,Mega_Ball
10/13/2017,2,2,2017,Mega Millions,Main
10/13/2017,7,2,2017,Mega Millions,Main
10/13/2017,18,2,2017,Mega Millions,Main
10/13/2017,26,2,2017,Mega Millions,Main
10/13/2017,31,2,2017,Mega Millions,Main
10/13/2017,12,2,2017,Mega Millions,Mega_Ball
10/17/2017,31,5,2017,Mega Millions,Main
10/17/2017,45,5,2017,Mega Millions,Main
10/17/2017,49,5,2017,Mega Millions,Main
10/17/2017,56,5,2017,Mega Millions,Main
10/17/2017,70,5,2017,Mega Millions,Main
10/17/2017,11,5,2017,Mega Millions,Mega_Ball
10/20/2017,6,2,2017,Mega Millions,Main
10/20/2017,23,2,2017,Mega Millions,Main
10/20/2017,63,2,2017,Mega Millions,Main
10/20/2017,66,2,2017,Mega Millions,Main
10/20/2017,73,2,2017,Mega Millions,Main
10/20/2017,9,2,2017,Mega Millions,Mega_Ball
10/24/2017,20,4,2017,Mega Millions,Main
10/24/2017,24,4,2017,Mega Millions,Main
10/24/2017,34,4,2017,Mega Millions,Main
10/24/2017,56,4,2017,Mega Millions,Main
10/24/2017,64,4,2017,Mega Millions,Main
10/24/2017,6,4,2017,Mega Millions,Mega_Ball
10/27/2017,17,5,2017,Mega Millions,Main
10/27/2017,27,5,2017,Mega Millions,Main
10/27/2017,41,5,2017,Mega Millions,Main
10/27/2017,51,5,2017,Mega Millions,Main
10/27/2017,52,5,2017,Mega Millions,Main
10/27/2017,13,5,2017,Mega Millions,Mega_Ball
10/31/2017,6,4,2017,Mega Millions,Main
10/31/2017,28,4,2017,Mega Millions,Main
10/31/2017,31,4,2017,Mega Millions,Main
10/31/2017,52,4,2017,Mega Millions,Main
10/31/2017,53,4,2017,Mega Millions,Main
10/31/2017,12,4,2017,Mega Millions,Mega_Ball
11/3/2017,10,2,2017,Mega Millions,Main
11/3/2017,22,2,2017,Mega Millions,Main
11/3/2017,42,2,2017,Mega Millions,Main
11/3/2017,61,2,2017,Mega Millions,Main
11/3/2017,69,2,2017,Mega Millions,Main
11/3/2017,3,2,2017,Mega Millions,Mega_Ball
11/7/2017,1,4,2017,Mega Millions,Main
11/7/2017,54,4,2017,Mega Millions,Main
11/7/2017,60,4,2017,Mega Millions,Main
11/7/2017,68,4,2017,Mega Millions,Main
11/7/2017,69,4,2017,Mega Millions,Main
11/7/2017,11,4,2017,Mega Millions,Mega_Ball
11/10/2017,6,2,2017,Mega Millions,Main
11/10/2017,23,2,2017,Mega Millions,Main
11/10/2017,38,2,2017,Mega Millions,Main
11/10/2017,42,2,2017,Mega Millions,Main
11/10/2017,58,2,2017,Mega Millions,Main
11/10/2017,24,2,2017,Mega Millions,Mega_Ball
11/14/2017,1,3,2017,Mega Millions,Main
11/14/2017,14,3,2017,Mega Millions,Main
11/14/2017,21,3,2017,Mega Millions,Main
11/14/2017,22,3,2017,Mega Millions,Main
11/14/2017,28,3,2017,Mega Millions,Main
11/14/2017,19,3,2017,Mega Millions,Mega_Ball
11/17/2017,3,4,2017,Mega Millions,Main
11/17/2017,26,4,2017,Mega Millions,Main
11/17/2017,55,4,2017,Mega Millions,Main
11/17/2017,58,4,2017,Mega Millions,Main
11/17/2017,70,4,2017,Mega Millions,Main
11/17/2017,15,4,2017,Mega Millions,Mega_Ball
11/21/2017,3,3,2017,Mega Millions,Main
11/21/2017,7,3,2017,Mega Millions,Main
11/21/2017,22,3,2017,Mega Millions,Main
11/21/2017,27,3,2017,Mega Millions,Main
11/21/2017,50,3,2017,Mega Millions,Main
11/21/2017,3,3,2017,Mega Millions,Mega_Ball
11/24/2017,16,3,2017,Mega Millions,Main
11/24/2017,36,3,2017,Mega Millions,Main
11/24/2017,54,3,2017,Mega Millions,Main
11/24/2017,61,3,2017,Mega Millions,Main
11/24/2017,64,3,2017,Mega Millions,Main
11/24/2017,22,3,2017,Mega Millions,Mega_Ball
11/28/2017,10,2,2017,Mega Millions,Main
11/28/2017,17,2,2017,Mega Millions,Main
11/28/2017,47,2,2017,Mega Millions,Main
11/28/2017,51,2,2017,Mega Millions,Main
11/28/2017,61,2,2017,Mega Millions,Main
11/28/2017,5,2,2017,Mega Millions,Mega_Ball
12/1/2017,16,4,2017,Mega Millions,Main
12/1/2017,22,4,2017,Mega Millions,Main
12/1/2017,40,4,2017,Mega Millions,Main
12/1/2017,41,4,2017,Mega Millions,Main
12/1/2017,59,4,2017,Mega Millions,Main
12/1/2017,8,4,2017,Mega Millions,Mega_Ball
12/5/2017,14,4,2017,Mega Millions,Main
12/5/2017,15,4,2017,Mega Millions,Main
12/5/2017,37,4,2017,Mega Millions,Main
12/5/2017,42,4,2017,Mega Millions,Main
12/5/2017,67,4,2017,Mega Millions,Main
12/5/2017,22,4,2017,Mega Millions,Mega_Ball
12/8/2017,6,2,2017,Mega Millions,Main
12/8/2017,37,2,2017,Mega Millions,Main
12/8/2017,46,2,2017,Mega Millions,Main
12/8/2017,60,2,2017,Mega Millions,Main
12/8/2017,70,2,2017,Mega Millions,Main
12/8/2017,24,2,2017,Mega Millions,Mega_Ball
12/12/2017,8,2,2017,Mega Millions,Main
12/12/2017,23,2,2017,Mega Millions,Main
12/12/2017,24,2,2017,Mega Millions,Main
12/12/2017,25,2,2017,Mega Millions,Main
12/12/2017,27,2,2017,Mega Millions,Main
12/12/2017,9,2,2017,Mega Millions,Mega_Ball
12/15/2017,4,4,2017,Mega Millions,Main
12/15/2017,12,4,2017,Mega Millions,Main
12/15/2017,36,4,2017,Mega Millions,Main
12/15/2017,44,4,2017,Mega Millions,Main
12/15/2017,57,4,2017,Mega Millions,Main
12/15/2017,19,4,2017,Mega Millions,Mega_Ball
12/19/2017,28,3,2017,Mega Millions,Main
12/19/2017,37,3,2017,Mega Millions,Main
12/19/2017,39,3,2017,Mega Millions,Main
12/19/2017,42,3,2017,Mega Millions,Main
12/19/2017,58,3,2017,Mega Millions,Main
12/19/2017,2,3,2017,Mega Millions,Mega_Ball
12/22/2017,1,4,2017,Mega Millions,Main
12/22/2017,20,4,2017,Mega Millions,Main
12/22/2017,30,4,2017,Mega Millions,Main
12/22/2017,33,4,2017,Mega Millions,Main
12/22/2017,42,4,2017,Mega Millions,Main
12/22/2017,16,4,2017,Mega Millions,Mega_Ball
12/26/2017,10,4,2017,Mega Millions,Main
12/26/2017,12,4,2017,Mega Millions,Main
12/26/2017,20,4,2017,Mega Millions,Main
12/26/2017,38,4,2017,Mega Millions,Main
12/26/2017,41,4,2017,Mega Millions,Main
12/26/2017,25,4,2017,Mega Millions,Mega_Ball
12/29/2017,4,2,2017,Mega Millions,Main
12/29/2017,10,2,2017,Mega Millions,Main
12/29/2017,18,2,2017,Mega Millions,Main
12/29/2017,28,2,2017,Mega Millions,Main
12/29/2017,62,2,2017,Mega Millions,Main
12/29/2017,7,2,2017,Mega Millions,Mega_Ball
1/2/2018,1,4,2018,Mega Millions,Main
1/2/2018,42,4,2018,Mega Millions,Main
1/2/2018,47,4,2018,Mega Millions,Main
1/2/2018,64,4,2018,Mega Millions,Main
1/2/2018,70,4,2018,Mega Millions,Main
1/2/2018,22,4,2018,Mega Millions,Mega_Ball
1/5/2018,28,3,2018,Mega Millions,Main
1/5/2018,30,3,2018,Mega Millions,Main
1/5/2018,39,3,2018,Mega Millions,Main
1/5/2018,59,3,2018,Mega Millions,Main
1/5/2018,70,3,2018,Mega Millions,Main
1/5/2018,10,3,2018,Mega Millions,Mega_Ball
1/9/2018,16,3,2018,Mega Millions,Main
1/9/2018,29,3,2018,Mega Millions,Main
1/9/2018,31,3,2018,Mega Millions,Main
1/9/2018,65,3,2018,Mega Millions,Main
1/9/2018,67,3,2018,Mega Millions,Main
1/9/2018,23,3,2018,Mega Millions,Mega_Ball
1/12/2018,17,4,2018,Mega Millions,Main
1/12/2018,18,4,2018,Mega Millions,Main
1/12/2018,33,4,2018,Mega Millions,Main
1/12/2018,46,4,2018,Mega Millions,Main
1/12/2018,60,4,2018,Mega Millions,Main
1/12/2018,24,4,2018,Mega Millions,Mega_Ball
1/16/2018,3,3,2018,Mega Millions,Main
1/16/2018,11,3,2018,Mega Millions,Main
1/16/2018,23,3,2018,Mega Millions,Main
1/16/2018,29,3,2018,Mega Millions,Main
1/16/2018,59,3,2018,Mega Millions,Main
1/16/2018,18,3,2018,Mega Millions,Mega_Ball
1/19/2018,3,3,2018,Mega Millions,Main
1/19/2018,17,3,2018,Mega Millions,Main
1/19/2018,23,3,2018,Mega Millions,Main
1/19/2018,49,3,2018,Mega Millions,Main
1/19/2018,66,3,2018,Mega Millions,Main
1/19/2018,23,3,2018,Mega Millions,Mega_Ball
1/23/2018,2,4,2018,Mega Millions,Main
1/23/2018,6,4,2018,Mega Millions,Main
1/23/2018,30,4,2018,Mega Millions,Main
1/23/2018,31,4,2018,Mega Millions,Main
1/23/2018,55,4,2018,Mega Millions,Main
1/23/2018,7,4,2018,Mega Millions,Mega_Ball
1/26/2018,10,4,2018,Mega Millions,Main
1/26/2018,16,4,2018,Mega Millions,Main
1/26/2018,27,4,2018,Mega Millions,Main
1/26/2018,38,4,2018,Mega Millions,Main
1/26/2018,43,4,2018,Mega Millions,Main
1/26/2018,1,4,2018,Mega Millions,Mega_Ball
1/30/2018,29,3,2018,Mega Millions,Main
1/30/2018,41,3,2018,Mega Millions,Main
1/30/2018,42,3,2018,Mega Millions,Main
1/30/2018,49,3,2018,Mega Millions,Main
1/30/2018,57,3,2018,Mega Millions,Main
1/30/2018,24,3,2018,Mega Millions,Mega_Ball
2/2/2018,1,3,2018,Mega Millions,Main
2/2/2018,4,3,2018,Mega Millions,Main
2/2/2018,14,3,2018,Mega Millions,Main
2/2/2018,17,3,2018,Mega Millions,Main
2/2/2018,40,3,2018,Mega Millions,Main
2/2/2018,4,3,2018,Mega Millions,Mega_Ball
2/6/2018,14,3,2018,Mega Millions,Main
2/6/2018,17,3,2018,Mega Millions,Main
2/6/2018,25,3,2018,Mega Millions,Main
2/6/2018,48,3,2018,Mega Millions,Main
2/6/2018,58,3,2018,Mega Millions,Main
2/6/2018,25,3,2018,Mega Millions,Mega_Ball
2/9/2018,28,3,2018,Mega Millions,Main
2/9/2018,34,3,2018,Mega Millions,Main
2/9/2018,41,3,2018,Mega Millions,Main
2/9/2018,46,3,2018,Mega Millions,Main
2/9/2018,47,3,2018,Mega Millions,Main
2/9/2018,14,3,2018,Mega Millions,Mega_Ball
2/13/2018,5,4,2018,Mega Millions,Main
2/13/2018,12,4,2018,Mega Millions,Main
2/13/2018,15,4,2018,Mega Millions,Main
2/13/2018,46,4,2018,Mega Millions,Main
2/13/2018,49,4,2018,Mega Millions,Main
2/13/2018,1,4,2018,Mega Millions,Mega_Ball
2/16/2018,14,3,2018,Mega Millions,Main
2/16/2018,38,3,2018,Mega Millions,Main
2/16/2018,48,3,2018,Mega Millions,Main
2/16/2018,53,3,2018,Mega Millions,Main
2/16/2018,58,3,2018,Mega Millions,Main
2/16/2018,16,3,2018,Mega Millions,Mega_Ball
2/20/2018,17,3,2018,Mega Millions,Main
2/20/2018,19,3,2018,Mega Millions,Main
2/20/2018,23,3,2018,Mega Millions,Main
2/20/2018,24,3,2018,Mega Millions,Main
2/20/2018,43,3,2018,Mega Millions,Main
2/20/2018,14,3,2018,Mega Millions,Mega_Ball
2/23/2018,7,4,2018,Mega Millions,Main
2/23/2018,11,4,2018,Mega Millions,Main
2/23/2018,13,4,2018,Mega Millions,Main
2/23/2018,19,4,2018,Mega Millions,Main
2/23/2018,58,4,2018,Mega Millions,Main
2/23/2018,9,4,2018,Mega Millions,Mega_Ball
2/27/2018,10,3,2018,Mega Millions,Main
2/27/2018,17,3,2018,Mega Millions,Main
2/27/2018,21,3,2018,Mega Millions,Main
2/27/2018,38,3,2018,Mega Millions,Main
2/27/2018,43,3,2018,Mega Millions,Main
2/27/2018,23,3,2018,Mega Millions,Mega_Ball
3/2/2018,24,4,2018,Mega Millions,Main
3/2/2018,28,4,2018,Mega Millions,Main
3/2/2018,42,4,2018,Mega Millions,Main
3/2/2018,60,4,2018,Mega Millions,Main
3/2/2018,64,4,2018,Mega Millions,Main
3/2/2018,8,4,2018,Mega Millions,Mega_Ball
3/6/2018,1,5,2018,Mega Millions,Main
3/6/2018,4,5,2018,Mega Millions,Main
3/6/2018,26,5,2018,Mega Millions,Main
3/6/2018,35,5,2018,Mega Millions,Main
3/6/2018,39,5,2018,Mega Millions,Main
3/6/2018,22,5,2018,Mega Millions,Mega_Ball
3/9/2018,7,4,2018,Mega Millions,Main
3/9/2018,17,4,2018,Mega Millions,Main
3/9/2018,18,4,2018,Mega Millions,Main
3/9/2018,46,4,2018,Mega Millions,Main
3/9/2018,66,4,2018,Mega Millions,Main
3/9/2018,22,4,2018,Mega Millions,Mega_Ball
3/13/2018,6,5,2018,Mega Millions,Main
3/13/2018,30,5,2018,Mega Millions,Main
3/13/2018,58,5,2018,Mega Millions,Main
3/13/2018,60,5,2018,Mega Millions,Main
3/13/2018,61,5,2018,Mega Millions,Main
3/13/2018,17,5,2018,Mega Millions,Mega_Ball
3/16/2018,1,3,2018,Mega Millions,Main
3/16/2018,13,3,2018,Mega Millions,Main
3/16/2018,26,3,2018,Mega Millions,Main
3/16/2018,33,3,2018,Mega Millions,Main
3/16/2018,52,3,2018,Mega Millions,Main
3/16/2018,11,3,2018,Mega Millions,Mega_Ball
3/20/2018,14,3,2018,Mega Millions,Main
3/20/2018,38,3,2018,Mega Millions,Main
3/20/2018,51,3,2018,Mega Millions,Main
3/20/2018,64,3,2018,Mega Millions,Main
3/20/2018,70,3,2018,Mega Millions,Main
3/20/2018,9,3,2018,Mega Millions,Mega_Ball
3/23/2018,4,3,2018,Mega Millions,Main
3/23/2018,8,3,2018,Mega Millions,Main
3/23/2018,23,3,2018,Mega Millions,Main
3/23/2018,53,3,2018,Mega Millions,Main
3/23/2018,59,3,2018,Mega Millions,Main
3/23/2018,17,3,2018,Mega Millions,Mega_Ball
3/27/2018,7,3,2018,Mega Millions,Main
3/27/2018,25,3,2018,Mega Millions,Main
3/27/2018,43,3,2018,Mega Millions,Main
3/27/2018,56,3,2018,Mega Millions,Main
3/27/2018,59,3,2018,Mega Millions,Main
3/27/2018,13,3,2018,Mega Millions,Mega_Ball
3/30/2018,11,3,2018,Mega Millions,Main
3/30/2018,28,3,2018,Mega Millions,Main
3/30/2018,31,3,2018,Mega Millions,Main
3/30/2018,46,3,2018,Mega Millions,Main
3/30/2018,59,3,2018,Mega Millions,Main
3/30/2018,1,3,2018,Mega Millions,Mega_Ball
4/3/2018,4,2,2018,Mega Millions,Main
4/3/2018,29,2,2018,Mega Millions,Main
4/3/2018,39,2,2018,Mega Millions,Main
4/3/2018,42,2,2018,Mega Millions,Main
4/3/2018,62,2,2018,Mega Millions,Main
4/3/2018,14,2,2018,Mega Millions,Mega_Ball
4/6/2018,16,4,2018,Mega Millions,Main
4/6/2018,33,4,2018,Mega Millions,Main
4/6/2018,51,4,2018,Mega Millions,Main
4/6/2018,54,4,2018,Mega Millions,Main
4/6/2018,67,4,2018,Mega Millions,Main
4/6/2018,20,4,2018,Mega Millions,Mega_Ball
4/10/2018,5,2,2018,Mega Millions,Main
4/10/2018,13,2,2018,Mega Millions,Main
4/10/2018,31,2,2018,Mega Millions,Main
4/10/2018,43,2,2018,Mega Millions,Main
4/10/2018,53,2,2018,Mega Millions,Main
4/10/2018,20,2,2018,Mega Millions,Mega_Ball
4/13/2018,8,4,2018,Mega Millions,Main
4/13/2018,9,4,2018,Mega Millions,Main
4/13/2018,32,4,2018,Mega Millions,Main
4/13/2018,42,4,2018,Mega Millions,Main
4/13/2018,59,4,2018,Mega Millions,Main
4/13/2018,10,4,2018,Mega Millions,Mega_Ball
4/17/2018,12,4,2018,Mega Millions,Main
4/17/2018,34,4,2018,Mega Millions,Main
4/17/2018,44,4,2018,Mega Millions,Main
4/17/2018,47,4,2018,Mega Millions,Main
4/17/2018,65,4,2018,Mega Millions,Main
4/17/2018,22,4,2018,Mega Millions,Mega_Ball
4/20/2018,1,2,2018,Mega Millions,Main
4/20/2018,15,2,2018,Mega Millions,Main
4/20/2018,18,2,2018,Mega Millions,Main
4/20/2018,32,2,2018,Mega Millions,Main
4/20/2018,45,2,2018,Mega Millions,Main
4/20/2018,4,2,2018,Mega Millions,Mega_Ball
4/24/2018,3,3,2018,Mega Millions,Main
4/24/2018,19,3,2018,Mega Millions,Main
4/24/2018,31,3,2018,Mega Millions,Main
4/24/2018,32,3,2018,Mega Millions,Main
4/24/2018,48,3,2018,Mega Millions,Main
4/24/2018,10,3,2018,Mega Millions,Mega_Ball
4/27/2018,2,2,2018,Mega Millions,Main
4/27/2018,29,2,2018,Mega Millions,Main
4/27/2018,38,2,2018,Mega Millions,Main
4/27/2018,63,2,2018,Mega Millions,Main
4/27/2018,66,2,2018,Mega Millions,Main
4/27/2018,11,2,2018,Mega Millions,Mega_Ball
5/1/2018,2,4,2018,Mega Millions,Main
5/1/2018,7,4,2018,Mega Millions,Main
5/1/2018,20,4,2018,Mega Millions,Main
5/1/2018,55,4,2018,Mega Millions,Main
5/1/2018,70,4,2018,Mega Millions,Main
5/1/2018,1,4,2018,Mega Millions,Mega_Ball
5/4/2018,4,4,2018,Mega Millions,Main
5/4/2018,5,4,2018,Mega Millions,Main
5/4/2018,10,4,2018,Mega Millions,Main
5/4/2018,12,4,2018,Mega Millions,Main
5/4/2018,18,4,2018,Mega Millions,Main
5/4/2018,21,4,2018,Mega Millions,Mega_Ball
5/8/2018,8,2,2018,Mega Millions,Main
5/8/2018,15,2,2018,Mega Millions,Main
5/8/2018,39,2,2018,Mega Millions,Main
5/8/2018,64,2,2018,Mega Millions,Main
5/8/2018,67,2,2018,Mega Millions,Main
5/8/2018,13,2,2018,Mega Millions,Mega_Ball
5/11/2018,14,3,2018,Mega Millions,Main
5/11/2018,38,3,2018,Mega Millions,Main
5/11/2018,40,3,2018,Mega Millions,Main
5/11/2018,53,3,2018,Mega Millions,Main
5/11/2018,70,3,2018,Mega Millions,Main
5/11/2018,22,3,2018,Mega Millions,Mega_Ball
5/15/2018,21,2,2018,Mega Millions,Main
5/15/2018,34,2,2018,Mega Millions,Main
5/15/2018,44,2,2018,Mega Millions,Main
5/15/2018,49,2,2018,Mega Millions,Main
5/15/2018,61,2,2018,Mega Millions,Main
5/15/2018,21,2,2018,Mega Millions,Mega_Ball
5/18/2018,9,2,2018,Mega Millions,Main
5/18/2018,26,2,2018,Mega Millions,Main
5/18/2018,53,2,2018,Mega Millions,Main
5/18/2018,64,2,2018,Mega Millions,Main
5/18/2018,66,2,2018,Mega Millions,Main
5/18/2018,11,2,2018,Mega Millions,Mega_Ball
5/22/2018,16,3,2018,Mega Millions,Main
5/22/2018,17,3,2018,Mega Millions,Main
5/22/2018,21,3,2018,Mega Millions,Main
5/22/2018,36,3,2018,Mega Millions,Main
5/22/2018,48,3,2018,Mega Millions,Main
5/22/2018,9,3,2018,Mega Millions,Mega_Ball
5/25/2018,11,4,2018,Mega Millions,Main
5/25/2018,14,4,2018,Mega Millions,Main
5/25/2018,51,4,2018,Mega Millions,Main
5/25/2018,64,4,2018,Mega Millions,Main
5/25/2018,68,4,2018,Mega Millions,Main
5/25/2018,25,4,2018,Mega Millions,Mega_Ball
5/29/2018,2,3,2018,Mega Millions,Main
5/29/2018,11,3,2018,Mega Millions,Main
5/29/2018,55,3,2018,Mega Millions,Main
5/29/2018,58,3,2018,Mega Millions,Main
5/29/2018,67,3,2018,Mega Millions,Main
5/29/2018,2,3,2018,Mega Millions,Mega_Ball
6/1/2018,5,3,2018,Mega Millions,Main
6/1/2018,24,3,2018,Mega Millions,Main
6/1/2018,52,3,2018,Mega Millions,Main
6/1/2018,62,3,2018,Mega Millions,Main
6/1/2018,66,3,2018,Mega Millions,Main
6/1/2018,17,3,2018,Mega Millions,Mega_Ball
6/5/2018,22,2,2018,Mega Millions,Main
6/5/2018,33,2,2018,Mega Millions,Main
6/5/2018,41,2,2018,Mega Millions,Main
6/5/2018,48,2,2018,Mega Millions,Main
6/5/2018,52,2,2018,Mega Millions,Main
6/5/2018,4,2,2018,Mega Millions,Mega_Ball
6/8/2018,14,2,2018,Mega Millions,Main
6/8/2018,30,2,2018,Mega Millions,Main
6/8/2018,33,2,2018,Mega Millions,Main
6/8/2018,44,2,2018,Mega Millions,Main
6/8/2018,56,2,2018,Mega Millions,Main
6/8/2018,13,2,2018,Mega Millions,Mega_Ball
6/12/2018,1,2,2018,Mega Millions,Main
6/12/2018,3,2,2018,Mega Millions,Main
6/12/2018,5,2,2018,Mega Millions,Main
6/12/2018,8,2,2018,Mega Millions,Main
6/12/2018,70,2,2018,Mega Millions,Main
6/12/2018,3,2,2018,Mega Millions,Mega_Ball
6/15/2018,1,2,2018,Mega Millions,Main
6/15/2018,11,2,2018,Mega Millions,Main
6/15/2018,37,2,2018,Mega Millions,Main
6/15/2018,47,2,2018,Mega Millions,Main
6/15/2018,51,2,2018,Mega Millions,Main
6/15/2018,6,2,2018,Mega Millions,Mega_Ball
6/19/2018,11,3,2018,Mega Millions,Main
6/19/2018,13,3,2018,Mega Millions,Main
6/19/2018,28,3,2018,Mega Millions,Main
6/19/2018,65,3,2018,Mega Millions,Main
6/19/2018,70,3,2018,Mega Millions,Main
6/19/2018,14,3,2018,Mega Millions,Mega_Ball
6/22/2018,2,2,2018,Mega Millions,Main
6/22/2018,6,2,2018,Mega Millions,Main
6/22/2018,11,2,2018,Mega Millions,Main
6/22/2018,27,2,2018,Mega Millions,Main
6/22/2018,44,2,2018,Mega Millions,Main
6/22/2018,20,2,2018,Mega Millions,Mega_Ball
6/26/2018,17,2,2018,Mega Millions,Main
6/26/2018,25,2,2018,Mega Millions,Main
6/26/2018,29,2,2018,Mega Millions,Main
6/26/2018,39,2,2018,Mega Millions,Main
6/26/2018,60,2,2018,Mega Millions,Main
6/26/2018,19,2,2018,Mega Millions,Mega_Ball
6/29/2018,2,4,2018,Mega Millions,Main
6/29/2018,32,4,2018,Mega Millions,Main
6/29/2018,47,4,2018,Mega Millions,Main
6/29/2018,49,4,2018,Mega Millions,Main
6/29/2018,68,4,2018,Mega Millions,Main
6/29/2018,23,4,2018,Mega Millions,Mega_Ball
7/3/2018,13,2,2018,Mega Millions,Main
7/3/2018,35,2,2018,Mega Millions,Main
7/3/2018,45,2,2018,Mega Millions,Main
7/3/2018,49,2,2018,Mega Millions,Main
7/3/2018,68,2,2018,Mega Millions,Main
7/3/2018,23,2,2018,Mega Millions,Mega_Ball
7/6/2018,2,3,2018,Mega Millions,Main
7/6/2018,10,3,2018,Mega Millions,Main
7/6/2018,46,3,2018,Mega Millions,Main
7/6/2018,50,3,2018,Mega Millions,Main
7/6/2018,56,3,2018,Mega Millions,Main
7/6/2018,16,3,2018,Mega Millions,Mega_Ball
7/10/2018,1,3,2018,Mega Millions,Main
7/10/2018,17,3,2018,Mega Millions,Main
7/10/2018,28,3,2018,Mega Millions,Main
7/10/2018,56,3,2018,Mega Millions,Main
7/10/2018,70,3,2018,Mega Millions,Main
7/10/2018,14,3,2018,Mega Millions,Mega_Ball
7/13/2018,21,2,2018,Mega Millions,Main
7/13/2018,22,2,2018,Mega Millions,Main
7/13/2018,39,2,2018,Mega Millions,Main
7/13/2018,59,2,2018,Mega Millions,Main
7/13/2018,68,2,2018,Mega Millions,Main
7/13/2018,2,2,2018,Mega Millions,Mega_Ball
7/17/2018,40,5,2018,Mega Millions,Main
7/17/2018,41,5,2018,Mega Millions,Main
7/17/2018,61,5,2018,Mega Millions,Main
7/17/2018,66,5,2018,Mega Millions,Main
7/17/2018,67,5,2018,Mega Millions,Main
7/17/2018,12,5,2018,Mega Millions,Mega_Ball
7/20/2018,1,2,2018,Mega Millions,Main
7/20/2018,14,2,2018,Mega Millions,Main
7/20/2018,30,2,2018,Mega Millions,Main
7/20/2018,44,2,2018,Mega Millions,Main
7/20/2018,62,2,2018,Mega Millions,Main
7/20/2018,1,2,2018,Mega Millions,Mega_Ball
7/24/2018,1,3,2018,Mega Millions,Main
7/24/2018,2,3,2018,Mega Millions,Main
7/24/2018,4,3,2018,Mega Millions,Main
7/24/2018,19,3,2018,Mega Millions,Main
7/24/2018,29,3,2018,Mega Millions,Main
7/24/2018,20,3,2018,Mega Millions,Mega_Ball
7/27/2018,1,3,2018,Mega Millions,Main
7/27/2018,32,3,2018,Mega Millions,Main
7/27/2018,40,3,2018,Mega Millions,Main
7/27/2018,49,3,2018,Mega Millions,Main
7/27/2018,63,3,2018,Mega Millions,Main
7/27/2018,20,3,2018,Mega Millions,Mega_Ball
7/31/2018,12,2,2018,Mega Millions,Main
7/31/2018,15,2,2018,Mega Millions,Main
7/31/2018,35,2,2018,Mega Millions,Main
7/31/2018,64,2,2018,Mega Millions,Main
7/31/2018,69,2,2018,Mega Millions,Main
7/31/2018,9,2,2018,Mega Millions,Mega_Ball
8/3/2018,9,2,2018,Mega Millions,Main
8/3/2018,28,2,2018,Mega Millions,Main
8/3/2018,30,2,2018,Mega Millions,Main
8/3/2018,54,2,2018,Mega Millions,Main
8/3/2018,60,2,2018,Mega Millions,Main
8/3/2018,2,2,2018,Mega Millions,Mega_Ball
8/7/2018,2,5,2018,Mega Millions,Main
8/7/2018,13,5,2018,Mega Millions,Main
8/7/2018,15,5,2018,Mega Millions,Main
8/7/2018,21,5,2018,Mega Millions,Main
8/7/2018,62,5,2018,Mega Millions,Main
8/7/2018,2,5,2018,Mega Millions,Mega_Ball
8/10/2018,1,5,2018,Mega Millions,Main
8/10/2018,3,5,2018,Mega Millions,Main
8/10/2018,12,5,2018,Mega Millions,Main
8/10/2018,22,5,2018,Mega Millions,Main
8/10/2018,42,5,2018,Mega Millions,Main
8/10/2018,6,5,2018,Mega Millions,Mega_Ball
8/14/2018,11,2,2018,Mega Millions,Main
8/14/2018,26,2,2018,Mega Millions,Main
8/14/2018,44,2,2018,Mega Millions,Main
8/14/2018,45,2,2018,Mega Millions,Main
8/14/2018,46,2,2018,Mega Millions,Main
8/14/2018,11,2,2018,Mega Millions,Mega_Ball
8/17/2018,1,2,2018,Mega Millions,Main
8/17/2018,31,2,2018,Mega Millions,Main
8/17/2018,32,2,2018,Mega Millions,Main
8/17/2018,47,2,2018,Mega Millions,Main
8/17/2018,56,2,2018,Mega Millions,Main
8/17/2018,3,2,2018,Mega Millions,Mega_Ball
8/21/2018,14,3,2018,Mega Millions,Main
8/21/2018,16,3,2018,Mega Millions,Main
8/21/2018,19,3,2018,Mega Millions,Main
8/21/2018,38,3,2018,Mega Millions,Main
8/21/2018,57,3,2018,Mega Millions,Main
8/21/2018,11,3,2018,Mega Millions,Mega_Ball
8/24/2018,1,2,2018,Mega Millions,Main
8/24/2018,6,2,2018,Mega Millions,Main
8/24/2018,13,2,2018,Mega Millions,Main
8/24/2018,18,2,2018,Mega Millions,Main
8/24/2018,49,2,2018,Mega Millions,Main
8/24/2018,8,2,2018,Mega Millions,Mega_Ball
8/28/2018,3,3,2018,Mega Millions,Main
8/28/2018,20,3,2018,Mega Millions,Main
8/28/2018,33,3,2018,Mega Millions,Main
8/28/2018,34,3,2018,Mega Millions,Main
8/28/2018,41,3,2018,Mega Millions,Main
8/28/2018,20,3,2018,Mega Millions,Mega_Ball
8/31/2018,7,3,2018,Mega Millions,Main
8/31/2018,18,3,2018,Mega Millions,Main
8/31/2018,29,3,2018,Mega Millions,Main
8/31/2018,32,3,2018,Mega Millions,Main
8/31/2018,45,3,2018,Mega Millions,Main
8/31/2018,17,3,2018,Mega Millions,Mega_Ball
9/4/2018,2,3,2018,Mega Millions,Main
9/4/2018,7,3,2018,Mega Millions,Main
9/4/2018,25,3,2018,Mega Millions,Main
9/4/2018,35,3,2018,Mega Millions,Main
9/4/2018,44,3,2018,Mega Millions,Main
9/4/2018,3,3,2018,Mega Millions,Mega_Ball
9/7/2018,8,2,2018,Mega Millions,Main
9/7/2018,10,2,2018,Mega Millions,Main
9/7/2018,41,2,2018,Mega Millions,Main
9/7/2018,54,2,2018,Mega Millions,Main
9/7/2018,68,2,2018,Mega Millions,Main
9/7/2018,10,2,2018,Mega Millions,Mega_Ball
9/11/2018,15,2,2018,Mega Millions,Main
9/11/2018,30,2,2018,Mega Millions,Main
9/11/2018,51,2,2018,Mega Millions,Main
9/11/2018,62,2,2018,Mega Millions,Main
9/11/2018,67,2,2018,Mega Millions,Main
9/11/2018,19,2,2018,Mega Millions,Mega_Ball
9/14/2018,23,4,2018,Mega Millions,Main
9/14/2018,30,4,2018,Mega Millions,Main
9/14/2018,40,4,2018,Mega Millions,Main
9/14/2018,43,4,2018,Mega Millions,Main
9/14/2018,66,4,2018,Mega Millions,Main
9/14/2018,13,4,2018,Mega Millions,Mega_Ball
9/18/2018,31,2,2018,Mega Millions,Main
9/18/2018,32,2,2018,Mega Millions,Main
9/18/2018,43,2,2018,Mega Millions,Main
9/18/2018,63,2,2018,Mega Millions,Main
9/18/2018,68,2,2018,Mega Millions,Main
9/18/2018,17,2,2018,Mega Millions,Mega_Ball
9/21/2018,1,4,2018,Mega Millions,Main
9/21/2018,2,4,2018,Mega Millions,Main
9/21/2018,11,4,2018,Mega Millions,Main
9/21/2018,52,4,2018,Mega Millions,Main
9/21/2018,64,4,2018,Mega Millions,Main
9/21/2018,9,4,2018,Mega Millions,Mega_Ball
9/25/2018,8,2,2018,Mega Millions,Main
9/25/2018,16,2,2018,Mega Millions,Main
9/25/2018,32,2,2018,Mega Millions,Main
9/25/2018,48,2,2018,Mega Millions,Main
9/25/2018,61,2,2018,Mega Millions,Main
9/25/2018,12,2,2018,Mega Millions,Mega_Ball
9/28/2018,39,3,2018,Mega Millions,Main
9/28/2018,45,3,2018,Mega Millions,Main
9/28/2018,52,3,2018,Mega Millions,Main
9/28/2018,56,3,2018,Mega Millions,Main
9/28/2018,59,3,2018,Mega Millions,Main
9/28/2018,15,3,2018,Mega Millions,Mega_Ball
10/2/2018,2,3,2018,Mega Millions,Main
10/2/2018,22,3,2018,Mega Millions,Main
10/2/2018,29,3,2018,Mega Millions,Main
10/2/2018,31,3,2018,Mega Millions,Main
10/2/2018,34,3,2018,Mega Millions,Main
10/2/2018,1,3,2018,Mega Millions,Mega_Ball
10/5/2018,27,2,2018,Mega Millions,Main
10/5/2018,28,2,2018,Mega Millions,Main
10/5/2018,32,2,2018,Mega Millions,Main
10/5/2018,41,2,2018,Mega Millions,Main
10/5/2018,69,2,2018,Mega Millions,Main
10/5/2018,12,2,2018,Mega Millions,Mega_Ball
10/9/2018,20,3,2018,Mega Millions,Main
10/9/2018,22,3,2018,Mega Millions,Main
10/9/2018,39,3,2018,Mega Millions,Main
10/9/2018,54,3,2018,Mega Millions,Main
10/9/2018,60,3,2018,Mega Millions,Main
10/9/2018,18,3,2018,Mega Millions,Mega_Ball
10/12/2018,4,3,2018,Mega Millions,Main
10/12/2018,24,3,2018,Mega Millions,Main
10/12/2018,46,3,2018,Mega Millions,Main
10/12/2018,61,3,2018,Mega Millions,Main
10/12/2018,70,3,2018,Mega Millions,Main
10/12/2018,7,3,2018,Mega Millions,Mega_Ball
10/16/2018,3,5,2018,Mega Millions,Main
10/16/2018,45,5,2018,Mega Millions,Main
10/16/2018,49,5,2018,Mega Millions,Main
10/16/2018,61,5,2018,Mega Millions,Main
10/16/2018,69,5,2018,Mega Millions,Main
10/16/2018,9,5,2018,Mega Millions,Mega_Ball
10/19/2018,15,2,2018,Mega Millions,Main
10/19/2018,23,2,2018,Mega Millions,Main
10/19/2018,53,2,2018,Mega Millions,Main
10/19/2018,65,2,2018,Mega Millions,Main
10/19/2018,70,2,2018,Mega Millions,Main
10/19/2018,7,2,2018,Mega Millions,Mega_Ball
10/23/2018,5,3,2018,Mega Millions,Main
10/23/2018,28,3,2018,Mega Millions,Main
10/23/2018,62,3,2018,Mega Millions,Main
10/23/2018,65,3,2018,Mega Millions,Main
10/23/2018,70,3,2018,Mega Millions,Main
10/23/2018,5,3,2018,Mega Millions,Mega_Ball
10/26/2018,1,4,2018,Mega Millions,Main
10/26/2018,28,4,2018,Mega Millions,Main
10/26/2018,61,4,2018,Mega Millions,Main
10/26/2018,62,4,2018,Mega Millions,Main
10/26/2018,63,4,2018,Mega Millions,Main
10/26/2018,5,4,2018,Mega Millions,Mega_Ball
10/30/2018,20,2,2018,Mega Millions,Main
10/30/2018,31,2,2018,Mega Millions,Main
10/30/2018,39,2,2018,Mega Millions,Main
10/30/2018,46,2,2018,Mega Millions,Main
10/30/2018,49,2,2018,Mega Millions,Main
10/30/2018,23,2,2018,Mega Millions,Mega_Ball
11/2/2018,3,2,2018,Mega Millions,Main
11/2/2018,23,2,2018,Mega Millions,Main
11/2/2018,28,2,2018,Mega Millions,Main
11/2/2018,46,2,2018,Mega Millions,Main
11/2/2018,62,2,2018,Mega Millions,Main
11/2/2018,16,2,2018,Mega Millions,Mega_Ball
11/6/2018,28,2,2018,Mega Millions,Main
11/6/2018,34,2,2018,Mega Millions,Main
11/6/2018,37,2,2018,Mega Millions,Main
11/6/2018,56,2,2018,Mega Millions,Main
11/6/2018,69,2,2018,Mega Millions,Main
11/6/2018,12,2,2018,Mega Millions,Mega_Ball
11/9/2018,8,4,2018,Mega Millions,Main
11/9/2018,14,4,2018,Mega Millions,Main
11/9/2018,27,4,2018,Mega Millions,Main
11/9/2018,57,4,2018,Mega Millions,Main
11/9/2018,67,4,2018,Mega Millions,Main
11/9/2018,5,4,2018,Mega Millions,Mega_Ball
11/13/2018,34,3,2018,Mega Millions,Main
11/13/2018,46,3,2018,Mega Millions,Main
11/13/2018,57,3,2018,Mega Millions,Main
11/13/2018,65,3,2018,Mega Millions,Main
11/13/2018,69,3,2018,Mega Millions,Main
11/13/2018,11,3,2018,Mega Millions,Mega_Ball
11/16/2018,33,3,2018,Mega Millions,Main
11/16/2018,36,3,2018,Mega Millions,Main
11/16/2018,63,3,2018,Mega Millions,Main
11/16/2018,68,3,2018,Mega Millions,Main
11/16/2018,69,3,2018,Mega Millions,Main
11/16/2018,16,3,2018,Mega Millions,Mega_Ball
11/20/2018,10,3,2018,Mega Millions,Main
11/20/2018,16,3,2018,Mega Millions,Main
11/20/2018,31,3,2018,Mega Millions,Main
11/20/2018,42,3,2018,Mega Millions,Main
11/20/2018,66,3,2018,Mega Millions,Main
11/20/2018,10,3,2018,Mega Millions,Mega_Ball
11/23/2018,7,4,2018,Mega Millions,Main
11/23/2018,10,4,2018,Mega Millions,Main
11/23/2018,30,4,2018,Mega Millions,Main
11/23/2018,33,4,2018,Mega Millions,Main
11/23/2018,59,4,2018,Mega Millions,Main
11/23/2018,23,4,2018,Mega Millions,Mega_Ball
11/27/2018,12,4,2018,Mega Millions,Main
11/27/2018,24,4,2018,Mega Millions,Main
11/27/2018,37,4,2018,Mega Millions,Main
11/27/2018,42,4,2018,Mega Millions,Main
11/27/2018,57,4,2018,Mega Millions,Main
11/27/2018,18,4,2018,Mega Millions,Mega_Ball
11/30/2018,25,3,2018,Mega Millions,Main
11/30/2018,28,3,2018,Mega Millions,Main
11/30/2018,40,3,2018,Mega Millions,Main
11/30/2018,43,3,2018,Mega Millions,Main
11/30/2018,63,3,2018,Mega Millions,Main
11/30/2018,19,3,2018,Mega Millions,Mega_Ball
12/4/2018,28,3,2018,Mega Millions,Main
12/4/2018,31,3,2018,Mega Millions,Main
12/4/2018,41,3,2018,Mega Millions,Main
12/4/2018,42,3,2018,Mega Millions,Main
12/4/2018,50,3,2018,Mega Millions,Main
12/4/2018,4,3,2018,Mega Millions,Mega_Ball
12/7/2018,4,3,2018,Mega Millions,Main
12/7/2018,10,3,2018,Mega Millions,Main
12/7/2018,20,3,2018,Mega Millions,Main
12/7/2018,33,3,2018,Mega Millions,Main
12/7/2018,57,3,2018,Mega Millions,Main
12/7/2018,13,3,2018,Mega Millions,Mega_Ball
12/11/2018,4,2,2018,Mega Millions,Main
12/11/2018,38,2,2018,Mega Millions,Main
12/11/2018,39,2,2018,Mega Millions,Main
12/11/2018,54,2,2018,Mega Millions,Main
12/11/2018,59,2,2018,Mega Millions,Main
12/11/2018,12,2,2018,Mega Millions,Mega_Ball
12/14/2018,5,4,2018,Mega Millions,Main
12/14/2018,22,4,2018,Mega Millions,Main
12/14/2018,26,4,2018,Mega Millions,Main
12/14/2018,43,4,2018,Mega Millions,Main
12/14/2018,49,4,2018,Mega Millions,Main
12/14/2018,23,4,2018,Mega Millions,Mega_Ball
12/18/2018,13,3,2018,Mega Millions,Main
12/18/2018,22,3,2018,Mega Millions,Main
12/18/2018,32,3,2018,Mega Millions,Main
12/18/2018,60,3,2018,Mega Millions,Main
12/18/2018,69,3,2018,Mega Millions,Main
12/18/2018,9,3,2018,Mega Millions,Mega_Ball
12/21/2018,10,3,2018,Mega Millions,Main
12/21/2018,13,3,2018,Mega Millions,Main
12/21/2018,61,3,2018,Mega Millions,Main
12/21/2018,62,3,2018,Mega Millions,Main
12/21/2018,70,3,2018,Mega Millions,Main
12/21/2018,5,3,2018,Mega Millions,Mega_Ball
12/25/2018,2,3,2018,Mega Millions,Main
12/25/2018,8,3,2018,Mega Millions,Main
12/25/2018,42,3,2018,Mega Millions,Main
12/25/2018,43,3,2018,Mega Millions,Main
12/25/2018,50,3,2018,Mega Millions,Main
12/25/2018,6,3,2018,Mega Millions,Mega_Ball
12/28/2018,9,2,2018,Mega Millions,Main
12/28/2018,10,2,2018,Mega Millions,Main
12/28/2018,25,2,2018,Mega Millions,Main
12/28/2018,37,2,2018,Mega Millions,Main
12/28/2018,38,2,2018,Mega Millions,Main
12/28/2018,21,2,2018,Mega Millions,Mega_Ball
1/1/2019,34,4,2019,Mega Millions,Main
1/1/2019,44,4,2019,Mega Millions,Main
1/1/2019,57,4,2019,Mega Millions,Main
1/1/2019,62,4,2019,Mega Millions,Main
1/1/2019,70,4,2019,Mega Millions,Main
1/1/2019,14,4,2019,Mega Millions,Mega_Ball
1/4/2019,21,4,2019,Mega Millions,Main
1/4/2019,29,4,2019,Mega Millions,Main
1/4/2019,35,4,2019,Mega Millions,Main
1/4/2019,54,4,2019,Mega Millions,Main
1/4/2019,60,4,2019,Mega Millions,Main
1/4/2019,15,4,2019,Mega Millions,Mega_Ball
1/8/2019,13,5,2019,Mega Millions,Main
1/8/2019,26,5,2019,Mega Millions,Main
1/8/2019,29,5,2019,Mega Millions,Main
1/8/2019,38,5,2019,Mega Millions,Main
1/8/2019,64,5,2019,Mega Millions,Main
1/8/2019,5,5,2019,Mega Millions,Mega_Ball
1/11/2019,4,3,2019,Mega Millions,Main
1/11/2019,5,3,2019,Mega Millions,Main
1/11/2019,31,3,2019,Mega Millions,Main
1/11/2019,62,3,2019,Mega Millions,Main
1/11/2019,69,3,2019,Mega Millions,Main
1/11/2019,20,3,2019,Mega Millions,Mega_Ball
1/15/2019,29,2,2019,Mega Millions,Main
1/15/2019,52,2,2019,Mega Millions,Main
1/15/2019,58,2,2019,Mega Millions,Main
1/15/2019,60,2,2019,Mega Millions,Main
1/15/2019,62,2,2019,Mega Millions,Main
1/15/2019,7,2,2019,Mega Millions,Mega_Ball
1/18/2019,2,3,2019,Mega Millions,Main
1/18/2019,43,3,2019,Mega Millions,Main
1/18/2019,48,3,2019,Mega Millions,Main
1/18/2019,62,3,2019,Mega Millions,Main
1/18/2019,64,3,2019,Mega Millions,Main
1/18/2019,24,3,2019,Mega Millions,Mega_Ball
1/22/2019,4,5,2019,Mega Millions,Main
1/22/2019,15,5,2019,Mega Millions,Main
1/22/2019,37,5,2019,Mega Millions,Main
1/22/2019,59,5,2019,Mega Millions,Main
1/22/2019,64,5,2019,Mega Millions,Main
1/22/2019,16,5,2019,Mega Millions,Mega_Ball
1/25/2019,8,2,2019,Mega Millions,Main
1/25/2019,16,2,2019,Mega Millions,Main
1/25/2019,30,2,2019,Mega Millions,Main
1/25/2019,38,2,2019,Mega Millions,Main
1/25/2019,61,2,2019,Mega Millions,Main
1/25/2019,10,2,2019,Mega Millions,Mega_Ball
1/29/2019,10,2,2019,Mega Millions,Main
1/29/2019,33,2,2019,Mega Millions,Main
1/29/2019,53,2,2019,Mega Millions,Main
1/29/2019,54,2,2019,Mega Millions,Main
1/29/2019,62,2,2019,Mega Millions,Main
1/29/2019,22,2,2019,Mega Millions,Mega_Ball
2/1/2019,2,5,2019,Mega Millions,Main
2/1/2019,37,5,2019,Mega Millions,Main
2/1/2019,48,5,2019,Mega Millions,Main
2/1/2019,66,5,2019,Mega Millions,Main
2/1/2019,68,5,2019,Mega Millions,Main
2/1/2019,11,5,2019,Mega Millions,Mega_Ball
2/5/2019,3,2,2019,Mega Millions,Main
2/5/2019,34,2,2019,Mega Millions,Main
2/5/2019,36,2,2019,Mega Millions,Main
2/5/2019,59,2,2019,Mega Millions,Main
2/5/2019,66,2,2019,Mega Millions,Main
2/5/2019,7,2,2019,Mega Millions,Mega_Ball
2/8/2019,14,3,2019,Mega Millions,Main
2/8/2019,24,3,2019,Mega Millions,Main
2/8/2019,31,3,2019,Mega Millions,Main
2/8/2019,42,3,2019,Mega Millions,Main
2/8/2019,48,3,2019,Mega Millions,Main
2/8/2019,13,3,2019,Mega Millions,Mega_Ball
2/12/2019,15,3,2019,Mega Millions,Main
2/12/2019,32,3,2019,Mega Millions,Main
2/12/2019,39,3,2019,Mega Millions,Main
2/12/2019,50,3,2019,Mega Millions,Main
2/12/2019,65,3,2019,Mega Millions,Main
2/12/2019,7,3,2019,Mega Millions,Mega_Ball
2/15/2019,10,2,2019,Mega Millions,Main
2/15/2019,38,2,2019,Mega Millions,Main
2/15/2019,40,2,2019,Mega Millions,Main
2/15/2019,43,2,2019,Mega Millions,Main
2/15/2019,65,2,2019,Mega Millions,Main
2/15/2019,12,2,2019,Mega Millions,Mega_Ball
2/19/2019,17,2,2019,Mega Millions,Main
2/19/2019,24,2,2019,Mega Millions,Main
2/19/2019,34,2,2019,Mega Millions,Main
2/19/2019,56,2,2019,Mega Millions,Main
2/19/2019,65,2,2019,Mega Millions,Main
2/19/2019,3,2,2019,Mega Millions,Mega_Ball
2/22/2019,18,4,2019,Mega Millions,Main
2/22/2019,24,4,2019,Mega Millions,Main
2/22/2019,31,4,2019,Mega Millions,Main
2/22/2019,34,4,2019,Mega Millions,Main
2/22/2019,55,4,2019,Mega Millions,Main
2/22/2019,4,4,2019,Mega Millions,Mega_Ball
2/26/2019,10,3,2019,Mega Millions,Main
2/26/2019,12,3,2019,Mega Millions,Main
2/26/2019,14,3,2019,Mega Millions,Main
2/26/2019,24,3,2019,Mega Millions,Main
2/26/2019,60,3,2019,Mega Millions,Main
2/26/2019,20,3,2019,Mega Millions,Mega_Ball
3/1/2019,29,2,2019,Mega Millions,Main
3/1/2019,33,2,2019,Mega Millions,Main
3/1/2019,39,2,2019,Mega Millions,Main
3/1/2019,60,2,2019,Mega Millions,Main
3/1/2019,66,2,2019,Mega Millions,Main
3/1/2019,21,2,2019,Mega Millions,Mega_Ball
3/5/2019,15,3,2019,Mega Millions,Main
3/5/2019,20,3,2019,Mega Millions,Main
3/5/2019,32,3,2019,Mega Millions,Main
3/5/2019,37,3,2019,Mega Millions,Main
3/5/2019,52,3,2019,Mega Millions,Main
3/5/2019,6,3,2019,Mega Millions,Mega_Ball
3/8/2019,4,4,2019,Mega Millions,Main
3/8/2019,9,4,2019,Mega Millions,Main
3/8/2019,42,4,2019,Mega Millions,Main
3/8/2019,62,4,2019,Mega Millions,Main
3/8/2019,68,4,2019,Mega Millions,Main
3/8/2019,7,4,2019,Mega Millions,Mega_Ball
3/12/2019,10,4,2019,Mega Millions,Main
3/12/2019,12,4,2019,Mega Millions,Main
3/12/2019,16,4,2019,Mega Millions,Main
3/12/2019,49,4,2019,Mega Millions,Main
3/12/2019,57,4,2019,Mega Millions,Main
3/12/2019,18,4,2019,Mega Millions,Mega_Ball
3/15/2019,3,3,2019,Mega Millions,Main
3/15/2019,29,3,2019,Mega Millions,Main
3/15/2019,56,3,2019,Mega Millions,Main
3/15/2019,62,3,2019,Mega Millions,Main
3/15/2019,64,3,2019,Mega Millions,Main
3/15/2019,4,3,2019,Mega Millions,Mega_Ball
3/19/2019,10,3,2019,Mega Millions,Main
3/19/2019,42,3,2019,Mega Millions,Main
3/19/2019,53,3,2019,Mega Millions,Main
3/19/2019,67,3,2019,Mega Millions,Main
3/19/2019,68,3,2019,Mega Millions,Main
3/19/2019,15,3,2019,Mega Millions,Mega_Ball
3/22/2019,7,3,2019,Mega Millions,Main
3/22/2019,36,3,2019,Mega Millions,Main
3/22/2019,58,3,2019,Mega Millions,Main
3/22/2019,60,3,2019,Mega Millions,Main
3/22/2019,62,3,2019,Mega Millions,Main
3/22/2019,10,3,2019,Mega Millions,Mega_Ball
3/26/2019,4,3,2019,Mega Millions,Main
3/26/2019,14,3,2019,Mega Millions,Main
3/26/2019,22,3,2019,Mega Millions,Main
3/26/2019,43,3,2019,Mega Millions,Main
3/26/2019,58,3,2019,Mega Millions,Main
3/26/2019,9,3,2019,Mega Millions,Mega_Ball
3/29/2019,5,3,2019,Mega Millions,Main
3/29/2019,14,3,2019,Mega Millions,Main
3/29/2019,15,3,2019,Mega Millions,Main
3/29/2019,62,3,2019,Mega Millions,Main
3/29/2019,66,3,2019,Mega Millions,Main
3/29/2019,3,3,2019,Mega Millions,Mega_Ball
4/2/2019,33,3,2019,Mega Millions,Main
4/2/2019,47,3,2019,Mega Millions,Main
4/2/2019,58,3,2019,Mega Millions,Main
4/2/2019,59,3,2019,Mega Millions,Main
4/2/2019,64,3,2019,Mega Millions,Main
4/2/2019,25,3,2019,Mega Millions,Mega_Ball
4/5/2019,8,2,2019,Mega Millions,Main
4/5/2019,22,2,2019,Mega Millions,Main
4/5/2019,24,2,2019,Mega Millions,Main
4/5/2019,38,2,2019,Mega Millions,Main
4/5/2019,64,2,2019,Mega Millions,Main
4/5/2019,21,2,2019,Mega Millions,Mega_Ball
4/9/2019,11,2,2019,Mega Millions,Main
4/9/2019,22,2,2019,Mega Millions,Main
4/9/2019,34,2,2019,Mega Millions,Main
4/9/2019,44,2,2019,Mega Millions,Main
4/9/2019,58,2,2019,Mega Millions,Main
4/9/2019,9,2,2019,Mega Millions,Mega_Ball
4/12/2019,1,2,2019,Mega Millions,Main
4/12/2019,24,2,2019,Mega Millions,Main
4/12/2019,25,2,2019,Mega Millions,Main
4/12/2019,40,2,2019,Mega Millions,Main
4/12/2019,70,2,2019,Mega Millions,Main
4/12/2019,4,2,2019,Mega Millions,Mega_Ball
4/16/2019,11,2,2019,Mega Millions,Main
4/16/2019,29,2,2019,Mega Millions,Main
4/16/2019,34,2,2019,Mega Millions,Main
4/16/2019,48,2,2019,Mega Millions,Main
4/16/2019,54,2,2019,Mega Millions,Main
4/16/2019,10,2,2019,Mega Millions,Mega_Ball
4/19/2019,18,4,2019,Mega Millions,Main
4/19/2019,25,4,2019,Mega Millions,Main
4/19/2019,43,4,2019,Mega Millions,Main
4/19/2019,44,4,2019,Mega Millions,Main
4/19/2019,57,4,2019,Mega Millions,Main
4/19/2019,25,4,2019,Mega Millions,Mega_Ball
4/23/2019,7,4,2019,Mega Millions,Main
4/23/2019,24,4,2019,Mega Millions,Main
4/23/2019,30,4,2019,Mega Millions,Main
4/23/2019,48,4,2019,Mega Millions,Main
4/23/2019,67,4,2019,Mega Millions,Main
4/23/2019,9,4,2019,Mega Millions,Mega_Ball
4/26/2019,9,4,2019,Mega Millions,Main
4/26/2019,17,4,2019,Mega Millions,Main
4/26/2019,23,4,2019,Mega Millions,Main
4/26/2019,30,4,2019,Mega Millions,Main
4/26/2019,46,4,2019,Mega Millions,Main
4/26/2019,10,4,2019,Mega Millions,Mega_Ball
4/30/2019,24,3,2019,Mega Millions,Main
4/30/2019,37,3,2019,Mega Millions,Main
4/30/2019,41,3,2019,Mega Millions,Main
4/30/2019,61,3,2019,Mega Millions,Main
4/30/2019,70,3,2019,Mega Millions,Main
4/30/2019,20,3,2019,Mega Millions,Mega_Ball
5/3/2019,8,2,2019,Mega Millions,Main
5/3/2019,16,2,2019,Mega Millions,Main
5/3/2019,22,2,2019,Mega Millions,Main
5/3/2019,66,2,2019,Mega Millions,Main
5/3/2019,68,2,2019,Mega Millions,Main
5/3/2019,11,2,2019,Mega Millions,Mega_Ball
5/7/2019,3,3,2019,Mega Millions,Main
5/7/2019,6,3,2019,Mega Millions,Main
5/7/2019,34,3,2019,Mega Millions,Main
5/7/2019,54,3,2019,Mega Millions,Main
5/7/2019,63,3,2019,Mega Millions,Main
5/7/2019,19,3,2019,Mega Millions,Mega_Ball
5/10/2019,3,2,2019,Mega Millions,Main
5/10/2019,16,2,2019,Mega Millions,Main
5/10/2019,21,2,2019,Mega Millions,Main
5/10/2019,61,2,2019,Mega Millions,Main
5/10/2019,62,2,2019,Mega Millions,Main
5/10/2019,19,2,2019,Mega Millions,Mega_Ball
5/14/2019,11,4,2019,Mega Millions,Main
5/14/2019,59,4,2019,Mega Millions,Main
5/14/2019,66,4,2019,Mega Millions,Main
5/14/2019,67,4,2019,Mega Millions,Main
5/14/2019,68,4,2019,Mega Millions,Main
5/14/2019,18,4,2019,Mega Millions,Mega_Ball
5/17/2019,5,3,2019,Mega Millions,Main
5/17/2019,17,3,2019,Mega Millions,Main
5/17/2019,28,3,2019,Mega Millions,Main
5/17/2019,32,3,2019,Mega Millions,Main
5/17/2019,63,3,2019,Mega Millions,Main
5/17/2019,11,3,2019,Mega Millions,Mega_Ball
5/21/2019,10,5,2019,Mega Millions,Main
5/21/2019,50,5,2019,Mega Millions,Main
5/21/2019,55,5,2019,Mega Millions,Main
5/21/2019,56,5,2019,Mega Millions,Main
5/21/2019,58,5,2019,Mega Millions,Main
5/21/2019,15,5,2019,Mega Millions,Mega_Ball
5/24/2019,14,2,2019,Mega Millions,Main
5/24/2019,41,2,2019,Mega Millions,Main
5/24/2019,44,2,2019,Mega Millions,Main
5/24/2019,56,2,2019,Mega Millions,Main
5/24/2019,62,2,2019,Mega Millions,Main
5/24/2019,10,2,2019,Mega Millions,Mega_Ball
5/28/2019,9,2,2019,Mega Millions,Main
5/28/2019,21,2,2019,Mega Millions,Main
5/28/2019,34,2,2019,Mega Millions,Main
5/28/2019,42,2,2019,Mega Millions,Main
5/28/2019,50,2,2019,Mega Millions,Main
5/28/2019,21,2,2019,Mega Millions,Mega_Ball
5/31/2019,7,3,2019,Mega Millions,Main
5/31/2019,8,3,2019,Mega Millions,Main
5/31/2019,26,3,2019,Mega Millions,Main
5/31/2019,65,3,2019,Mega Millions,Main
5/31/2019,67,3,2019,Mega Millions,Main
5/31/2019,4,3,2019,Mega Millions,Mega_Ball
6/4/2019,25,2,2019,Mega Millions,Main
6/4/2019,37,2,2019,Mega Millions,Main
6/4/2019,46,2,2019,Mega Millions,Main
6/4/2019,48,2,2019,Mega Millions,Main
6/4/2019,68,2,2019,Mega Millions,Main
6/4/2019,25,2,2019,Mega Millions,Mega_Ball
6/7/2019,17,3,2019,Mega Millions,Main
6/7/2019,19,3,2019,Mega Millions,Main
6/7/2019,27,3,2019,Mega Millions,Main
6/7/2019,40,3,2019,Mega Millions,Main
6/7/2019,68,3,2019,Mega Millions,Main
6/7/2019,2,3,2019,Mega Millions,Mega_Ball
6/11/2019,20,3,2019,Mega Millions,Main
6/11/2019,34,3,2019,Mega Millions,Main
6/11/2019,39,3,2019,Mega Millions,Main
6/11/2019,43,3,2019,Mega Millions,Main
6/11/2019,57,3,2019,Mega Millions,Main
6/11/2019,13,3,2019,Mega Millions,Mega_Ball
6/14/2019,19,2,2019,Mega Millions,Main
6/14/2019,40,2,2019,Mega Millions,Main
6/14/2019,47,2,2019,Mega Millions,Main
6/14/2019,57,2,2019,Mega Millions,Main
6/14/2019,65,2,2019,Mega Millions,Main
6/14/2019,6,2,2019,Mega Millions,Mega_Ball
6/18/2019,12,2,2019,Mega Millions,Main
6/18/2019,14,2,2019,Mega Millions,Main
6/18/2019,22,2,2019,Mega Millions,Main
6/18/2019,24,2,2019,Mega Millions,Main
6/18/2019,48,2,2019,Mega Millions,Main
6/18/2019,21,2,2019,Mega Millions,Mega_Ball
6/21/2019,13,3,2019,Mega Millions,Main
6/21/2019,30,3,2019,Mega Millions,Main
6/21/2019,36,3,2019,Mega Millions,Main
6/21/2019,48,3,2019,Mega Millions,Main
6/21/2019,62,3,2019,Mega Millions,Main
6/21/2019,18,3,2019,Mega Millions,Mega_Ball
6/25/2019,24,3,2019,Mega Millions,Main
6/25/2019,33,3,2019,Mega Millions,Main
6/25/2019,45,3,2019,Mega Millions,Main
6/25/2019,47,3,2019,Mega Millions,Main
6/25/2019,61,3,2019,Mega Millions,Main
6/25/2019,17,3,2019,Mega Millions,Mega_Ball
6/28/2019,2,2,2019,Mega Millions,Main
6/28/2019,35,2,2019,Mega Millions,Main
6/28/2019,49,2,2019,Mega Millions,Main
6/28/2019,53,2,2019,Mega Millions,Main
6/28/2019,63,2,2019,Mega Millions,Main
6/28/2019,1,2,2019,Mega Millions,Mega_Ball
7/2/2019,3,2,2019,Mega Millions,Main
7/2/2019,25,2,2019,Mega Millions,Main
7/2/2019,37,2,2019,Mega Millions,Main
7/2/2019,40,2,2019,Mega Millions,Main
7/2/2019,55,2,2019,Mega Millions,Main
7/2/2019,13,2,2019,Mega Millions,Mega_Ball
7/5/2019,6,2,2019,Mega Millions,Main
7/5/2019,38,2,2019,Mega Millions,Main
7/5/2019,47,2,2019,Mega Millions,Main
7/5/2019,57,2,2019,Mega Millions,Main
7/5/2019,63,2,2019,Mega Millions,Main
7/5/2019,12,2,2019,Mega Millions,Mega_Ball
7/9/2019,12,2,2019,Mega Millions,Main
7/9/2019,26,2,2019,Mega Millions,Main
7/9/2019,40,2,2019,Mega Millions,Main
7/9/2019,48,2,2019,Mega Millions,Main
7/9/2019,64,2,2019,Mega Millions,Main
7/9/2019,1,2,2019,Mega Millions,Mega_Ball
7/12/2019,8,2,2019,Mega Millions,Main
7/12/2019,25,2,2019,Mega Millions,Main
7/12/2019,38,2,2019,Mega Millions,Main
7/12/2019,56,2,2019,Mega Millions,Main
7/12/2019,59,2,2019,Mega Millions,Main
7/12/2019,7,2,2019,Mega Millions,Mega_Ball
7/16/2019,8,3,2019,Mega Millions,Main
7/16/2019,16,3,2019,Mega Millions,Main
7/16/2019,31,3,2019,Mega Millions,Main
7/16/2019,48,3,2019,Mega Millions,Main
7/16/2019,52,3,2019,Mega Millions,Main
7/16/2019,23,3,2019,Mega Millions,Mega_Ball
7/19/2019,16,3,2019,Mega Millions,Main
7/19/2019,18,3,2019,Mega Millions,Main
7/19/2019,28,3,2019,Mega Millions,Main
7/19/2019,33,3,2019,Mega Millions,Main
7/19/2019,67,3,2019,Mega Millions,Main
7/19/2019,14,3,2019,Mega Millions,Mega_Ball
7/23/2019,1,2,2019,Mega Millions,Main
7/23/2019,4,2,2019,Mega Millions,Main
7/23/2019,23,2,2019,Mega Millions,Main
7/23/2019,40,2,2019,Mega Millions,Main
7/23/2019,45,2,2019,Mega Millions,Main
7/23/2019,11,2,2019,Mega Millions,Mega_Ball
7/26/2019,4,3,2019,Mega Millions,Main
7/26/2019,6,3,2019,Mega Millions,Main
7/26/2019,11,3,2019,Mega Millions,Main
7/26/2019,43,3,2019,Mega Millions,Main
7/26/2019,48,3,2019,Mega Millions,Main
7/26/2019,11,3,2019,Mega Millions,Mega_Ball
7/30/2019,10,3,2019,Mega Millions,Main
7/30/2019,24,3,2019,Mega Millions,Main
7/30/2019,28,3,2019,Mega Millions,Main
7/30/2019,33,3,2019,Mega Millions,Main
7/30/2019,38,3,2019,Mega Millions,Main
7/30/2019,6,3,2019,Mega Millions,Mega_Ball
8/2/2019,11,2,2019,Mega Millions,Main
8/2/2019,20,2,2019,Mega Millions,Main
8/2/2019,26,2,2019,Mega Millions,Main
8/2/2019,48,2,2019,Mega Millions,Main
8/2/2019,70,2,2019,Mega Millions,Main
8/2/2019,19,2,2019,Mega Millions,Mega_Ball
8/6/2019,11,2,2019,Mega Millions,Main
8/6/2019,17,2,2019,Mega Millions,Main
8/6/2019,31,2,2019,Mega Millions,Main
8/6/2019,43,2,2019,Mega Millions,Main
8/6/2019,55,2,2019,Mega Millions,Main
8/6/2019,16,2,2019,Mega Millions,Mega_Ball
8/9/2019,15,2,2019,Mega Millions,Main
8/9/2019,53,2,2019,Mega Millions,Main
8/9/2019,56,2,2019,Mega Millions,Main
8/9/2019,59,2,2019,Mega Millions,Main
8/9/2019,63,2,2019,Mega Millions,Main
8/9/2019,1,2,2019,Mega Millions,Mega_Ball
8/13/2019,7,3,2019,Mega Millions,Main
8/13/2019,27,3,2019,Mega Millions,Main
8/13/2019,31,3,2019,Mega Millions,Main
8/13/2019,34,3,2019,Mega Millions,Main
8/13/2019,51,3,2019,Mega Millions,Main
8/13/2019,5,3,2019,Mega Millions,Mega_Ball
8/16/2019,4,2,2019,Mega Millions,Main
8/16/2019,14,2,2019,Mega Millions,Main
8/16/2019,24,2,2019,Mega Millions,Main
8/16/2019,26,2,2019,Mega Millions,Main
8/16/2019,46,2,2019,Mega Millions,Main
8/16/2019,14,2,2019,Mega Millions,Mega_Ball
8/20/2019,8,3,2019,Mega Millions,Main
8/20/2019,14,3,2019,Mega Millions,Main
8/20/2019,25,3,2019,Mega Millions,Main
8/20/2019,51,3,2019,Mega Millions,Main
8/20/2019,63,3,2019,Mega Millions,Main
8/20/2019,4,3,2019,Mega Millions,Mega_Ball
8/23/2019,11,2,2019,Mega Millions,Main
8/23/2019,15,2,2019,Mega Millions,Main
8/23/2019,37,2,2019,Mega Millions,Main
8/23/2019,54,2,2019,Mega Millions,Main
8/23/2019,68,2,2019,Mega Millions,Main
8/23/2019,21,2,2019,Mega Millions,Mega_Ball
8/27/2019,8,2,2019,Mega Millions,Main
8/27/2019,12,2,2019,Mega Millions,Main
8/27/2019,23,2,2019,Mega Millions,Main
8/27/2019,39,2,2019,Mega Millions,Main
8/27/2019,43,2,2019,Mega Millions,Main
8/27/2019,6,2,2019,Mega Millions,Mega_Ball
8/30/2019,3,4,2019,Mega Millions,Main
8/30/2019,9,4,2019,Mega Millions,Main
8/30/2019,11,4,2019,Mega Millions,Main
8/30/2019,34,4,2019,Mega Millions,Main
8/30/2019,39,4,2019,Mega Millions,Main
8/30/2019,10,4,2019,Mega Millions,Mega_Ball
9/3/2019,13,2,2019,Mega Millions,Main
9/3/2019,20,2,2019,Mega Millions,Main
9/3/2019,27,2,2019,Mega Millions,Main
9/3/2019,61,2,2019,Mega Millions,Main
9/3/2019,62,2,2019,Mega Millions,Main
9/3/2019,5,2,2019,Mega Millions,Mega_Ball
9/6/2019,4,4,2019,Mega Millions,Main
9/6/2019,11,4,2019,Mega Millions,Main
9/6/2019,13,4,2019,Mega Millions,Main
9/6/2019,19,4,2019,Mega Millions,Main
9/6/2019,31,4,2019,Mega Millions,Main
9/6/2019,10,4,2019,Mega Millions,Mega_Ball
9/10/2019,34,2,2019,Mega Millions,Main
9/10/2019,47,2,2019,Mega Millions,Main
9/10/2019,48,2,2019,Mega Millions,Main
9/10/2019,50,2,2019,Mega Millions,Main
9/10/2019,55,2,2019,Mega Millions,Main
9/10/2019,24,2,2019,Mega Millions,Mega_Ball
9/13/2019,6,2,2019,Mega Millions,Main
9/13/2019,16,2,2019,Mega Millions,Main
9/13/2019,37,2,2019,Mega Millions,Main
9/13/2019,59,2,2019,Mega Millions,Main
9/13/2019,62,2,2019,Mega Millions,Main
9/13/2019,5,2,2019,Mega Millions,Mega_Ball
9/17/2019,12,4,2019,Mega Millions,Main
9/17/2019,15,4,2019,Mega Millions,Main
9/17/2019,30,4,2019,Mega Millions,Main
9/17/2019,50,4,2019,Mega Millions,Main
9/17/2019,65,4,2019,Mega Millions,Main
9/17/2019,1,4,2019,Mega Millions,Mega_Ball
9/20/2019,23,2,2019,Mega Millions,Main
9/20/2019,24,2,2019,Mega Millions,Main
9/20/2019,42,2,2019,Mega Millions,Main
9/20/2019,48,2,2019,Mega Millions,Main
9/20/2019,53,2,2019,Mega Millions,Main
9/20/2019,22,2,2019,Mega Millions,Mega_Ball
9/24/2019,6,4,2019,Mega Millions,Main
9/24/2019,14,4,2019,Mega Millions,Main
9/24/2019,24,4,2019,Mega Millions,Main
9/24/2019,42,4,2019,Mega Millions,Main
9/24/2019,46,4,2019,Mega Millions,Main
9/24/2019,9,4,2019,Mega Millions,Mega_Ball
9/27/2019,12,3,2019,Mega Millions,Main
9/27/2019,20,3,2019,Mega Millions,Main
9/27/2019,31,3,2019,Mega Millions,Main
9/27/2019,43,3,2019,Mega Millions,Main
9/27/2019,45,3,2019,Mega Millions,Main
9/27/2019,20,3,2019,Mega Millions,Mega_Ball
10/1/2019,10,2,2019,Mega Millions,Main
10/1/2019,17,2,2019,Mega Millions,Main
10/1/2019,39,2,2019,Mega Millions,Main
10/1/2019,42,2,2019,Mega Millions,Main
10/1/2019,59,2,2019,Mega Millions,Main
10/1/2019,3,2,2019,Mega Millions,Mega_Ball
10/4/2019,11,2,2019,Mega Millions,Main
10/4/2019,38,2,2019,Mega Millions,Main
10/4/2019,44,2,2019,Mega Millions,Main
10/4/2019,48,2,2019,Mega Millions,Main
10/4/2019,70,2,2019,Mega Millions,Main
10/4/2019,17,2,2019,Mega Millions,Mega_Ball
10/8/2019,5,3,2019,Mega Millions,Main
10/8/2019,8,3,2019,Mega Millions,Main
10/8/2019,10,3,2019,Mega Millions,Main
10/8/2019,17,3,2019,Mega Millions,Main
10/8/2019,48,3,2019,Mega Millions,Main
10/8/2019,23,3,2019,Mega Millions,Mega_Ball
10/11/2019,14,3,2019,Mega Millions,Main
10/11/2019,22,3,2019,Mega Millions,Main
10/11/2019,30,3,2019,Mega Millions,Main
10/11/2019,37,3,2019,Mega Millions,Main
10/11/2019,60,3,2019,Mega Millions,Main
10/11/2019,8,3,2019,Mega Millions,Mega_Ball
10/15/2019,4,2,2019,Mega Millions,Main
10/15/2019,12,2,2019,Mega Millions,Main
10/15/2019,14,2,2019,Mega Millions,Main
10/15/2019,35,2,2019,Mega Millions,Main
10/15/2019,70,2,2019,Mega Millions,Main
10/15/2019,2,2,2019,Mega Millions,Mega_Ball
10/18/2019,18,3,2019,Mega Millions,Main
10/18/2019,58,3,2019,Mega Millions,Main
10/18/2019,60,3,2019,Mega Millions,Main
10/18/2019,65,3,2019,Mega Millions,Main
10/18/2019,67,3,2019,Mega Millions,Main
10/18/2019,20,3,2019,Mega Millions,Mega_Ball
10/22/2019,5,4,2019,Mega Millions,Main
10/22/2019,11,4,2019,Mega Millions,Main
10/22/2019,14,4,2019,Mega Millions,Main
10/22/2019,23,4,2019,Mega Millions,Main
10/22/2019,25,4,2019,Mega Millions,Main
10/22/2019,10,4,2019,Mega Millions,Mega_Ball
10/25/2019,16,3,2019,Mega Millions,Main
10/25/2019,24,3,2019,Mega Millions,Main
10/25/2019,25,3,2019,Mega Millions,Main
10/25/2019,52,3,2019,Mega Millions,Main
10/25/2019,60,3,2019,Mega Millions,Main
10/25/2019,6,3,2019,Mega Millions,Mega_Ball
10/29/2019,4,2,2019,Mega Millions,Main
10/29/2019,9,2,2019,Mega Millions,Main
10/29/2019,17,2,2019,Mega Millions,Main
10/29/2019,27,2,2019,Mega Millions,Main
10/29/2019,39,2,2019,Mega Millions,Main
10/29/2019,22,2,2019,Mega Millions,Mega_Ball
11/1/2019,9,2,2019,Mega Millions,Main
11/1/2019,20,2,2019,Mega Millions,Main
11/1/2019,36,2,2019,Mega Millions,Main
11/1/2019,41,2,2019,Mega Millions,Main
11/1/2019,54,2,2019,Mega Millions,Main
11/1/2019,22,2,2019,Mega Millions,Mega_Ball
11/5/2019,2,3,2019,Mega Millions,Main
11/5/2019,9,3,2019,Mega Millions,Main
11/5/2019,24,3,2019,Mega Millions,Main
11/5/2019,49,3,2019,Mega Millions,Main
11/5/2019,54,3,2019,Mega Millions,Main
11/5/2019,19,3,2019,Mega Millions,Mega_Ball
11/8/2019,3,3,2019,Mega Millions,Main
11/8/2019,4,3,2019,Mega Millions,Main
11/8/2019,10,3,2019,Mega Millions,Main
11/8/2019,39,3,2019,Mega Millions,Main
11/8/2019,58,3,2019,Mega Millions,Main
11/8/2019,14,3,2019,Mega Millions,Mega_Ball
11/12/2019,19,2,2019,Mega Millions,Main
11/12/2019,30,2,2019,Mega Millions,Main
11/12/2019,44,2,2019,Mega Millions,Main
11/12/2019,56,2,2019,Mega Millions,Main
11/12/2019,65,2,2019,Mega Millions,Main
11/12/2019,24,2,2019,Mega Millions,Mega_Ball
11/15/2019,12,2,2019,Mega Millions,Main
11/15/2019,19,2,2019,Mega Millions,Main
11/15/2019,34,2,2019,Mega Millions,Main
11/15/2019,35,2,2019,Mega Millions,Main
11/15/2019,68,2,2019,Mega Millions,Main
11/15/2019,20,2,2019,Mega Millions,Mega_Ball
11/19/2019,22,3,2019,Mega Millions,Main
11/19/2019,43,3,2019,Mega Millions,Main
11/19/2019,44,3,2019,Mega Millions,Main
11/19/2019,47,3,2019,Mega Millions,Main
11/19/2019,66,3,2019,Mega Millions,Main
11/19/2019,22,3,2019,Mega Millions,Mega_Ball
11/22/2019,7,4,2019,Mega Millions,Main
11/22/2019,12,4,2019,Mega Millions,Main
11/22/2019,17,4,2019,Mega Millions,Main
11/22/2019,49,4,2019,Mega Millions,Main
11/22/2019,53,4,2019,Mega Millions,Main
11/22/2019,24,4,2019,Mega Millions,Mega_Ball
11/26/2019,8,2,2019,Mega Millions,Main
11/26/2019,27,2,2019,Mega Millions,Main
11/26/2019,29,2,2019,Mega Millions,Main
11/26/2019,38,2,2019,Mega Millions,Main
11/26/2019,43,2,2019,Mega Millions,Main
11/26/2019,13,2,2019,Mega Millions,Mega_Ball
11/29/2019,6,2,2019,Mega Millions,Main
11/29/2019,8,2,2019,Mega Millions,Main
11/29/2019,31,2,2019,Mega Millions,Main
11/29/2019,50,2,2019,Mega Millions,Main
11/29/2019,65,2,2019,Mega Millions,Main
11/29/2019,9,2,2019,Mega Millions,Mega_Ball
12/3/2019,23,2,2019,Mega Millions,Main
12/3/2019,43,2,2019,Mega Millions,Main
12/3/2019,60,2,2019,Mega Millions,Main
12/3/2019,63,2,2019,Mega Millions,Main
12/3/2019,69,2,2019,Mega Millions,Main
12/3/2019,19,2,2019,Mega Millions,Mega_Ball
12/6/2019,20,5,2019,Mega Millions,Main
12/6/2019,31,5,2019,Mega Millions,Main
12/6/2019,40,5,2019,Mega Millions,Main
12/6/2019,46,5,2019,Mega Millions,Main
12/6/2019,61,5,2019,Mega Millions,Main
12/6/2019,20,5,2019,Mega Millions,Mega_Ball
12/10/2019,18,2,2019,Mega Millions,Main
12/10/2019,31,2,2019,Mega Millions,Main
12/10/2019,46,2,2019,Mega Millions,Main
12/10/2019,54,2,2019,Mega Millions,Main
12/10/2019,61,2,2019,Mega Millions,Main
12/10/2019,25,2,2019,Mega Millions,Mega_Ball
12/13/2019,17,3,2019,Mega Millions,Main
12/13/2019,21,3,2019,Mega Millions,Main
12/13/2019,29,3,2019,Mega Millions,Main
12/13/2019,39,3,2019,Mega Millions,Main
12/13/2019,56,3,2019,Mega Millions,Main
12/13/2019,22,3,2019,Mega Millions,Mega_Ball
12/17/2019,22,2,2019,Mega Millions,Main
12/17/2019,30,2,2019,Mega Millions,Main
12/17/2019,53,2,2019,Mega Millions,Main
12/17/2019,55,2,2019,Mega Millions,Main
12/17/2019,56,2,2019,Mega Millions,Main
12/17/2019,16,2,2019,Mega Millions,Mega_Ball
12/20/2019,3,3,2019,Mega Millions,Main
12/20/2019,20,3,2019,Mega Millions,Main
12/20/2019,23,3,2019,Mega Millions,Main
12/20/2019,35,3,2019,Mega Millions,Main
12/20/2019,60,3,2019,Mega Millions,Main
12/20/2019,16,3,2019,Mega Millions,Mega_Ball
12/24/2019,27,2,2019,Mega Millions,Main
12/24/2019,37,2,2019,Mega Millions,Main
12/24/2019,48,2,2019,Mega Millions,Main
12/24/2019,63,2,2019,Mega Millions,Main
12/24/2019,66,2,2019,Mega Millions,Main
12/24/2019,11,2,2019,Mega Millions,Mega_Ball
12/27/2019,17,4,2019,Mega Millions,Main
12/27/2019,34,4,2019,Mega Millions,Main
12/27/2019,40,4,2019,Mega Millions,Main
12/27/2019,63,4,2019,Mega Millions,Main
12/27/2019,64,4,2019,Mega Millions,Main
12/27/2019,24,4,2019,Mega Millions,Mega_Ball
12/31/2019,30,3,2019,Mega Millions,Main
12/31/2019,44,3,2019,Mega Millions,Main
12/31/2019,49,3,2019,Mega Millions,Main
12/31/2019,53,3,2019,Mega Millions,Main
12/31/2019,56,3,2019,Mega Millions,Main
12/31/2019,11,3,2019,Mega Millions,Mega_Ball
1/3/2020,37,2,2020,Mega Millions,Main
1/3/2020,41,2,2020,Mega Millions,Main
1/3/2020,42,2,2020,Mega Millions,Main
1/3/2020,53,2,2020,Mega Millions,Main
1/3/2020,63,2,2020,Mega Millions,Main
1/3/2020,16,2,2020,Mega Millions,Mega_Ball
1/7/2020,25,4,2020,Mega Millions,Main
1/7/2020,40,4,2020,Mega Millions,Main
1/7/2020,41,4,2020,Mega Millions,Main
1/7/2020,52,4,2020,Mega Millions,Main
1/7/2020,56,4,2020,Mega Millions,Main
1/7/2020,21,4,2020,Mega Millions,Mega_Ball
1/10/2020,17,2,2020,Mega Millions,Main
1/10/2020,27,2,2020,Mega Millions,Main
1/10/2020,49,2,2020,Mega Millions,Main
1/10/2020,51,2,2020,Mega Millions,Main
1/10/2020,66,2,2020,Mega Millions,Main
1/10/2020,2,2,2020,Mega Millions,Mega_Ball
1/14/2020,9,2,2020,Mega Millions,Main
1/14/2020,11,2,2020,Mega Millions,Main
1/14/2020,13,2,2020,Mega Millions,Main
1/14/2020,31,2,2020,Mega Millions,Main
1/14/2020,47,2,2020,Mega Millions,Main
1/14/2020,11,2,2020,Mega Millions,Mega_Ball
1/17/2020,3,3,2020,Mega Millions,Main
1/17/2020,25,3,2020,Mega Millions,Main
1/17/2020,30,3,2020,Mega Millions,Main
1/17/2020,54,3,2020,Mega Millions,Main
1/17/2020,70,3,2020,Mega Millions,Main
1/17/2020,9,3,2020,Mega Millions,Mega_Ball
1/21/2020,16,3,2020,Mega Millions,Main
1/21/2020,18,3,2020,Mega Millions,Main
1/21/2020,29,3,2020,Mega Millions,Main
1/21/2020,31,3,2020,Mega Millions,Main
1/21/2020,37,3,2020,Mega Millions,Main
1/21/2020,8,3,2020,Mega Millions,Mega_Ball
1/24/2020,3,4,2020,Mega Millions,Main
1/24/2020,4,4,2020,Mega Millions,Main
1/24/2020,18,4,2020,Mega Millions,Main
1/24/2020,23,4,2020,Mega Millions,Main
1/24/2020,38,4,2020,Mega Millions,Main
1/24/2020,24,4,2020,Mega Millions,Mega_Ball
1/28/2020,17,3,2020,Mega Millions,Main
1/28/2020,36,3,2020,Mega Millions,Main
1/28/2020,47,3,2020,Mega Millions,Main
1/28/2020,51,3,2020,Mega Millions,Main
1/28/2020,62,3,2020,Mega Millions,Main
1/28/2020,21,3,2020,Mega Millions,Mega_Ball
1/31/2020,28,2,2020,Mega Millions,Main
1/31/2020,31,2,2020,Mega Millions,Main
1/31/2020,33,2,2020,Mega Millions,Main
1/31/2020,57,2,2020,Mega Millions,Main
1/31/2020,62,2,2020,Mega Millions,Main
1/31/2020,19,2,2020,Mega Millions,Mega_Ball
2/4/2020,32,2,2020,Mega Millions,Main
2/4/2020,48,2,2020,Mega Millions,Main
2/4/2020,50,2,2020,Mega Millions,Main
2/4/2020,51,2,2020,Mega Millions,Main
2/4/2020,64,2,2020,Mega Millions,Main
2/4/2020,10,2,2020,Mega Millions,Mega_Ball
2/7/2020,9,3,2020,Mega Millions,Main
2/7/2020,14,3,2020,Mega Millions,Main
2/7/2020,27,3,2020,Mega Millions,Main
2/7/2020,36,3,2020,Mega Millions,Main
2/7/2020,52,3,2020,Mega Millions,Main
2/7/2020,4,3,2020,Mega Millions,Mega_Ball
2/11/2020,4,2,2020,Mega Millions,Main
2/11/2020,6,2,2020,Mega Millions,Main
2/11/2020,32,2,2020,Mega Millions,Main
2/11/2020,52,2,2020,Mega Millions,Main
2/11/2020,64,2,2020,Mega Millions,Main
2/11/2020,6,2,2020,Mega Millions,Mega_Ball
2/14/2020,10,5,2020,Mega Millions,Main
2/14/2020,32,5,2020,Mega Millions,Main
2/14/2020,48,5,2020,Mega Millions,Main
2/14/2020,54,5,2020,Mega Millions,Main
2/14/2020,55,5,2020,Mega Millions,Main
2/14/2020,18,5,2020,Mega Millions,Mega_Ball
2/18/2020,6,3,2020,Mega Millions,Main
2/18/2020,12,3,2020,Mega Millions,Main
2/18/2020,39,3,2020,Mega Millions,Main
2/18/2020,61,3,2020,Mega Millions,Main
2/18/2020,70,3,2020,Mega Millions,Main
2/18/2020,4,3,2020,Mega Millions,Mega_Ball
2/21/2020,4,4,2020,Mega Millions,Main
2/21/2020,7,4,2020,Mega Millions,Main
2/21/2020,13,4,2020,Mega Millions,Main
2/21/2020,16,4,2020,Mega Millions,Main
2/21/2020,60,4,2020,Mega Millions,Main
2/21/2020,6,4,2020,Mega Millions,Mega_Ball
2/25/2020,2,2,2020,Mega Millions,Main
2/25/2020,9,2,2020,Mega Millions,Main
2/25/2020,43,2,2020,Mega Millions,Main
2/25/2020,49,2,2020,Mega Millions,Main
2/25/2020,63,2,2020,Mega Millions,Main
2/25/2020,15,2,2020,Mega Millions,Mega_Ball
2/28/2020,2,2,2020,Mega Millions,Main
2/28/2020,3,2,2020,Mega Millions,Main
2/28/2020,14,2,2020,Mega Millions,Main
2/28/2020,41,2,2020,Mega Millions,Main
2/28/2020,64,2,2020,Mega Millions,Main
2/28/2020,17,2,2020,Mega Millions,Mega_Ball
3/3/2020,8,2,2020,Mega Millions,Main
3/3/2020,12,2,2020,Mega Millions,Main
3/3/2020,33,2,2020,Mega Millions,Main
3/3/2020,56,2,2020,Mega Millions,Main
3/3/2020,64,2,2020,Mega Millions,Main
3/3/2020,2,2,2020,Mega Millions,Mega_Ball
3/6/2020,15,4,2020,Mega Millions,Main
3/6/2020,48,4,2020,Mega Millions,Main
3/6/2020,56,4,2020,Mega Millions,Main
3/6/2020,58,4,2020,Mega Millions,Main
3/6/2020,70,4,2020,Mega Millions,Main
3/6/2020,4,4,2020,Mega Millions,Mega_Ball
3/10/2020,6,5,2020,Mega Millions,Main
3/10/2020,17,5,2020,Mega Millions,Main
3/10/2020,48,5,2020,Mega Millions,Main
3/10/2020,54,5,2020,Mega Millions,Main
3/10/2020,69,5,2020,Mega Millions,Main
3/10/2020,12,5,2020,Mega Millions,Mega_Ball
3/13/2020,7,4,2020,Mega Millions,Main
3/13/2020,22,4,2020,Mega Millions,Main
3/13/2020,37,4,2020,Mega Millions,Main
3/13/2020,43,4,2020,Mega Millions,Main
3/13/2020,44,4,2020,Mega Millions,Main
3/13/2020,22,4,2020,Mega Millions,Mega_Ball
3/17/2020,20,3,2020,Mega Millions,Main
3/17/2020,27,3,2020,Mega Millions,Main
3/17/2020,28,3,2020,Mega Millions,Main
3/17/2020,58,3,2020,Mega Millions,Main
3/17/2020,59,3,2020,Mega Millions,Main
3/17/2020,25,3,2020,Mega Millions,Mega_Ball
3/20/2020,34,4,2020,Mega Millions,Main
3/20/2020,35,4,2020,Mega Millions,Main
3/20/2020,41,4,2020,Mega Millions,Main
3/20/2020,45,4,2020,Mega Millions,Main
3/20/2020,54,4,2020,Mega Millions,Main
3/20/2020,5,4,2020,Mega Millions,Mega_Ball
3/24/2020,2,2,2020,Mega Millions,Main
3/24/2020,8,2,2020,Mega Millions,Main
3/24/2020,16,2,2020,Mega Millions,Main
3/24/2020,18,2,2020,Mega Millions,Main
3/24/2020,31,2,2020,Mega Millions,Main
3/24/2020,14,2,2020,Mega Millions,Mega_Ball
3/27/2020,3,4,2020,Mega Millions,Main
3/27/2020,25,4,2020,Mega Millions,Main
3/27/2020,28,4,2020,Mega Millions,Main
3/27/2020,50,4,2020,Mega Millions,Main
3/27/2020,60,4,2020,Mega Millions,Main
3/27/2020,1,4,2020,Mega Millions,Mega_Ball
3/31/2020,8,4,2020,Mega Millions,Main
3/31/2020,17,4,2020,Mega Millions,Main
3/31/2020,51,4,2020,Mega Millions,Main
3/31/2020,57,4,2020,Mega Millions,Main
3/31/2020,70,4,2020,Mega Millions,Main
3/31/2020,2,4,2020,Mega Millions,Mega_Ball
4/3/2020,24,4,2020,Mega Millions,Main
4/3/2020,38,4,2020,Mega Millions,Main
4/3/2020,44,4,2020,Mega Millions,Main
4/3/2020,57,4,2020,Mega Millions,Main
4/3/2020,58,4,2020,Mega Millions,Main
4/3/2020,17,4,2020,Mega Millions,Mega_Ball
4/7/2020,25,2,2020,Mega Millions,Main
4/7/2020,33,2,2020,Mega Millions,Main
4/7/2020,43,2,2020,Mega Millions,Main
4/7/2020,51,2,2020,Mega Millions,Main
4/7/2020,68,2,2020,Mega Millions,Main
4/7/2020,20,2,2020,Mega Millions,Mega_Ball
4/10/2020,2,2,2020,Mega Millions,Main
4/10/2020,11,2,2020,Mega Millions,Main
4/10/2020,21,2,2020,Mega Millions,Main
4/10/2020,57,2,2020,Mega Millions,Main
4/10/2020,60,2,2020,Mega Millions,Main
4/10/2020,13,2,2020,Mega Millions,Mega_Ball
4/14/2020,29,4,2020,Mega Millions,Main
4/14/2020,47,4,2020,Mega Millions,Main
4/14/2020,65,4,2020,Mega Millions,Main
4/14/2020,69,4,2020,Mega Millions,Main
4/14/2020,70,4,2020,Mega Millions,Main
4/14/2020,7,4,2020,Mega Millions,Mega_Ball
4/17/2020,13,4,2020,Mega Millions,Main
4/17/2020,35,4,2020,Mega Millions,Main
4/17/2020,39,4,2020,Mega Millions,Main
4/17/2020,46,4,2020,Mega Millions,Main
4/17/2020,55,4,2020,Mega Millions,Main
4/17/2020,14,4,2020,Mega Millions,Mega_Ball
4/21/2020,13,2,2020,Mega Millions,Main
4/21/2020,15,2,2020,Mega Millions,Main
4/21/2020,24,2,2020,Mega Millions,Main
4/21/2020,67,2,2020,Mega Millions,Main
4/21/2020,70,2,2020,Mega Millions,Main
4/21/2020,17,2,2020,Mega Millions,Mega_Ball
4/24/2020,1,2,2020,Mega Millions,Main
4/24/2020,27,2,2020,Mega Millions,Main
4/24/2020,32,2,2020,Mega Millions,Main
4/24/2020,60,2,2020,Mega Millions,Main
4/24/2020,67,2,2020,Mega Millions,Main
4/24/2020,18,2,2020,Mega Millions,Mega_Ball
4/28/2020,13,3,2020,Mega Millions,Main
4/28/2020,19,3,2020,Mega Millions,Main
4/28/2020,53,3,2020,Mega Millions,Main
4/28/2020,54,3,2020,Mega Millions,Main
4/28/2020,63,3,2020,Mega Millions,Main
4/28/2020,17,3,2020,Mega Millions,Mega_Ball
5/1/2020,28,2,2020,Mega Millions,Main
5/1/2020,30,2,2020,Mega Millions,Main
5/1/2020,31,2,2020,Mega Millions,Main
5/1/2020,35,2,2020,Mega Millions,Main
5/1/2020,66,2,2020,Mega Millions,Main
5/1/2020,14,2,2020,Mega Millions,Mega_Ball
5/5/2020,7,2,2020,Mega Millions,Main
5/5/2020,13,2,2020,Mega Millions,Main
5/5/2020,17,2,2020,Mega Millions,Main
5/5/2020,21,2,2020,Mega Millions,Main
5/5/2020,45,2,2020,Mega Millions,Main
5/5/2020,14,2,2020,Mega Millions,Mega_Ball
5/8/2020,5,2,2020,Mega Millions,Main
5/8/2020,20,2,2020,Mega Millions,Main
5/8/2020,22,2,2020,Mega Millions,Main
5/8/2020,61,2,2020,Mega Millions,Main
5/8/2020,70,2,2020,Mega Millions,Main
5/8/2020,4,2,2020,Mega Millions,Mega_Ball
5/12/2020,7,5,2020,Mega Millions,Main
5/12/2020,16,5,2020,Mega Millions,Main
5/12/2020,27,5,2020,Mega Millions,Main
5/12/2020,44,5,2020,Mega Millions,Main
5/12/2020,52,5,2020,Mega Millions,Main
5/12/2020,5,5,2020,Mega Millions,Mega_Ball
5/15/2020,11,3,2020,Mega Millions,Main
5/15/2020,17,3,2020,Mega Millions,Main
5/15/2020,32,3,2020,Mega Millions,Main
5/15/2020,33,3,2020,Mega Millions,Main
5/15/2020,46,3,2020,Mega Millions,Main
5/15/2020,25,3,2020,Mega Millions,Mega_Ball
5/19/2020,8,2,2020,Mega Millions,Main
5/19/2020,19,2,2020,Mega Millions,Main
5/19/2020,25,2,2020,Mega Millions,Main
5/19/2020,36,2,2020,Mega Millions,Main
5/19/2020,66,2,2020,Mega Millions,Main
5/19/2020,9,2,2020,Mega Millions,Mega_Ball
5/22/2020,8,4,2020,Mega Millions,Main
5/22/2020,10,4,2020,Mega Millions,Main
5/22/2020,20,4,2020,Mega Millions,Main
5/22/2020,44,4,2020,Mega Millions,Main
5/22/2020,46,4,2020,Mega Millions,Main
5/22/2020,18,4,2020,Mega Millions,Mega_Ball
5/26/2020,34,3,2020,Mega Millions,Main
5/26/2020,52,3,2020,Mega Millions,Main
5/26/2020,58,3,2020,Mega Millions,Main
5/26/2020,59,3,2020,Mega Millions,Main
5/26/2020,62,3,2020,Mega Millions,Main
5/26/2020,4,3,2020,Mega Millions,Mega_Ball
5/29/2020,10,2,2020,Mega Millions,Main
5/29/2020,13,2,2020,Mega Millions,Main
5/29/2020,32,2,2020,Mega Millions,Main
5/29/2020,41,2,2020,Mega Millions,Main
5/29/2020,51,2,2020,Mega Millions,Main
5/29/2020,3,2,2020,Mega Millions,Mega_Ball
6/2/2020,9,3,2020,Mega Millions,Main
6/2/2020,20,3,2020,Mega Millions,Main
6/2/2020,23,3,2020,Mega Millions,Main
6/2/2020,26,3,2020,Mega Millions,Main
6/2/2020,29,3,2020,Mega Millions,Main
6/2/2020,8,3,2020,Mega Millions,Mega_Ball
6/5/2020,32,3,2020,Mega Millions,Main
6/5/2020,35,3,2020,Mega Millions,Main
6/5/2020,37,3,2020,Mega Millions,Main
6/5/2020,47,3,2020,Mega Millions,Main
6/5/2020,55,3,2020,Mega Millions,Main
6/5/2020,22,3,2020,Mega Millions,Mega_Ball
6/9/2020,1,2,2020,Mega Millions,Main
6/9/2020,5,2,2020,Mega Millions,Main
6/9/2020,9,2,2020,Mega Millions,Main
6/9/2020,10,2,2020,Mega Millions,Main
6/9/2020,23,2,2020,Mega Millions,Main
6/9/2020,22,2,2020,Mega Millions,Mega_Ball
6/12/2020,9,3,2020,Mega Millions,Main
6/12/2020,14,3,2020,Mega Millions,Main
6/12/2020,57,3,2020,Mega Millions,Main
6/12/2020,67,3,2020,Mega Millions,Main
6/12/2020,70,3,2020,Mega Millions,Main
6/12/2020,2,3,2020,Mega Millions,Mega_Ball
6/16/2020,21,3,2020,Mega Millions,Main
6/16/2020,23,3,2020,Mega Millions,Main
6/16/2020,33,3,2020,Mega Millions,Main
6/16/2020,35,3,2020,Mega Millions,Main
6/16/2020,42,3,2020,Mega Millions,Main
6/16/2020,6,3,2020,Mega Millions,Mega_Ball
6/19/2020,11,2,2020,Mega Millions,Main
6/19/2020,34,2,2020,Mega Millions,Main
6/19/2020,36,2,2020,Mega Millions,Main
6/19/2020,52,2,2020,Mega Millions,Main
6/19/2020,66,2,2020,Mega Millions,Main
6/19/2020,7,2,2020,Mega Millions,Mega_Ball
6/23/2020,6,3,2020,Mega Millions,Main
6/23/2020,20,3,2020,Mega Millions,Main
6/23/2020,37,3,2020,Mega Millions,Main
6/23/2020,40,3,2020,Mega Millions,Main
6/23/2020,48,3,2020,Mega Millions,Main
6/23/2020,15,3,2020,Mega Millions,Mega_Ball
6/26/2020,19,2,2020,Mega Millions,Main
6/26/2020,33,2,2020,Mega Millions,Main
6/26/2020,37,2,2020,Mega Millions,Main
6/26/2020,56,2,2020,Mega Millions,Main
6/26/2020,57,2,2020,Mega Millions,Main
6/26/2020,6,2,2020,Mega Millions,Mega_Ball
6/30/2020,9,2,2020,Mega Millions,Main
6/30/2020,16,2,2020,Mega Millions,Main
6/30/2020,29,2,2020,Mega Millions,Main
6/30/2020,37,2,2020,Mega Millions,Main
6/30/2020,53,2,2020,Mega Millions,Main
6/30/2020,11,2,2020,Mega Millions,Mega_Ball
7/3/2020,20,2,2020,Mega Millions,Main
7/3/2020,40,2,2020,Mega Millions,Main
7/3/2020,44,2,2020,Mega Millions,Main
7/3/2020,45,2,2020,Mega Millions,Main
7/3/2020,50,2,2020,Mega Millions,Main
7/3/2020,24,2,2020,Mega Millions,Mega_Ball
7/7/2020,16,3,2020,Mega Millions,Main
7/7/2020,20,3,2020,Mega Millions,Main
7/7/2020,25,3,2020,Mega Millions,Main
7/7/2020,30,3,2020,Mega Millions,Main
7/7/2020,43,3,2020,Mega Millions,Main
7/7/2020,18,3,2020,Mega Millions,Mega_Ball
7/10/2020,10,5,2020,Mega Millions,Main
7/10/2020,15,5,2020,Mega Millions,Main
7/10/2020,20,5,2020,Mega Millions,Main
7/10/2020,49,5,2020,Mega Millions,Main
7/10/2020,53,5,2020,Mega Millions,Main
7/10/2020,22,5,2020,Mega Millions,Mega_Ball
7/14/2020,6,4,2020,Mega Millions,Main
7/14/2020,26,4,2020,Mega Millions,Main
7/14/2020,55,4,2020,Mega Millions,Main
7/14/2020,56,4,2020,Mega Millions,Main
7/14/2020,64,4,2020,Mega Millions,Main
7/14/2020,22,4,2020,Mega Millions,Mega_Ball
7/17/2020,12,3,2020,Mega Millions,Main
7/17/2020,13,3,2020,Mega Millions,Main
7/17/2020,21,3,2020,Mega Millions,Main
7/17/2020,46,3,2020,Mega Millions,Main
7/17/2020,57,3,2020,Mega Millions,Main
7/17/2020,21,3,2020,Mega Millions,Mega_Ball
7/21/2020,14,3,2020,Mega Millions,Main
7/21/2020,25,3,2020,Mega Millions,Main
7/21/2020,26,3,2020,Mega Millions,Main
7/21/2020,41,3,2020,Mega Millions,Main
7/21/2020,43,3,2020,Mega Millions,Main
7/21/2020,15,3,2020,Mega Millions,Mega_Ball
7/24/2020,8,3,2020,Mega Millions,Main
7/24/2020,33,3,2020,Mega Millions,Main
7/24/2020,39,3,2020,Mega Millions,Main
7/24/2020,54,3,2020,Mega Millions,Main
7/24/2020,58,3,2020,Mega Millions,Main
7/24/2020,17,3,2020,Mega Millions,Mega_Ball
7/28/2020,17,4,2020,Mega Millions,Main
7/28/2020,20,4,2020,Mega Millions,Main
7/28/2020,27,4,2020,Mega Millions,Main
7/28/2020,31,4,2020,Mega Millions,Main
7/28/2020,34,4,2020,Mega Millions,Main
7/28/2020,19,4,2020,Mega Millions,Mega_Ball
7/31/2020,12,2,2020,Mega Millions,Main
7/31/2020,35,2,2020,Mega Millions,Main
7/31/2020,46,2,2020,Mega Millions,Main
7/31/2020,48,2,2020,Mega Millions,Main
7/31/2020,69,2,2020,Mega Millions,Main
7/31/2020,23,2,2020,Mega Millions,Mega_Ball
8/4/2020,2,3,2020,Mega Millions,Main
8/4/2020,22,3,2020,Mega Millions,Main
8/4/2020,30,3,2020,Mega Millions,Main
8/4/2020,42,3,2020,Mega Millions,Main
8/4/2020,62,3,2020,Mega Millions,Main
8/4/2020,20,3,2020,Mega Millions,Mega_Ball
8/7/2020,4,2,2020,Mega Millions,Main
8/7/2020,44,2,2020,Mega Millions,Main
8/7/2020,53,2,2020,Mega Millions,Main
8/7/2020,64,2,2020,Mega Millions,Main
8/7/2020,70,2,2020,Mega Millions,Main
8/7/2020,3,2,2020,Mega Millions,Mega_Ball
8/11/2020,8,4,2020,Mega Millions,Main
8/11/2020,22,4,2020,Mega Millions,Main
8/11/2020,29,4,2020,Mega Millions,Main
8/11/2020,43,4,2020,Mega Millions,Main
8/11/2020,56,4,2020,Mega Millions,Main
8/11/2020,9,4,2020,Mega Millions,Mega_Ball
8/14/2020,3,2,2020,Mega Millions,Main
8/14/2020,24,2,2020,Mega Millions,Main
8/14/2020,29,2,2020,Mega Millions,Main
8/14/2020,42,2,2020,Mega Millions,Main
8/14/2020,47,2,2020,Mega Millions,Main
8/14/2020,13,2,2020,Mega Millions,Mega_Ball
8/18/2020,4,4,2020,Mega Millions,Main
8/18/2020,18,4,2020,Mega Millions,Main
8/18/2020,26,4,2020,Mega Millions,Main
8/18/2020,27,4,2020,Mega Millions,Main
8/18/2020,58,4,2020,Mega Millions,Main
8/18/2020,23,4,2020,Mega Millions,Mega_Ball
8/21/2020,11,2,2020,Mega Millions,Main
8/21/2020,15,2,2020,Mega Millions,Main
8/21/2020,31,2,2020,Mega Millions,Main
8/21/2020,42,2,2020,Mega Millions,Main
8/21/2020,63,2,2020,Mega Millions,Main
8/21/2020,14,2,2020,Mega Millions,Mega_Ball
8/25/2020,8,3,2020,Mega Millions,Main
8/25/2020,10,3,2020,Mega Millions,Main
8/25/2020,15,3,2020,Mega Millions,Main
8/25/2020,17,3,2020,Mega Millions,Main
8/25/2020,57,3,2020,Mega Millions,Main
8/25/2020,12,3,2020,Mega Millions,Mega_Ball
8/28/2020,3,3,2020,Mega Millions,Main
8/28/2020,9,3,2020,Mega Millions,Main
8/28/2020,50,3,2020,Mega Millions,Main
8/28/2020,53,3,2020,Mega Millions,Main
8/28/2020,64,3,2020,Mega Millions,Main
8/28/2020,1,3,2020,Mega Millions,Mega_Ball
9/1/2020,15,4,2020,Mega Millions,Main
9/1/2020,25,4,2020,Mega Millions,Main
9/1/2020,26,4,2020,Mega Millions,Main
9/1/2020,38,4,2020,Mega Millions,Main
9/1/2020,47,4,2020,Mega Millions,Main
9/1/2020,22,4,2020,Mega Millions,Mega_Ball
9/4/2020,19,3,2020,Mega Millions,Main
9/4/2020,22,3,2020,Mega Millions,Main
9/4/2020,24,3,2020,Mega Millions,Main
9/4/2020,28,3,2020,Mega Millions,Main
9/4/2020,53,3,2020,Mega Millions,Main
9/4/2020,25,3,2020,Mega Millions,Mega_Ball
9/8/2020,7,2,2020,Mega Millions,Main
9/8/2020,10,2,2020,Mega Millions,Main
9/8/2020,15,2,2020,Mega Millions,Main
9/8/2020,31,2,2020,Mega Millions,Main
9/8/2020,57,2,2020,Mega Millions,Main
9/8/2020,21,2,2020,Mega Millions,Mega_Ball
9/11/2020,3,2,2020,Mega Millions,Main
9/11/2020,15,2,2020,Mega Millions,Main
9/11/2020,42,2,2020,Mega Millions,Main
9/11/2020,48,2,2020,Mega Millions,Main
9/11/2020,56,2,2020,Mega Millions,Main
9/11/2020,13,2,2020,Mega Millions,Mega_Ball
9/15/2020,25,4,2020,Mega Millions,Main
9/15/2020,28,4,2020,Mega Millions,Main
9/15/2020,38,4,2020,Mega Millions,Main
9/15/2020,59,4,2020,Mega Millions,Main
9/15/2020,62,4,2020,Mega Millions,Main
9/15/2020,22,4,2020,Mega Millions,Mega_Ball
9/18/2020,26,3,2020,Mega Millions,Main
9/18/2020,29,3,2020,Mega Millions,Main
9/18/2020,41,3,2020,Mega Millions,Main
9/18/2020,52,3,2020,Mega Millions,Main
9/18/2020,64,3,2020,Mega Millions,Main
9/18/2020,11,3,2020,Mega Millions,Mega_Ball
9/22/2020,36,4,2020,Mega Millions,Main
9/22/2020,43,4,2020,Mega Millions,Main
9/22/2020,44,4,2020,Mega Millions,Main
9/22/2020,55,4,2020,Mega Millions,Main
9/22/2020,68,4,2020,Mega Millions,Main
9/22/2020,12,4,2020,Mega Millions,Mega_Ball
9/25/2020,20,2,2020,Mega Millions,Main
9/25/2020,36,2,2020,Mega Millions,Main
9/25/2020,37,2,2020,Mega Millions,Main
9/25/2020,48,2,2020,Mega Millions,Main
9/25/2020,67,2,2020,Mega Millions,Main
9/25/2020,16,2,2020,Mega Millions,Mega_Ball
9/29/2020,14,3,2020,Mega Millions,Main
9/29/2020,39,3,2020,Mega Millions,Main
9/29/2020,43,3,2020,Mega Millions,Main
9/29/2020,44,3,2020,Mega Millions,Main
9/29/2020,67,3,2020,Mega Millions,Main
9/29/2020,19,3,2020,Mega Millions,Mega_Ball
10/2/2020,9,2,2020,Mega Millions,Main
10/2/2020,38,2,2020,Mega Millions,Main
10/2/2020,47,2,2020,Mega Millions,Main
10/2/2020,49,2,2020,Mega Millions,Main
10/2/2020,68,2,2020,Mega Millions,Main
10/2/2020,25,2,2020,Mega Millions,Mega_Ball
10/6/2020,15,3,2020,Mega Millions,Main
10/6/2020,16,3,2020,Mega Millions,Main
10/6/2020,18,3,2020,Mega Millions,Main
10/6/2020,39,3,2020,Mega Millions,Main
10/6/2020,59,3,2020,Mega Millions,Main
10/6/2020,17,3,2020,Mega Millions,Mega_Ball
10/9/2020,5,2,2020,Mega Millions,Main
10/9/2020,11,2,2020,Mega Millions,Main
10/9/2020,25,2,2020,Mega Millions,Main
10/9/2020,27,2,2020,Mega Millions,Main
10/9/2020,64,2,2020,Mega Millions,Main
10/9/2020,13,2,2020,Mega Millions,Mega_Ball
10/13/2020,11,2,2020,Mega Millions,Main
10/13/2020,44,2,2020,Mega Millions,Main
10/13/2020,45,2,2020,Mega Millions,Main
10/13/2020,46,2,2020,Mega Millions,Main
10/13/2020,70,2,2020,Mega Millions,Main
10/13/2020,25,2,2020,Mega Millions,Mega_Ball
10/16/2020,27,5,2020,Mega Millions,Main
10/16/2020,32,5,2020,Mega Millions,Main
10/16/2020,50,5,2020,Mega Millions,Main
10/16/2020,52,5,2020,Mega Millions,Main
10/16/2020,57,5,2020,Mega Millions,Main
10/16/2020,12,5,2020,Mega Millions,Mega_Ball
10/20/2020,46,3,2020,Mega Millions,Main
10/20/2020,54,3,2020,Mega Millions,Main
10/20/2020,57,3,2020,Mega Millions,Main
10/20/2020,58,3,2020,Mega Millions,Main
10/20/2020,66,3,2020,Mega Millions,Main
10/20/2020,10,3,2020,Mega Millions,Mega_Ball
10/23/2020,18,2,2020,Mega Millions,Main
10/23/2020,34,2,2020,Mega Millions,Main
10/23/2020,44,2,2020,Mega Millions,Main
10/23/2020,60,2,2020,Mega Millions,Main
10/23/2020,69,2,2020,Mega Millions,Main
10/23/2020,22,2,2020,Mega Millions,Mega_Ball
10/27/2020,6,3,2020,Mega Millions,Main
10/27/2020,13,3,2020,Mega Millions,Main
10/27/2020,34,3,2020,Mega Millions,Main
10/27/2020,46,3,2020,Mega Millions,Main
10/27/2020,62,3,2020,Mega Millions,Main
10/27/2020,1,3,2020,Mega Millions,Mega_Ball
10/30/2020,14,2,2020,Mega Millions,Main
10/30/2020,19,2,2020,Mega Millions,Main
10/30/2020,34,2,2020,Mega Millions,Main
10/30/2020,39,2,2020,Mega Millions,Main
10/30/2020,59,2,2020,Mega Millions,Main
10/30/2020,11,2,2020,Mega Millions,Mega_Ball
11/3/2020,7,3,2020,Mega Millions,Main
11/3/2020,31,3,2020,Mega Millions,Main
11/3/2020,44,3,2020,Mega Millions,Main
11/3/2020,45,3,2020,Mega Millions,Main
11/3/2020,55,3,2020,Mega Millions,Main
11/3/2020,19,3,2020,Mega Millions,Mega_Ball
11/6/2020,18,2,2020,Mega Millions,Main
11/6/2020,24,2,2020,Mega Millions,Main
11/6/2020,27,2,2020,Mega Millions,Main
11/6/2020,34,2,2020,Mega Millions,Main
11/6/2020,60,2,2020,Mega Millions,Main
11/6/2020,2,2,2020,Mega Millions,Mega_Ball
11/10/2020,23,5,2020,Mega Millions,Main
11/10/2020,45,5,2020,Mega Millions,Main
11/10/2020,53,5,2020,Mega Millions,Main
11/10/2020,58,5,2020,Mega Millions,Main
11/10/2020,62,5,2020,Mega Millions,Main
11/10/2020,13,5,2020,Mega Millions,Mega_Ball
11/13/2020,6,2,2020,Mega Millions,Main
11/13/2020,7,2,2020,Mega Millions,Main
11/13/2020,14,2,2020,Mega Millions,Main
11/13/2020,28,2,2020,Mega Millions,Main
11/13/2020,59,2,2020,Mega Millions,Main
11/13/2020,7,2,2020,Mega Millions,Mega_Ball
11/17/2020,8,3,2020,Mega Millions,Main
11/17/2020,13,3,2020,Mega Millions,Main
11/17/2020,35,3,2020,Mega Millions,Main
11/17/2020,46,3,2020,Mega Millions,Main
11/17/2020,68,3,2020,Mega Millions,Main
11/17/2020,16,3,2020,Mega Millions,Mega_Ball
11/20/2020,26,3,2020,Mega Millions,Main
11/20/2020,33,3,2020,Mega Millions,Main
11/20/2020,45,3,2020,Mega Millions,Main
11/20/2020,61,3,2020,Mega Millions,Main
11/20/2020,68,3,2020,Mega Millions,Main
11/20/2020,17,3,2020,Mega Millions,Mega_Ball
11/24/2020,9,2,2020,Mega Millions,Main
11/24/2020,15,2,2020,Mega Millions,Main
11/24/2020,34,2,2020,Mega Millions,Main
11/24/2020,61,2,2020,Mega Millions,Main
11/24/2020,64,2,2020,Mega Millions,Main
11/24/2020,6,2,2020,Mega Millions,Mega_Ball
11/27/2020,4,2,2020,Mega Millions,Main
11/27/2020,10,2,2020,Mega Millions,Main
11/27/2020,27,2,2020,Mega Millions,Main
11/27/2020,35,2,2020,Mega Millions,Main
11/27/2020,58,2,2020,Mega Millions,Main
11/27/2020,10,2,2020,Mega Millions,Mega_Ball
12/1/2020,7,2,2020,Mega Millions,Main
12/1/2020,33,2,2020,Mega Millions,Main
12/1/2020,53,2,2020,Mega Millions,Main
12/1/2020,61,2,2020,Mega Millions,Main
12/1/2020,65,2,2020,Mega Millions,Main
12/1/2020,14,2,2020,Mega Millions,Mega_Ball
12/4/2020,3,3,2020,Mega Millions,Main
12/4/2020,19,3,2020,Mega Millions,Main
12/4/2020,24,3,2020,Mega Millions,Main
12/4/2020,44,3,2020,Mega Millions,Main
12/4/2020,50,3,2020,Mega Millions,Main
12/4/2020,8,3,2020,Mega Millions,Mega_Ball
12/8/2020,15,3,2020,Mega Millions,Main
12/8/2020,19,3,2020,Mega Millions,Main
12/8/2020,33,3,2020,Mega Millions,Main
12/8/2020,39,3,2020,Mega Millions,Main
12/8/2020,68,3,2020,Mega Millions,Main
12/8/2020,25,3,2020,Mega Millions,Mega_Ball
12/11/2020,19,4,2020,Mega Millions,Main
12/11/2020,31,4,2020,Mega Millions,Main
12/11/2020,37,4,2020,Mega Millions,Main
12/11/2020,55,4,2020,Mega Millions,Main
12/11/2020,67,4,2020,Mega Millions,Main
12/11/2020,25,4,2020,Mega Millions,Mega_Ball
12/15/2020,1,2,2020,Mega Millions,Main
12/15/2020,10,2,2020,Mega Millions,Main
12/15/2020,18,2,2020,Mega Millions,Main
12/15/2020,20,2,2020,Mega Millions,Main
12/15/2020,46,2,2020,Mega Millions,Main
12/15/2020,15,2,2020,Mega Millions,Mega_Ball
12/18/2020,7,3,2020,Mega Millions,Main
12/18/2020,15,3,2020,Mega Millions,Main
12/18/2020,25,3,2020,Mega Millions,Main
12/18/2020,51,3,2020,Mega Millions,Main
12/18/2020,60,3,2020,Mega Millions,Main
12/18/2020,5,3,2020,Mega Millions,Mega_Ball
12/22/2020,29,2,2020,Mega Millions,Main
12/22/2020,53,2,2020,Mega Millions,Main
12/22/2020,56,2,2020,Mega Millions,Main
12/22/2020,59,2,2020,Mega Millions,Main
12/22/2020,67,2,2020,Mega Millions,Main
12/22/2020,21,2,2020,Mega Millions,Mega_Ball
12/25/2020,17,2,2020,Mega Millions,Main
12/25/2020,23,2,2020,Mega Millions,Main
12/25/2020,36,2,2020,Mega Millions,Main
12/25/2020,69,2,2020,Mega Millions,Main
12/25/2020,70,2,2020,Mega Millions,Main
12/25/2020,19,2,2020,Mega Millions,Mega_Ball
12/29/2020,1,3,2020,Mega Millions,Main
12/29/2020,31,3,2020,Mega Millions,Main
12/29/2020,35,3,2020,Mega Millions,Main
12/29/2020,48,3,2020,Mega Millions,Main
12/29/2020,62,3,2020,Mega Millions,Main
12/29/2020,19,3,2020,Mega Millions,Mega_Ball
1/1/2021,8,5,2021,Mega Millions,Main
1/1/2021,24,5,2021,Mega Millions,Main
1/1/2021,53,5,2021,Mega Millions,Main
1/1/2021,68,5,2021,Mega Millions,Main
1/1/2021,69,5,2021,Mega Millions,Main
1/1/2021,7,5,2021,Mega Millions,Mega_Ball
1/5/2021,20,2,2021,Mega Millions,Main
1/5/2021,43,2,2021,Mega Millions,Main
1/5/2021,51,2,2021,Mega Millions,Main
1/5/2021,55,2,2021,Mega Millions,Main
1/5/2021,57,2,2021,Mega Millions,Main
1/5/2021,4,2,2021,Mega Millions,Mega_Ball
1/8/2021,3,2,2021,Mega Millions,Main
1/8/2021,6,2,2021,Mega Millions,Main
1/8/2021,16,2,2021,Mega Millions,Main
1/8/2021,18,2,2021,Mega Millions,Main
1/8/2021,58,2,2021,Mega Millions,Main
1/8/2021,11,2,2021,Mega Millions,Mega_Ball
1/12/2021,12,2,2021,Mega Millions,Main
1/12/2021,14,2,2021,Mega Millions,Main
1/12/2021,26,2,2021,Mega Millions,Main
1/12/2021,28,2,2021,Mega Millions,Main
1/12/2021,33,2,2021,Mega Millions,Main
1/12/2021,9,2,2021,Mega Millions,Mega_Ball
1/15/2021,3,4,2021,Mega Millions,Main
1/15/2021,11,4,2021,Mega Millions,Main
1/15/2021,12,4,2021,Mega Millions,Main
1/15/2021,38,4,2021,Mega Millions,Main
1/15/2021,43,4,2021,Mega Millions,Main
1/15/2021,15,4,2021,Mega Millions,Mega_Ball
1/19/2021,10,2,2021,Mega Millions,Main
1/19/2021,19,2,2021,Mega Millions,Main
1/19/2021,26,2,2021,Mega Millions,Main
1/19/2021,28,2,2021,Mega Millions,Main
1/19/2021,50,2,2021,Mega Millions,Main
1/19/2021,16,2,2021,Mega Millions,Mega_Ball
1/22/2021,4,2,2021,Mega Millions,Main
1/22/2021,26,2,2021,Mega Millions,Main
1/22/2021,42,2,2021,Mega Millions,Main
1/22/2021,50,2,2021,Mega Millions,Main
1/22/2021,60,2,2021,Mega Millions,Main
1/22/2021,24,2,2021,Mega Millions,Mega_Ball
1/26/2021,29,3,2021,Mega Millions,Main
1/26/2021,49,3,2021,Mega Millions,Main
1/26/2021,56,3,2021,Mega Millions,Main
1/26/2021,66,3,2021,Mega Millions,Main
1/26/2021,67,3,2021,Mega Millions,Main
1/26/2021,24,3,2021,Mega Millions,Mega_Ball
1/29/2021,4,3,2021,Mega Millions,Main
1/29/2021,44,3,2021,Mega Millions,Main
1/29/2021,58,3,2021,Mega Millions,Main
1/29/2021,59,3,2021,Mega Millions,Main
1/29/2021,70,3,2021,Mega Millions,Main
1/29/2021,3,3,2021,Mega Millions,Mega_Ball
2/2/2021,13,2,2021,Mega Millions,Main
2/2/2021,37,2,2021,Mega Millions,Main
2/2/2021,38,2,2021,Mega Millions,Main
2/2/2021,40,2,2021,Mega Millions,Main
2/2/2021,67,2,2021,Mega Millions,Main
2/2/2021,10,2,2021,Mega Millions,Mega_Ball
2/5/2021,14,4,2021,Mega Millions,Main
2/5/2021,17,4,2021,Mega Millions,Main
2/5/2021,28,4,2021,Mega Millions,Main
2/5/2021,29,4,2021,Mega Millions,Main
2/5/2021,44,4,2021,Mega Millions,Main
2/5/2021,2,4,2021,Mega Millions,Mega_Ball
2/9/2021,7,4,2021,Mega Millions,Main
2/9/2021,18,4,2021,Mega Millions,Main
2/9/2021,21,4,2021,Mega Millions,Main
2/9/2021,31,4,2021,Mega Millions,Main
2/9/2021,40,4,2021,Mega Millions,Main
2/9/2021,9,4,2021,Mega Millions,Mega_Ball
2/12/2021,5,3,2021,Mega Millions,Main
2/12/2021,14,3,2021,Mega Millions,Main
2/12/2021,24,3,2021,Mega Millions,Main
2/12/2021,25,3,2021,Mega Millions,Main
2/12/2021,27,3,2021,Mega Millions,Main
2/12/2021,14,3,2021,Mega Millions,Mega_Ball
2/16/2021,1,3,2021,Mega Millions,Main
2/16/2021,36,3,2021,Mega Millions,Main
2/16/2021,44,3,2021,Mega Millions,Main
2/16/2021,54,3,2021,Mega Millions,Main
2/16/2021,66,3,2021,Mega Millions,Main
2/16/2021,10,3,2021,Mega Millions,Mega_Ball
2/19/2021,27,4,2021,Mega Millions,Main
2/19/2021,32,4,2021,Mega Millions,Main
2/19/2021,47,4,2021,Mega Millions,Main
2/19/2021,50,4,2021,Mega Millions,Main
2/19/2021,53,4,2021,Mega Millions,Main
2/19/2021,4,4,2021,Mega Millions,Mega_Ball
2/23/2021,5,3,2021,Mega Millions,Main
2/23/2021,7,3,2021,Mega Millions,Main
2/23/2021,9,3,2021,Mega Millions,Main
2/23/2021,20,3,2021,Mega Millions,Main
2/23/2021,57,3,2021,Mega Millions,Main
2/23/2021,15,3,2021,Mega Millions,Mega_Ball
2/26/2021,11,2,2021,Mega Millions,Main
2/26/2021,15,2,2021,Mega Millions,Main
2/26/2021,37,2,2021,Mega Millions,Main
2/26/2021,62,2,2021,Mega Millions,Main
2/26/2021,64,2,2021,Mega Millions,Main
2/26/2021,5,2,2021,Mega Millions,Mega_Ball
3/2/2021,4,2,2021,Mega Millions,Main
3/2/2021,8,2,2021,Mega Millions,Main
3/2/2021,13,2,2021,Mega Millions,Main
3/2/2021,34,2,2021,Mega Millions,Main
3/2/2021,64,2,2021,Mega Millions,Main
3/2/2021,18,2,2021,Mega Millions,Mega_Ball
3/5/2021,10,2,2021,Mega Millions,Main
3/5/2021,11,2,2021,Mega Millions,Main
3/5/2021,17,2,2021,Mega Millions,Main
3/5/2021,27,2,2021,Mega Millions,Main
3/5/2021,54,2,2021,Mega Millions,Main
3/5/2021,20,2,2021,Mega Millions,Mega_Ball
3/9/2021,4,2,2021,Mega Millions,Main
3/9/2021,33,2,2021,Mega Millions,Main
3/9/2021,46,2,2021,Mega Millions,Main
3/9/2021,58,2,2021,Mega Millions,Main
3/9/2021,65,2,2021,Mega Millions,Main
3/9/2021,13,2,2021,Mega Millions,Mega_Ball
3/12/2021,2,4,2021,Mega Millions,Main
3/12/2021,24,4,2021,Mega Millions,Main
3/12/2021,25,4,2021,Mega Millions,Main
3/12/2021,31,4,2021,Mega Millions,Main
3/12/2021,65,4,2021,Mega Millions,Main
3/12/2021,18,4,2021,Mega Millions,Mega_Ball
3/16/2021,10,2,2021,Mega Millions,Main
3/16/2021,41,2,2021,Mega Millions,Main
3/16/2021,46,2,2021,Mega Millions,Main
3/16/2021,52,2,2021,Mega Millions,Main
3/16/2021,69,2,2021,Mega Millions,Main
3/16/2021,8,2,2021,Mega Millions,Mega_Ball
3/19/2021,9,3,2021,Mega Millions,Main
3/19/2021,14,3,2021,Mega Millions,Main
3/19/2021,40,3,2021,Mega Millions,Main
3/19/2021,58,3,2021,Mega Millions,Main
3/19/2021,69,3,2021,Mega Millions,Main
3/19/2021,8,3,2021,Mega Millions,Mega_Ball
3/23/2021,12,2,2021,Mega Millions,Main
3/23/2021,23,2,2021,Mega Millions,Main
3/23/2021,35,2,2021,Mega Millions,Main
3/23/2021,38,2,2021,Mega Millions,Main
3/23/2021,55,2,2021,Mega Millions,Main
3/23/2021,11,2,2021,Mega Millions,Mega_Ball
3/26/2021,4,3,2021,Mega Millions,Main
3/26/2021,25,3,2021,Mega Millions,Main
3/26/2021,37,3,2021,Mega Millions,Main
3/26/2021,46,3,2021,Mega Millions,Main
3/26/2021,67,3,2021,Mega Millions,Main
3/26/2021,15,3,2021,Mega Millions,Mega_Ball
3/30/2021,11,3,2021,Mega Millions,Main
3/30/2021,37,3,2021,Mega Millions,Main
3/30/2021,47,3,2021,Mega Millions,Main
3/30/2021,53,3,2021,Mega Millions,Main
3/30/2021,56,3,2021,Mega Millions,Main
3/30/2021,15,3,2021,Mega Millions,Mega_Ball
4/2/2021,10,2,2021,Mega Millions,Main
4/2/2021,42,2,2021,Mega Millions,Main
4/2/2021,48,2,2021,Mega Millions,Main
4/2/2021,53,2,2021,Mega Millions,Main
4/2/2021,62,2,2021,Mega Millions,Main
4/2/2021,19,2,2021,Mega Millions,Mega_Ball
4/6/2021,1,3,2021,Mega Millions,Main
4/6/2021,19,3,2021,Mega Millions,Main
4/6/2021,20,3,2021,Mega Millions,Main
4/6/2021,32,3,2021,Mega Millions,Main
4/6/2021,42,3,2021,Mega Millions,Main
4/6/2021,17,3,2021,Mega Millions,Mega_Ball
4/9/2021,22,2,2021,Mega Millions,Main
4/9/2021,26,2,2021,Mega Millions,Main
4/9/2021,27,2,2021,Mega Millions,Main
4/9/2021,58,2,2021,Mega Millions,Main
4/9/2021,66,2,2021,Mega Millions,Main
4/9/2021,12,2,2021,Mega Millions,Mega_Ball
4/13/2021,10,4,2021,Mega Millions,Main
4/13/2021,15,4,2021,Mega Millions,Main
4/13/2021,19,4,2021,Mega Millions,Main
4/13/2021,45,4,2021,Mega Millions,Main
4/13/2021,68,4,2021,Mega Millions,Main
4/13/2021,9,4,2021,Mega Millions,Mega_Ball
4/16/2021,17,4,2021,Mega Millions,Main
4/16/2021,27,4,2021,Mega Millions,Main
4/16/2021,28,4,2021,Mega Millions,Main
4/16/2021,50,4,2021,Mega Millions,Main
4/16/2021,55,4,2021,Mega Millions,Main
4/16/2021,25,4,2021,Mega Millions,Mega_Ball
4/20/2021,6,3,2021,Mega Millions,Main
4/20/2021,23,3,2021,Mega Millions,Main
4/20/2021,43,3,2021,Mega Millions,Main
4/20/2021,49,3,2021,Mega Millions,Main
4/20/2021,52,3,2021,Mega Millions,Main
4/20/2021,5,3,2021,Mega Millions,Mega_Ball
4/23/2021,4,3,2021,Mega Millions,Main
4/23/2021,28,3,2021,Mega Millions,Main
4/23/2021,29,3,2021,Mega Millions,Main
4/23/2021,30,3,2021,Mega Millions,Main
4/23/2021,60,3,2021,Mega Millions,Main
4/23/2021,25,3,2021,Mega Millions,Mega_Ball
4/27/2021,15,4,2021,Mega Millions,Main
4/27/2021,22,4,2021,Mega Millions,Main
4/27/2021,30,4,2021,Mega Millions,Main
4/27/2021,41,4,2021,Mega Millions,Main
4/27/2021,42,4,2021,Mega Millions,Main
4/27/2021,25,4,2021,Mega Millions,Mega_Ball
4/30/2021,8,3,2021,Mega Millions,Main
4/30/2021,19,3,2021,Mega Millions,Main
4/30/2021,26,3,2021,Mega Millions,Main
4/30/2021,48,3,2021,Mega Millions,Main
4/30/2021,49,3,2021,Mega Millions,Main
4/30/2021,5,3,2021,Mega Millions,Mega_Ball
5/4/2021,4,3,2021,Mega Millions,Main
5/4/2021,27,3,2021,Mega Millions,Main
5/4/2021,32,3,2021,Mega Millions,Main
5/4/2021,57,3,2021,Mega Millions,Main
5/4/2021,63,3,2021,Mega Millions,Main
5/4/2021,22,3,2021,Mega Millions,Mega_Ball
5/7/2021,5,4,2021,Mega Millions,Main
5/7/2021,10,4,2021,Mega Millions,Main
5/7/2021,19,4,2021,Mega Millions,Main
5/7/2021,21,4,2021,Mega Millions,Main
5/7/2021,50,4,2021,Mega Millions,Main
5/7/2021,10,4,2021,Mega Millions,Mega_Ball
5/11/2021,7,3,2021,Mega Millions,Main
5/11/2021,8,3,2021,Mega Millions,Main
5/11/2021,20,3,2021,Mega Millions,Main
5/11/2021,36,3,2021,Mega Millions,Main
5/11/2021,39,3,2021,Mega Millions,Main
5/11/2021,22,3,2021,Mega Millions,Mega_Ball
5/14/2021,3,2,2021,Mega Millions,Main
5/14/2021,18,2,2021,Mega Millions,Main
5/14/2021,41,2,2021,Mega Millions,Main
5/14/2021,44,2,2021,Mega Millions,Main
5/14/2021,68,2,2021,Mega Millions,Main
5/14/2021,3,2,2021,Mega Millions,Mega_Ball
5/18/2021,3,2,2021,Mega Millions,Main
5/18/2021,5,2,2021,Mega Millions,Main
5/18/2021,56,2,2021,Mega Millions,Main
5/18/2021,61,2,2021,Mega Millions,Main
5/18/2021,66,2,2021,Mega Millions,Main
5/18/2021,4,2,2021,Mega Millions,Mega_Ball
5/21/2021,6,3,2021,Mega Millions,Main
5/21/2021,9,3,2021,Mega Millions,Main
5/21/2021,17,3,2021,Mega Millions,Main
5/21/2021,18,3,2021,Mega Millions,Main
5/21/2021,48,3,2021,Mega Millions,Main
5/21/2021,8,3,2021,Mega Millions,Mega_Ball
5/25/2021,14,3,2021,Mega Millions,Main
5/25/2021,21,3,2021,Mega Millions,Main
5/25/2021,31,3,2021,Mega Millions,Main
5/25/2021,34,3,2021,Mega Millions,Main
5/25/2021,54,3,2021,Mega Millions,Main
5/25/2021,11,3,2021,Mega Millions,Mega_Ball
5/28/2021,10,2,2021,Mega Millions,Main
5/28/2021,14,2,2021,Mega Millions,Main
5/28/2021,20,2,2021,Mega Millions,Main
5/28/2021,47,2,2021,Mega Millions,Main
5/28/2021,70,2,2021,Mega Millions,Main
5/28/2021,15,2,2021,Mega Millions,Mega_Ball
6/1/2021,7,2,2021,Mega Millions,Main
6/1/2021,11,2,2021,Mega Millions,Main
6/1/2021,33,2,2021,Mega Millions,Main
6/1/2021,58,2,2021,Mega Millions,Main
6/1/2021,63,2,2021,Mega Millions,Main
6/1/2021,23,2,2021,Mega Millions,Mega_Ball
6/4/2021,4,3,2021,Mega Millions,Main
6/4/2021,30,3,2021,Mega Millions,Main
6/4/2021,34,3,2021,Mega Millions,Main
6/4/2021,41,3,2021,Mega Millions,Main
6/4/2021,64,3,2021,Mega Millions,Main
6/4/2021,8,3,2021,Mega Millions,Mega_Ball
6/8/2021,9,3,2021,Mega Millions,Main
6/8/2021,22,3,2021,Mega Millions,Main
6/8/2021,39,3,2021,Mega Millions,Main
6/8/2021,41,3,2021,Mega Millions,Main
6/8/2021,54,3,2021,Mega Millions,Main
6/8/2021,19,3,2021,Mega Millions,Mega_Ball
6/11/2021,4,4,2021,Mega Millions,Main
6/11/2021,43,4,2021,Mega Millions,Main
6/11/2021,56,4,2021,Mega Millions,Main
6/11/2021,63,4,2021,Mega Millions,Main
6/11/2021,68,4,2021,Mega Millions,Main
6/11/2021,13,4,2021,Mega Millions,Mega_Ball
6/15/2021,18,4,2021,Mega Millions,Main
6/15/2021,22,4,2021,Mega Millions,Main
6/15/2021,27,4,2021,Mega Millions,Main
6/15/2021,38,4,2021,Mega Millions,Main
6/15/2021,52,4,2021,Mega Millions,Main
6/15/2021,11,4,2021,Mega Millions,Mega_Ball
6/18/2021,14,2,2021,Mega Millions,Main
6/18/2021,36,2,2021,Mega Millions,Main
6/18/2021,44,2,2021,Mega Millions,Main
6/18/2021,46,2,2021,Mega Millions,Main
6/18/2021,53,2,2021,Mega Millions,Main
6/18/2021,18,2,2021,Mega Millions,Mega_Ball
6/22/2021,1,4,2021,Mega Millions,Main
6/22/2021,26,4,2021,Mega Millions,Main
6/22/2021,48,4,2021,Mega Millions,Main
6/22/2021,51,4,2021,Mega Millions,Main
6/22/2021,59,4,2021,Mega Millions,Main
6/22/2021,25,4,2021,Mega Millions,Mega_Ball
6/25/2021,17,4,2021,Mega Millions,Main
6/25/2021,20,4,2021,Mega Millions,Main
6/25/2021,42,4,2021,Mega Millions,Main
6/25/2021,45,4,2021,Mega Millions,Main
6/25/2021,65,4,2021,Mega Millions,Main
6/25/2021,12,4,2021,Mega Millions,Mega_Ball
6/29/2021,7,3,2021,Mega Millions,Main
6/29/2021,38,3,2021,Mega Millions,Main
6/29/2021,50,3,2021,Mega Millions,Main
6/29/2021,52,3,2021,Mega Millions,Main
6/29/2021,69,3,2021,Mega Millions,Main
6/29/2021,21,3,2021,Mega Millions,Mega_Ball
7/2/2021,8,2,2021,Mega Millions,Main
7/2/2021,31,2,2021,Mega Millions,Main
7/2/2021,32,2,2021,Mega Millions,Main
7/2/2021,34,2,2021,Mega Millions,Main
7/2/2021,45,2,2021,Mega Millions,Main
7/2/2021,19,2,2021,Mega Millions,Mega_Ball
7/6/2021,18,3,2021,Mega Millions,Main
7/6/2021,47,3,2021,Mega Millions,Main
7/6/2021,63,3,2021,Mega Millions,Main
7/6/2021,68,3,2021,Mega Millions,Main
7/6/2021,69,3,2021,Mega Millions,Main
7/6/2021,14,3,2021,Mega Millions,Mega_Ball
7/9/2021,6,2,2021,Mega Millions,Main
7/9/2021,37,2,2021,Mega Millions,Main
7/9/2021,39,2,2021,Mega Millions,Main
7/9/2021,41,2,2021,Mega Millions,Main
7/9/2021,46,2,2021,Mega Millions,Main
7/9/2021,17,2,2021,Mega Millions,Mega_Ball
7/13/2021,3,2,2021,Mega Millions,Main
7/13/2021,10,2,2021,Mega Millions,Main
7/13/2021,17,2,2021,Mega Millions,Main
7/13/2021,26,2,2021,Mega Millions,Main
7/13/2021,55,2,2021,Mega Millions,Main
7/13/2021,24,2,2021,Mega Millions,Mega_Ball
7/16/2021,24,4,2021,Mega Millions,Main
7/16/2021,25,4,2021,Mega Millions,Main
7/16/2021,47,4,2021,Mega Millions,Main
7/16/2021,52,4,2021,Mega Millions,Main
7/16/2021,57,4,2021,Mega Millions,Main
7/16/2021,24,4,2021,Mega Millions,Mega_Ball
7/20/2021,10,2,2021,Mega Millions,Main
7/20/2021,26,2,2021,Mega Millions,Main
7/20/2021,30,2,2021,Mega Millions,Main
7/20/2021,52,2,2021,Mega Millions,Main
7/20/2021,57,2,2021,Mega Millions,Main
7/20/2021,10,2,2021,Mega Millions,Mega_Ball
7/23/2021,13,3,2021,Mega Millions,Main
7/23/2021,17,3,2021,Mega Millions,Main
7/23/2021,19,3,2021,Mega Millions,Main
7/23/2021,40,3,2021,Mega Millions,Main
7/23/2021,69,3,2021,Mega Millions,Main
7/23/2021,17,3,2021,Mega Millions,Mega_Ball
7/27/2021,2,3,2021,Mega Millions,Main
7/27/2021,35,3,2021,Mega Millions,Main
7/27/2021,36,3,2021,Mega Millions,Main
7/27/2021,54,3,2021,Mega Millions,Main
7/27/2021,64,3,2021,Mega Millions,Main
7/27/2021,11,3,2021,Mega Millions,Mega_Ball
7/30/2021,19,3,2021,Mega Millions,Main
7/30/2021,26,3,2021,Mega Millions,Main
7/30/2021,31,3,2021,Mega Millions,Main
7/30/2021,52,3,2021,Mega Millions,Main
7/30/2021,68,3,2021,Mega Millions,Main
7/30/2021,10,3,2021,Mega Millions,Mega_Ball
8/3/2021,1,2,2021,Mega Millions,Main
8/3/2021,9,2,2021,Mega Millions,Main
8/3/2021,17,2,2021,Mega Millions,Main
8/3/2021,27,2,2021,Mega Millions,Main
8/3/2021,34,2,2021,Mega Millions,Main
8/3/2021,24,2,2021,Mega Millions,Mega_Ball
8/6/2021,9,2,2021,Mega Millions,Main
8/6/2021,18,2,2021,Mega Millions,Main
8/6/2021,40,2,2021,Mega Millions,Main
8/6/2021,46,2,2021,Mega Millions,Main
8/6/2021,69,2,2021,Mega Millions,Main
8/6/2021,9,2,2021,Mega Millions,Mega_Ball
8/10/2021,29,2,2021,Mega Millions,Main
8/10/2021,45,2,2021,Mega Millions,Main
8/10/2021,50,2,2021,Mega Millions,Main
8/10/2021,59,2,2021,Mega Millions,Main
8/10/2021,62,2,2021,Mega Millions,Main
8/10/2021,12,2,2021,Mega Millions,Mega_Ball
8/13/2021,17,2,2021,Mega Millions,Main
8/13/2021,21,2,2021,Mega Millions,Main
8/13/2021,35,2,2021,Mega Millions,Main
8/13/2021,40,2,2021,Mega Millions,Main
8/13/2021,53,2,2021,Mega Millions,Main
8/13/2021,11,2,2021,Mega Millions,Mega_Ball
8/17/2021,3,3,2021,Mega Millions,Main
8/17/2021,6,3,2021,Mega Millions,Main
8/17/2021,16,3,2021,Mega Millions,Main
8/17/2021,38,3,2021,Mega Millions,Main
8/17/2021,56,3,2021,Mega Millions,Main
8/17/2021,24,3,2021,Mega Millions,Mega_Ball
8/20/2021,41,2,2021,Mega Millions,Main
8/20/2021,43,2,2021,Mega Millions,Main
8/20/2021,51,2,2021,Mega Millions,Main
8/20/2021,57,2,2021,Mega Millions,Main
8/20/2021,70,2,2021,Mega Millions,Main
8/20/2021,1,2,2021,Mega Millions,Mega_Ball
8/24/2021,17,2,2021,Mega Millions,Main
8/24/2021,18,2,2021,Mega Millions,Main
8/24/2021,26,2,2021,Mega Millions,Main
8/24/2021,52,2,2021,Mega Millions,Main
8/24/2021,67,2,2021,Mega Millions,Main
8/24/2021,19,2,2021,Mega Millions,Mega_Ball
8/27/2021,1,3,2021,Mega Millions,Main
8/27/2021,10,3,2021,Mega Millions,Main
8/27/2021,44,3,2021,Mega Millions,Main
8/27/2021,47,3,2021,Mega Millions,Main
8/27/2021,56,3,2021,Mega Millions,Main
8/27/2021,23,3,2021,Mega Millions,Mega_Ball
8/31/2021,8,3,2021,Mega Millions,Main
8/31/2021,14,3,2021,Mega Millions,Main
8/31/2021,31,3,2021,Mega Millions,Main
8/31/2021,58,3,2021,Mega Millions,Main
8/31/2021,68,3,2021,Mega Millions,Main
8/31/2021,15,3,2021,Mega Millions,Mega_Ball
9/3/2021,7,2,2021,Mega Millions,Main
9/3/2021,10,2,2021,Mega Millions,Main
9/3/2021,12,2,2021,Mega Millions,Main
9/3/2021,61,2,2021,Mega Millions,Main
9/3/2021,65,2,2021,Mega Millions,Main
9/3/2021,3,2,2021,Mega Millions,Mega_Ball
9/7/2021,15,3,2021,Mega Millions,Main
9/7/2021,17,3,2021,Mega Millions,Main
9/7/2021,25,3,2021,Mega Millions,Main
9/7/2021,32,3,2021,Mega Millions,Main
9/7/2021,53,3,2021,Mega Millions,Main
9/7/2021,12,3,2021,Mega Millions,Mega_Ball
9/10/2021,20,2,2021,Mega Millions,Main
9/10/2021,32,2,2021,Mega Millions,Main
9/10/2021,35,2,2021,Mega Millions,Main
9/10/2021,47,2,2021,Mega Millions,Main
9/10/2021,64,2,2021,Mega Millions,Main
9/10/2021,18,2,2021,Mega Millions,Mega_Ball
9/14/2021,4,2,2021,Mega Millions,Main
9/14/2021,13,2,2021,Mega Millions,Main
9/14/2021,19,2,2021,Mega Millions,Main
9/14/2021,63,2,2021,Mega Millions,Main
9/14/2021,64,2,2021,Mega Millions,Main
9/14/2021,16,2,2021,Mega Millions,Mega_Ball
9/17/2021,17,3,2021,Mega Millions,Main
9/17/2021,32,3,2021,Mega Millions,Main
9/17/2021,40,3,2021,Mega Millions,Main
9/17/2021,59,3,2021,Mega Millions,Main
9/17/2021,61,3,2021,Mega Millions,Main
9/17/2021,18,3,2021,Mega Millions,Mega_Ball
9/21/2021,36,3,2021,Mega Millions,Main
9/21/2021,41,3,2021,Mega Millions,Main
9/21/2021,45,3,2021,Mega Millions,Main
9/21/2021,51,3,2021,Mega Millions,Main
9/21/2021,56,3,2021,Mega Millions,Main
9/21/2021,13,3,2021,Mega Millions,Mega_Ball
9/24/2021,17,3,2021,Mega Millions,Main
9/24/2021,21,3,2021,Mega Millions,Main
9/24/2021,27,3,2021,Mega Millions,Main
9/24/2021,43,3,2021,Mega Millions,Main
9/24/2021,56,3,2021,Mega Millions,Main
9/24/2021,15,3,2021,Mega Millions,Mega_Ball
9/28/2021,18,4,2021,Mega Millions,Main
9/28/2021,30,4,2021,Mega Millions,Main
9/28/2021,43,4,2021,Mega Millions,Main
9/28/2021,68,4,2021,Mega Millions,Main
9/28/2021,69,4,2021,Mega Millions,Main
9/28/2021,22,4,2021,Mega Millions,Mega_Ball
10/1/2021,21,2,2021,Mega Millions,Main
10/1/2021,25,2,2021,Mega Millions,Main
10/1/2021,36,2,2021,Mega Millions,Main
10/1/2021,62,2,2021,Mega Millions,Main
10/1/2021,63,2,2021,Mega Millions,Main
10/1/2021,6,2,2021,Mega Millions,Mega_Ball
10/5/2021,7,3,2021,Mega Millions,Main
10/5/2021,11,3,2021,Mega Millions,Main
10/5/2021,18,3,2021,Mega Millions,Main
10/5/2021,30,3,2021,Mega Millions,Main
10/5/2021,36,3,2021,Mega Millions,Main
10/5/2021,4,3,2021,Mega Millions,Mega_Ball
10/8/2021,21,5,2021,Mega Millions,Main
10/8/2021,24,5,2021,Mega Millions,Main
10/8/2021,36,5,2021,Mega Millions,Main
10/8/2021,40,5,2021,Mega Millions,Main
10/8/2021,70,5,2021,Mega Millions,Main
10/8/2021,22,5,2021,Mega Millions,Mega_Ball
10/12/2021,21,3,2021,Mega Millions,Main
10/12/2021,26,3,2021,Mega Millions,Main
10/12/2021,56,3,2021,Mega Millions,Main
10/12/2021,61,3,2021,Mega Millions,Main
10/12/2021,65,3,2021,Mega Millions,Main
10/12/2021,4,3,2021,Mega Millions,Mega_Ball
10/15/2021,3,3,2021,Mega Millions,Main
10/15/2021,20,3,2021,Mega Millions,Main
10/15/2021,31,3,2021,Mega Millions,Main
10/15/2021,34,3,2021,Mega Millions,Main
10/15/2021,65,3,2021,Mega Millions,Main
10/15/2021,18,3,2021,Mega Millions,Mega_Ball
10/19/2021,3,3,2021,Mega Millions,Main
10/19/2021,12,3,2021,Mega Millions,Main
10/19/2021,13,3,2021,Mega Millions,Main
10/19/2021,19,3,2021,Mega Millions,Main
10/19/2021,52,3,2021,Mega Millions,Main
10/19/2021,1,3,2021,Mega Millions,Mega_Ball
10/22/2021,9,3,2021,Mega Millions,Main
10/22/2021,14,3,2021,Mega Millions,Main
10/22/2021,26,3,2021,Mega Millions,Main
10/22/2021,29,3,2021,Mega Millions,Main
10/22/2021,66,3,2021,Mega Millions,Main
10/22/2021,22,3,2021,Mega Millions,Mega_Ball
10/26/2021,6,4,2021,Mega Millions,Main
10/26/2021,14,4,2021,Mega Millions,Main
10/26/2021,19,4,2021,Mega Millions,Main
10/26/2021,56,4,2021,Mega Millions,Main
10/26/2021,62,4,2021,Mega Millions,Main
10/26/2021,9,4,2021,Mega Millions,Mega_Ball
10/29/2021,15,3,2021,Mega Millions,Main
10/29/2021,26,3,2021,Mega Millions,Main
10/29/2021,28,3,2021,Mega Millions,Main
10/29/2021,35,3,2021,Mega Millions,Main
10/29/2021,45,3,2021,Mega Millions,Main
10/29/2021,4,3,2021,Mega Millions,Mega_Ball
11/2/2021,5,2,2021,Mega Millions,Main
11/2/2021,10,2,2021,Mega Millions,Main
11/2/2021,26,2,2021,Mega Millions,Main
11/2/2021,58,2,2021,Mega Millions,Main
11/2/2021,65,2,2021,Mega Millions,Main
11/2/2021,9,2,2021,Mega Millions,Mega_Ball
11/5/2021,10,2,2021,Mega Millions,Main
11/5/2021,15,2,2021,Mega Millions,Main
11/5/2021,20,2,2021,Mega Millions,Main
11/5/2021,66,2,2021,Mega Millions,Main
11/5/2021,68,2,2021,Mega Millions,Main
11/5/2021,18,2,2021,Mega Millions,Mega_Ball
11/9/2021,9,3,2021,Mega Millions,Main
11/9/2021,14,3,2021,Mega Millions,Main
11/9/2021,16,3,2021,Mega Millions,Main
11/9/2021,26,3,2021,Mega Millions,Main
11/9/2021,49,3,2021,Mega Millions,Main
11/9/2021,14,3,2021,Mega Millions,Mega_Ball
11/12/2021,30,2,2021,Mega Millions,Main
11/12/2021,32,2,2021,Mega Millions,Main
11/12/2021,42,2,2021,Mega Millions,Main
11/12/2021,46,2,2021,Mega Millions,Main
11/12/2021,48,2,2021,Mega Millions,Main
11/12/2021,15,2,2021,Mega Millions,Mega_Ball
11/16/2021,6,3,2021,Mega Millions,Main
11/16/2021,22,3,2021,Mega Millions,Main
11/16/2021,44,3,2021,Mega Millions,Main
11/16/2021,53,3,2021,Mega Millions,Main
11/16/2021,65,3,2021,Mega Millions,Main
11/16/2021,3,3,2021,Mega Millions,Mega_Ball
11/19/2021,5,5,2021,Mega Millions,Main
11/19/2021,23,5,2021,Mega Millions,Main
11/19/2021,52,5,2021,Mega Millions,Main
11/19/2021,53,5,2021,Mega Millions,Main
11/19/2021,59,5,2021,Mega Millions,Main
11/19/2021,18,5,2021,Mega Millions,Mega_Ball
11/23/2021,7,3,2021,Mega Millions,Main
11/23/2021,24,3,2021,Mega Millions,Main
11/23/2021,54,3,2021,Mega Millions,Main
11/23/2021,57,3,2021,Mega Millions,Main
11/23/2021,58,3,2021,Mega Millions,Main
11/23/2021,6,3,2021,Mega Millions,Mega_Ball
11/26/2021,7,2,2021,Mega Millions,Main
11/26/2021,27,2,2021,Mega Millions,Main
11/26/2021,37,2,2021,Mega Millions,Main
11/26/2021,42,2,2021,Mega Millions,Main
11/26/2021,59,2,2021,Mega Millions,Main
11/26/2021,2,2,2021,Mega Millions,Mega_Ball
11/30/2021,7,2,2021,Mega Millions,Main
11/30/2021,8,2,2021,Mega Millions,Main
11/30/2021,26,2,2021,Mega Millions,Main
11/30/2021,30,2,2021,Mega Millions,Main
11/30/2021,39,2,2021,Mega Millions,Main
11/30/2021,17,2,2021,Mega Millions,Mega_Ball
12/3/2021,22,5,2021,Mega Millions,Main
12/3/2021,45,5,2021,Mega Millions,Main
12/3/2021,48,5,2021,Mega Millions,Main
12/3/2021,58,5,2021,Mega Millions,Main
12/3/2021,61,5,2021,Mega Millions,Main
12/3/2021,13,5,2021,Mega Millions,Mega_Ball
12/7/2021,1,2,2021,Mega Millions,Main
12/7/2021,7,2,2021,Mega Millions,Main
12/7/2021,40,2,2021,Mega Millions,Main
12/7/2021,43,2,2021,Mega Millions,Main
12/7/2021,68,2,2021,Mega Millions,Main
12/7/2021,1,2,2021,Mega Millions,Mega_Ball
12/10/2021,23,2,2021,Mega Millions,Main
12/10/2021,25,2,2021,Mega Millions,Main
12/10/2021,40,2,2021,Mega Millions,Main
12/10/2021,42,2,2021,Mega Millions,Main
12/10/2021,60,2,2021,Mega Millions,Main
12/10/2021,8,2,2021,Mega Millions,Mega_Ball
12/14/2021,33,3,2021,Mega Millions,Main
12/14/2021,35,3,2021,Mega Millions,Main
12/14/2021,44,3,2021,Mega Millions,Main
12/14/2021,55,3,2021,Mega Millions,Main
12/14/2021,69,3,2021,Mega Millions,Main
12/14/2021,20,3,2021,Mega Millions,Mega_Ball
12/17/2021,21,3,2021,Mega Millions,Main
12/17/2021,32,3,2021,Mega Millions,Main
12/17/2021,38,3,2021,Mega Millions,Main
12/17/2021,48,3,2021,Mega Millions,Main
12/17/2021,62,3,2021,Mega Millions,Main
12/17/2021,10,3,2021,Mega Millions,Mega_Ball
12/21/2021,25,3,2021,Mega Millions,Main
12/21/2021,31,3,2021,Mega Millions,Main
12/21/2021,58,3,2021,Mega Millions,Main
12/21/2021,64,3,2021,Mega Millions,Main
12/21/2021,67,3,2021,Mega Millions,Main
12/21/2021,24,3,2021,Mega Millions,Mega_Ball
12/24/2021,16,2,2021,Mega Millions,Main
12/24/2021,17,2,2021,Mega Millions,Main
12/24/2021,25,2,2021,Mega Millions,Main
12/24/2021,36,2,2021,Mega Millions,Main
12/24/2021,37,2,2021,Mega Millions,Main
12/24/2021,16,2,2021,Mega Millions,Mega_Ball
12/28/2021,3,3,2021,Mega Millions,Main
12/28/2021,5,3,2021,Mega Millions,Main
12/28/2021,8,3,2021,Mega Millions,Main
12/28/2021,31,3,2021,Mega Millions,Main
12/28/2021,38,3,2021,Mega Millions,Main
12/28/2021,4,3,2021,Mega Millions,Mega_Ball
12/31/2021,2,3,2021,Mega Millions,Main
12/31/2021,5,3,2021,Mega Millions,Main
12/31/2021,30,3,2021,Mega Millions,Main
12/31/2021,46,3,2021,Mega Millions,Main
12/31/2021,61,3,2021,Mega Millions,Main
12/31/2021,8,3,2021,Mega Millions,Mega_Ball
1/4/2022,4,3,2022,Mega Millions,Main
1/4/2022,6,3,2022,Mega Millions,Main
1/4/2022,16,3,2022,Mega Millions,Main
1/4/2022,21,3,2022,Mega Millions,Main
1/4/2022,22,3,2022,Mega Millions,Main
1/4/2022,1,3,2022,Mega Millions,Mega_Ball
1/7/2022,7,3,2022,Mega Millions,Main
1/7/2022,29,3,2022,Mega Millions,Main
1/7/2022,43,3,2022,Mega Millions,Main
1/7/2022,56,3,2022,Mega Millions,Main
1/7/2022,57,3,2022,Mega Millions,Main
1/7/2022,6,3,2022,Mega Millions,Mega_Ball
1/11/2022,2,2,2022,Mega Millions,Main
1/11/2022,3,2,2022,Mega Millions,Main
1/11/2022,19,2,2022,Mega Millions,Main
1/11/2022,52,2,2022,Mega Millions,Main
1/11/2022,58,2,2022,Mega Millions,Main
1/11/2022,16,2,2022,Mega Millions,Mega_Ball
1/14/2022,5,2,2022,Mega Millions,Main
1/14/2022,8,2,2022,Mega Millions,Main
1/14/2022,13,2,2022,Mega Millions,Main
1/14/2022,22,2,2022,Mega Millions,Main
1/14/2022,48,2,2022,Mega Millions,Main
1/14/2022,25,2,2022,Mega Millions,Mega_Ball
1/18/2022,4,4,2022,Mega Millions,Main
1/18/2022,19,4,2022,Mega Millions,Main
1/18/2022,39,4,2022,Mega Millions,Main
1/18/2022,42,4,2022,Mega Millions,Main
1/18/2022,52,4,2022,Mega Millions,Main
1/18/2022,9,4,2022,Mega Millions,Mega_Ball
1/21/2022,38,2,2022,Mega Millions,Main
1/21/2022,45,2,2022,Mega Millions,Main
1/21/2022,46,2,2022,Mega Millions,Main
1/21/2022,55,2,2022,Mega Millions,Main
1/21/2022,67,2,2022,Mega Millions,Main
1/21/2022,18,2,2022,Mega Millions,Mega_Ball
1/25/2022,3,3,2022,Mega Millions,Main
1/25/2022,12,3,2022,Mega Millions,Main
1/25/2022,38,3,2022,Mega Millions,Main
1/25/2022,53,3,2022,Mega Millions,Main
1/25/2022,58,3,2022,Mega Millions,Main
1/25/2022,13,3,2022,Mega Millions,Mega_Ball
1/28/2022,3,3,2022,Mega Millions,Main
1/28/2022,16,3,2022,Mega Millions,Main
1/28/2022,25,3,2022,Mega Millions,Main
1/28/2022,44,3,2022,Mega Millions,Main
1/28/2022,55,3,2022,Mega Millions,Main
1/28/2022,13,3,2022,Mega Millions,Mega_Ball
2/1/2022,11,4,2022,Mega Millions,Main
2/1/2022,24,4,2022,Mega Millions,Main
2/1/2022,38,4,2022,Mega Millions,Main
2/1/2022,62,4,2022,Mega Millions,Main
2/1/2022,66,4,2022,Mega Millions,Main
2/1/2022,1,4,2022,Mega Millions,Mega_Ball
2/4/2022,7,4,2022,Mega Millions,Main
2/4/2022,16,4,2022,Mega Millions,Main
2/4/2022,34,4,2022,Mega Millions,Main
2/4/2022,44,4,2022,Mega Millions,Main
2/4/2022,61,4,2022,Mega Millions,Main
2/4/2022,24,4,2022,Mega Millions,Mega_Ball
2/8/2022,1,3,2022,Mega Millions,Main
2/8/2022,17,3,2022,Mega Millions,Main
2/8/2022,20,3,2022,Mega Millions,Main
2/8/2022,52,3,2022,Mega Millions,Main
2/8/2022,54,3,2022,Mega Millions,Main
2/8/2022,2,3,2022,Mega Millions,Mega_Ball
2/11/2022,11,3,2022,Mega Millions,Main
2/11/2022,16,3,2022,Mega Millions,Main
2/11/2022,23,3,2022,Mega Millions,Main
2/11/2022,24,3,2022,Mega Millions,Main
2/11/2022,30,3,2022,Mega Millions,Main
2/11/2022,24,3,2022,Mega Millions,Mega_Ball
2/15/2022,2,3,2022,Mega Millions,Main
2/15/2022,4,3,2022,Mega Millions,Main
2/15/2022,15,3,2022,Mega Millions,Main
2/15/2022,21,3,2022,Mega Millions,Main
2/15/2022,63,3,2022,Mega Millions,Main
2/15/2022,19,3,2022,Mega Millions,Mega_Ball
2/18/2022,6,4,2022,Mega Millions,Main
2/18/2022,11,4,2022,Mega Millions,Main
2/18/2022,50,4,2022,Mega Millions,Main
2/18/2022,63,4,2022,Mega Millions,Main
2/18/2022,68,4,2022,Mega Millions,Main
2/18/2022,17,4,2022,Mega Millions,Mega_Ball
2/22/2022,6,3,2022,Mega Millions,Main
2/22/2022,17,3,2022,Mega Millions,Main
2/22/2022,22,3,2022,Mega Millions,Main
2/22/2022,57,3,2022,Mega Millions,Main
2/22/2022,62,3,2022,Mega Millions,Main
2/22/2022,3,3,2022,Mega Millions,Mega_Ball
2/25/2022,15,3,2022,Mega Millions,Main
2/25/2022,31,3,2022,Mega Millions,Main
2/25/2022,40,3,2022,Mega Millions,Main
2/25/2022,56,3,2022,Mega Millions,Main
2/25/2022,66,3,2022,Mega Millions,Main
2/25/2022,4,3,2022,Mega Millions,Mega_Ball
3/1/2022,18,2,2022,Mega Millions,Main
3/1/2022,22,2,2022,Mega Millions,Main
3/1/2022,38,2,2022,Mega Millions,Main
3/1/2022,39,2,2022,Mega Millions,Main
3/1/2022,50,2,2022,Mega Millions,Main
3/1/2022,18,2,2022,Mega Millions,Mega_Ball
3/4/2022,11,4,2022,Mega Millions,Main
3/4/2022,19,4,2022,Mega Millions,Main
3/4/2022,28,4,2022,Mega Millions,Main
3/4/2022,46,4,2022,Mega Millions,Main
3/4/2022,47,4,2022,Mega Millions,Main
3/4/2022,5,4,2022,Mega Millions,Mega_Ball
3/8/2022,7,3,2022,Mega Millions,Main
3/8/2022,18,3,2022,Mega Millions,Main
3/8/2022,38,3,2022,Mega Millions,Main
3/8/2022,58,3,2022,Mega Millions,Main
3/8/2022,64,3,2022,Mega Millions,Main
3/8/2022,24,3,2022,Mega Millions,Mega_Ball
3/11/2022,24,3,2022,Mega Millions,Main
3/11/2022,28,3,2022,Mega Millions,Main
3/11/2022,39,3,2022,Mega Millions,Main
3/11/2022,44,3,2022,Mega Millions,Main
3/11/2022,66,3,2022,Mega Millions,Main
3/11/2022,25,3,2022,Mega Millions,Mega_Ball
3/15/2022,9,5,2022,Mega Millions,Main
3/15/2022,14,5,2022,Mega Millions,Main
3/15/2022,28,5,2022,Mega Millions,Main
3/15/2022,59,5,2022,Mega Millions,Main
3/15/2022,60,5,2022,Mega Millions,Main
3/15/2022,24,5,2022,Mega Millions,Mega_Ball
3/18/2022,2,4,2022,Mega Millions,Main
3/18/2022,6,4,2022,Mega Millions,Main
3/18/2022,25,4,2022,Mega Millions,Main
3/18/2022,40,4,2022,Mega Millions,Main
3/18/2022,45,4,2022,Mega Millions,Main
3/18/2022,5,4,2022,Mega Millions,Mega_Ball
3/22/2022,8,3,2022,Mega Millions,Main
3/22/2022,15,3,2022,Mega Millions,Main
3/22/2022,21,3,2022,Mega Millions,Main
3/22/2022,27,3,2022,Mega Millions,Main
3/22/2022,61,3,2022,Mega Millions,Main
3/22/2022,8,3,2022,Mega Millions,Mega_Ball
3/25/2022,3,2,2022,Mega Millions,Main
3/25/2022,13,2,2022,Mega Millions,Main
3/25/2022,42,2,2022,Mega Millions,Main
3/25/2022,51,2,2022,Mega Millions,Main
3/25/2022,58,2,2022,Mega Millions,Main
3/25/2022,17,2,2022,Mega Millions,Mega_Ball
3/29/2022,7,2,2022,Mega Millions,Main
3/29/2022,22,2,2022,Mega Millions,Main
3/29/2022,36,2,2022,Mega Millions,Main
3/29/2022,45,2,2022,Mega Millions,Main
3/29/2022,47,2,2022,Mega Millions,Main
3/29/2022,12,2,2022,Mega Millions,Mega_Ball
4/1/2022,26,5,2022,Mega Millions,Main
4/1/2022,42,5,2022,Mega Millions,Main
4/1/2022,47,5,2022,Mega Millions,Main
4/1/2022,48,5,2022,Mega Millions,Main
4/1/2022,63,5,2022,Mega Millions,Main
4/1/2022,21,5,2022,Mega Millions,Mega_Ball
4/5/2022,22,2,2022,Mega Millions,Main
4/5/2022,43,2,2022,Mega Millions,Main
4/5/2022,60,2,2022,Mega Millions,Main
4/5/2022,63,2,2022,Mega Millions,Main
4/5/2022,64,2,2022,Mega Millions,Main
4/5/2022,18,2,2022,Mega Millions,Mega_Ball
4/8/2022,8,3,2022,Mega Millions,Main
4/8/2022,11,3,2022,Mega Millions,Main
4/8/2022,29,3,2022,Mega Millions,Main
4/8/2022,32,3,2022,Mega Millions,Main
4/8/2022,40,3,2022,Mega Millions,Main
4/8/2022,2,3,2022,Mega Millions,Mega_Ball
4/12/2022,2,2,2022,Mega Millions,Main
4/12/2022,8,2,2022,Mega Millions,Main
4/12/2022,14,2,2022,Mega Millions,Main
4/12/2022,20,2,2022,Mega Millions,Main
4/12/2022,31,2,2022,Mega Millions,Main
4/12/2022,17,2,2022,Mega Millions,Mega_Ball
4/15/2022,4,4,2022,Mega Millions,Main
4/15/2022,17,4,2022,Mega Millions,Main
4/15/2022,20,4,2022,Mega Millions,Main
4/15/2022,46,4,2022,Mega Millions,Main
4/15/2022,64,4,2022,Mega Millions,Main
4/15/2022,23,4,2022,Mega Millions,Mega_Ball
4/19/2022,2,3,2022,Mega Millions,Main
4/19/2022,9,3,2022,Mega Millions,Main
4/19/2022,33,3,2022,Mega Millions,Main
4/19/2022,47,3,2022,Mega Millions,Main
4/19/2022,53,3,2022,Mega Millions,Main
4/19/2022,24,3,2022,Mega Millions,Mega_Ball
4/22/2022,7,3,2022,Mega Millions,Main
4/22/2022,28,3,2022,Mega Millions,Main
4/22/2022,29,3,2022,Mega Millions,Main
4/22/2022,58,3,2022,Mega Millions,Main
4/22/2022,59,3,2022,Mega Millions,Main
4/22/2022,10,3,2022,Mega Millions,Mega_Ball
4/26/2022,5,4,2022,Mega Millions,Main
4/26/2022,7,4,2022,Mega Millions,Main
4/26/2022,19,4,2022,Mega Millions,Main
4/26/2022,46,4,2022,Mega Millions,Main
4/26/2022,69,4,2022,Mega Millions,Main
4/26/2022,2,4,2022,Mega Millions,Mega_Ball
4/29/2022,9,2,2022,Mega Millions,Main
4/29/2022,11,2,2022,Mega Millions,Main
4/29/2022,34,2,2022,Mega Millions,Main
4/29/2022,49,2,2022,Mega Millions,Main
4/29/2022,66,2,2022,Mega Millions,Main
4/29/2022,15,2,2022,Mega Millions,Mega_Ball
5/3/2022,15,2,2022,Mega Millions,Main
5/3/2022,19,2,2022,Mega Millions,Main
5/3/2022,27,2,2022,Mega Millions,Main
5/3/2022,35,2,2022,Mega Millions,Main
5/3/2022,57,2,2022,Mega Millions,Main
5/3/2022,17,2,2022,Mega Millions,Mega_Ball
5/6/2022,16,2,2022,Mega Millions,Main
5/6/2022,21,2,2022,Mega Millions,Main
5/6/2022,33,2,2022,Mega Millions,Main
5/6/2022,52,2,2022,Mega Millions,Main
5/6/2022,70,2,2022,Mega Millions,Main
5/6/2022,10,2,2022,Mega Millions,Mega_Ball
5/10/2022,15,3,2022,Mega Millions,Main
5/10/2022,19,3,2022,Mega Millions,Main
5/10/2022,20,3,2022,Mega Millions,Main
5/10/2022,61,3,2022,Mega Millions,Main
5/10/2022,70,3,2022,Mega Millions,Main
5/10/2022,6,3,2022,Mega Millions,Mega_Ball
5/13/2022,11,3,2022,Mega Millions,Main
5/13/2022,41,3,2022,Mega Millions,Main
5/13/2022,43,3,2022,Mega Millions,Main
5/13/2022,44,3,2022,Mega Millions,Main
5/13/2022,65,3,2022,Mega Millions,Main
5/13/2022,13,3,2022,Mega Millions,Mega_Ball
5/17/2022,7,4,2022,Mega Millions,Main
5/17/2022,21,4,2022,Mega Millions,Main
5/17/2022,24,4,2022,Mega Millions,Main
5/17/2022,41,4,2022,Mega Millions,Main
5/17/2022,65,4,2022,Mega Millions,Main
5/17/2022,24,4,2022,Mega Millions,Mega_Ball
5/20/2022,33,3,2022,Mega Millions,Main
5/20/2022,40,3,2022,Mega Millions,Main
5/20/2022,59,3,2022,Mega Millions,Main
5/20/2022,60,3,2022,Mega Millions,Main
5/20/2022,69,3,2022,Mega Millions,Main
5/20/2022,22,3,2022,Mega Millions,Mega_Ball
5/24/2022,3,3,2022,Mega Millions,Main
5/24/2022,5,3,2022,Mega Millions,Main
5/24/2022,6,3,2022,Mega Millions,Main
5/24/2022,63,3,2022,Mega Millions,Main
5/24/2022,68,3,2022,Mega Millions,Main
5/24/2022,25,3,2022,Mega Millions,Mega_Ball
5/27/2022,3,3,2022,Mega Millions,Main
5/27/2022,14,3,2022,Mega Millions,Main
5/27/2022,40,3,2022,Mega Millions,Main
5/27/2022,53,3,2022,Mega Millions,Main
5/27/2022,54,3,2022,Mega Millions,Main
5/27/2022,8,3,2022,Mega Millions,Mega_Ball
5/31/2022,6,4,2022,Mega Millions,Main
5/31/2022,15,4,2022,Mega Millions,Main
5/31/2022,41,4,2022,Mega Millions,Main
5/31/2022,63,4,2022,Mega Millions,Main
5/31/2022,64,4,2022,Mega Millions,Main
5/31/2022,24,4,2022,Mega Millions,Mega_Ball
6/3/2022,11,4,2022,Mega Millions,Main
6/3/2022,16,4,2022,Mega Millions,Main
6/3/2022,22,4,2022,Mega Millions,Main
6/3/2022,48,4,2022,Mega Millions,Main
6/3/2022,59,4,2022,Mega Millions,Main
6/3/2022,11,4,2022,Mega Millions,Mega_Ball
6/7/2022,4,4,2022,Mega Millions,Main
6/7/2022,34,4,2022,Mega Millions,Main
6/7/2022,40,4,2022,Mega Millions,Main
6/7/2022,41,4,2022,Mega Millions,Main
6/7/2022,53,4,2022,Mega Millions,Main
6/7/2022,3,4,2022,Mega Millions,Mega_Ball
6/10/2022,3,5,2022,Mega Millions,Main
6/10/2022,12,5,2022,Mega Millions,Main
6/10/2022,14,5,2022,Mega Millions,Main
6/10/2022,18,5,2022,Mega Millions,Main
6/10/2022,32,5,2022,Mega Millions,Main
6/10/2022,4,5,2022,Mega Millions,Mega_Ball
6/14/2022,30,2,2022,Mega Millions,Main
6/14/2022,37,2,2022,Mega Millions,Main
6/14/2022,38,2,2022,Mega Millions,Main
6/14/2022,42,2,2022,Mega Millions,Main
6/14/2022,58,2,2022,Mega Millions,Main
6/14/2022,22,2,2022,Mega Millions,Mega_Ball
6/17/2022,20,2,2022,Mega Millions,Main
6/17/2022,36,2,2022,Mega Millions,Main
6/17/2022,53,2,2022,Mega Millions,Main
6/17/2022,56,2,2022,Mega Millions,Main
6/17/2022,69,2,2022,Mega Millions,Main
6/17/2022,16,2,2022,Mega Millions,Mega_Ball
6/21/2022,8,3,2022,Mega Millions,Main
6/21/2022,13,3,2022,Mega Millions,Main
6/21/2022,18,3,2022,Mega Millions,Main
6/21/2022,32,3,2022,Mega Millions,Main
6/21/2022,42,3,2022,Mega Millions,Main
6/21/2022,20,3,2022,Mega Millions,Mega_Ball
6/24/2022,1,2,2022,Mega Millions,Main
6/24/2022,7,2,2022,Mega Millions,Main
6/24/2022,11,2,2022,Mega Millions,Main
6/24/2022,25,2,2022,Mega Millions,Main
6/24/2022,56,2,2022,Mega Millions,Main
6/24/2022,14,2,2022,Mega Millions,Mega_Ball
6/28/2022,7,2,2022,Mega Millions,Main
6/28/2022,12,2,2022,Mega Millions,Main
6/28/2022,21,2,2022,Mega Millions,Main
6/28/2022,43,2,2022,Mega Millions,Main
6/28/2022,55,2,2022,Mega Millions,Main
6/28/2022,11,2,2022,Mega Millions,Mega_Ball
7/1/2022,1,3,2022,Mega Millions,Main
7/1/2022,27,3,2022,Mega Millions,Main
7/1/2022,29,3,2022,Mega Millions,Main
7/1/2022,38,3,2022,Mega Millions,Main
7/1/2022,62,3,2022,Mega Millions,Main
7/1/2022,12,3,2022,Mega Millions,Mega_Ball
7/5/2022,27,4,2022,Mega Millions,Main
7/5/2022,31,4,2022,Mega Millions,Main
7/5/2022,50,4,2022,Mega Millions,Main
7/5/2022,51,4,2022,Mega Millions,Main
7/5/2022,61,4,2022,Mega Millions,Main
7/5/2022,21,4,2022,Mega Millions,Mega_Ball
7/8/2022,20,3,2022,Mega Millions,Main
7/8/2022,36,3,2022,Mega Millions,Main
7/8/2022,61,3,2022,Mega Millions,Main
7/8/2022,62,3,2022,Mega Millions,Main
7/8/2022,69,3,2022,Mega Millions,Main
7/8/2022,20,3,2022,Mega Millions,Mega_Ball
7/12/2022,4,2,2022,Mega Millions,Main
7/12/2022,7,2,2022,Mega Millions,Main
7/12/2022,10,2,2022,Mega Millions,Main
7/12/2022,45,2,2022,Mega Millions,Main
7/12/2022,64,2,2022,Mega Millions,Main
7/12/2022,12,2,2022,Mega Millions,Mega_Ball
7/15/2022,8,5,2022,Mega Millions,Main
7/15/2022,20,5,2022,Mega Millions,Main
7/15/2022,26,5,2022,Mega Millions,Main
7/15/2022,53,5,2022,Mega Millions,Main
7/15/2022,64,5,2022,Mega Millions,Main
7/15/2022,15,5,2022,Mega Millions,Mega_Ball
7/19/2022,2,3,2022,Mega Millions,Main
7/19/2022,31,3,2022,Mega Millions,Main
7/19/2022,32,3,2022,Mega Millions,Main
7/19/2022,37,3,2022,Mega Millions,Main
7/19/2022,70,3,2022,Mega Millions,Main
7/19/2022,25,3,2022,Mega Millions,Mega_Ball
7/22/2022,14,3,2022,Mega Millions,Main
7/22/2022,40,3,2022,Mega Millions,Main
7/22/2022,60,3,2022,Mega Millions,Main
7/22/2022,64,3,2022,Mega Millions,Main
7/22/2022,66,3,2022,Mega Millions,Main
7/22/2022,16,3,2022,Mega Millions,Mega_Ball
7/26/2022,7,3,2022,Mega Millions,Main
7/26/2022,29,3,2022,Mega Millions,Main
7/26/2022,60,3,2022,Mega Millions,Main
7/26/2022,63,3,2022,Mega Millions,Main
7/26/2022,66,3,2022,Mega Millions,Main
7/26/2022,15,3,2022,Mega Millions,Mega_Ball
7/29/2022,13,2,2022,Mega Millions,Main
7/29/2022,36,2,2022,Mega Millions,Main
7/29/2022,45,2,2022,Mega Millions,Main
7/29/2022,57,2,2022,Mega Millions,Main
7/29/2022,67,2,2022,Mega Millions,Main
7/29/2022,14,2,2022,Mega Millions,Mega_Ball
8/2/2022,10,3,2022,Mega Millions,Main
8/2/2022,14,3,2022,Mega Millions,Main
8/2/2022,25,3,2022,Mega Millions,Main
8/2/2022,37,3,2022,Mega Millions,Main
8/2/2022,63,3,2022,Mega Millions,Main
8/2/2022,14,3,2022,Mega Millions,Mega_Ball
8/5/2022,2,3,2022,Mega Millions,Main
8/5/2022,5,3,2022,Mega Millions,Main
8/5/2022,29,3,2022,Mega Millions,Main
8/5/2022,64,3,2022,Mega Millions,Main
8/5/2022,69,3,2022,Mega Millions,Main
8/5/2022,18,3,2022,Mega Millions,Mega_Ball
8/9/2022,1,3,2022,Mega Millions,Main
8/9/2022,8,3,2022,Mega Millions,Main
8/9/2022,10,3,2022,Mega Millions,Main
8/9/2022,25,3,2022,Mega Millions,Main
8/9/2022,32,3,2022,Mega Millions,Main
8/9/2022,13,3,2022,Mega Millions,Mega_Ball
8/12/2022,23,3,2022,Mega Millions,Main
8/12/2022,24,3,2022,Mega Millions,Main
8/12/2022,50,3,2022,Mega Millions,Main
8/12/2022,54,3,2022,Mega Millions,Main
8/12/2022,64,3,2022,Mega Millions,Main
8/12/2022,3,3,2022,Mega Millions,Mega_Ball
8/16/2022,33,2,2022,Mega Millions,Main
8/16/2022,35,2,2022,Mega Millions,Main
8/16/2022,41,2,2022,Mega Millions,Main
8/16/2022,45,2,2022,Mega Millions,Main
8/16/2022,51,2,2022,Mega Millions,Main
8/16/2022,1,2,2022,Mega Millions,Mega_Ball
8/19/2022,12,4,2022,Mega Millions,Main
8/19/2022,18,4,2022,Mega Millions,Main
8/19/2022,24,4,2022,Mega Millions,Main
8/19/2022,46,4,2022,Mega Millions,Main
8/19/2022,65,4,2022,Mega Millions,Main
8/19/2022,3,4,2022,Mega Millions,Mega_Ball
8/23/2022,3,2,2022,Mega Millions,Main
8/23/2022,5,2,2022,Mega Millions,Main
8/23/2022,47,2,2022,Mega Millions,Main
8/23/2022,48,2,2022,Mega Millions,Main
8/23/2022,67,2,2022,Mega Millions,Main
8/23/2022,7,2,2022,Mega Millions,Mega_Ball
8/26/2022,6,2,2022,Mega Millions,Main
8/26/2022,27,2,2022,Mega Millions,Main
8/26/2022,30,2,2022,Mega Millions,Main
8/26/2022,38,2,2022,Mega Millions,Main
8/26/2022,64,2,2022,Mega Millions,Main
8/26/2022,23,2,2022,Mega Millions,Mega_Ball
8/30/2022,2,3,2022,Mega Millions,Main
8/30/2022,38,3,2022,Mega Millions,Main
8/30/2022,55,3,2022,Mega Millions,Main
8/30/2022,57,3,2022,Mega Millions,Main
8/30/2022,65,3,2022,Mega Millions,Main
8/30/2022,17,3,2022,Mega Millions,Mega_Ball
9/2/2022,39,2,2022,Mega Millions,Main
9/2/2022,40,2,2022,Mega Millions,Main
9/2/2022,52,2,2022,Mega Millions,Main
9/2/2022,60,2,2022,Mega Millions,Main
9/2/2022,67,2,2022,Mega Millions,Main
9/2/2022,20,2,2022,Mega Millions,Mega_Ball
9/6/2022,6,4,2022,Mega Millions,Main
9/6/2022,17,4,2022,Mega Millions,Main
9/6/2022,46,4,2022,Mega Millions,Main
9/6/2022,59,4,2022,Mega Millions,Main
9/6/2022,68,4,2022,Mega Millions,Main
9/6/2022,2,4,2022,Mega Millions,Mega_Ball
9/9/2022,16,2,2022,Mega Millions,Main
9/9/2022,21,2,2022,Mega Millions,Main
9/9/2022,54,2,2022,Mega Millions,Main
9/9/2022,55,2,2022,Mega Millions,Main
9/9/2022,69,2,2022,Mega Millions,Main
9/9/2022,22,2,2022,Mega Millions,Mega_Ball
9/13/2022,14,4,2022,Mega Millions,Main
9/13/2022,25,4,2022,Mega Millions,Main
9/13/2022,38,4,2022,Mega Millions,Main
9/13/2022,59,4,2022,Mega Millions,Main
9/13/2022,64,4,2022,Mega Millions,Main
9/13/2022,21,4,2022,Mega Millions,Mega_Ball
9/16/2022,15,4,2022,Mega Millions,Main
9/16/2022,30,4,2022,Mega Millions,Main
9/16/2022,35,4,2022,Mega Millions,Main
9/16/2022,38,4,2022,Mega Millions,Main
9/16/2022,66,4,2022,Mega Millions,Main
9/16/2022,12,4,2022,Mega Millions,Mega_Ball
9/20/2022,9,5,2022,Mega Millions,Main
9/20/2022,21,5,2022,Mega Millions,Main
9/20/2022,28,5,2022,Mega Millions,Main
9/20/2022,30,5,2022,Mega Millions,Main
9/20/2022,52,5,2022,Mega Millions,Main
9/20/2022,10,5,2022,Mega Millions,Mega_Ball
9/23/2022,5,4,2022,Mega Millions,Main
9/23/2022,50,4,2022,Mega Millions,Main
9/23/2022,53,4,2022,Mega Millions,Main
9/23/2022,58,4,2022,Mega Millions,Main
9/23/2022,64,4,2022,Mega Millions,Main
9/23/2022,22,4,2022,Mega Millions,Mega_Ball
9/27/2022,8,3,2022,Mega Millions,Main
9/27/2022,14,3,2022,Mega Millions,Main
9/27/2022,24,3,2022,Mega Millions,Main
9/27/2022,43,3,2022,Mega Millions,Main
9/27/2022,51,3,2022,Mega Millions,Main
9/27/2022,9,3,2022,Mega Millions,Mega_Ball
9/30/2022,16,4,2022,Mega Millions,Main
9/30/2022,26,4,2022,Mega Millions,Main
9/30/2022,37,4,2022,Mega Millions,Main
9/30/2022,40,4,2022,Mega Millions,Main
9/30/2022,51,4,2022,Mega Millions,Main
9/30/2022,6,4,2022,Mega Millions,Mega_Ball
10/4/2022,15,2,2022,Mega Millions,Main
10/4/2022,18,2,2022,Mega Millions,Main
10/4/2022,25,2,2022,Mega Millions,Main
10/4/2022,33,2,2022,Mega Millions,Main
10/4/2022,38,2,2022,Mega Millions,Main
10/4/2022,25,2,2022,Mega Millions,Mega_Ball
10/7/2022,6,2,2022,Mega Millions,Main
10/7/2022,11,2,2022,Mega Millions,Main
10/7/2022,29,2,2022,Mega Millions,Main
10/7/2022,36,2,2022,Mega Millions,Main
10/7/2022,55,2,2022,Mega Millions,Main
10/7/2022,21,2,2022,Mega Millions,Mega_Ball
10/11/2022,3,3,2022,Mega Millions,Main
10/11/2022,7,3,2022,Mega Millions,Main
10/11/2022,11,3,2022,Mega Millions,Main
10/11/2022,13,3,2022,Mega Millions,Main
10/11/2022,38,3,2022,Mega Millions,Main
10/11/2022,1,3,2022,Mega Millions,Mega_Ball
10/14/2022,9,2,2022,Mega Millions,Main
10/14/2022,22,2,2022,Mega Millions,Main
10/14/2022,26,2,2022,Mega Millions,Main
10/14/2022,41,2,2022,Mega Millions,Main
10/14/2022,44,2,2022,Mega Millions,Main
10/14/2022,19,2,2022,Mega Millions,Mega_Ball
10/18/2022,1,3,2022,Mega Millions,Main
10/18/2022,15,3,2022,Mega Millions,Main
10/18/2022,20,3,2022,Mega Millions,Main
10/18/2022,44,3,2022,Mega Millions,Main
10/18/2022,67,3,2022,Mega Millions,Main
10/18/2022,23,3,2022,Mega Millions,Mega_Ball
10/21/2022,34,2,2022,Mega Millions,Main
10/21/2022,36,2,2022,Mega Millions,Main
10/21/2022,43,2,2022,Mega Millions,Main
10/21/2022,45,2,2022,Mega Millions,Main
10/21/2022,68,2,2022,Mega Millions,Main
10/21/2022,22,2,2022,Mega Millions,Mega_Ball
10/25/2022,21,3,2022,Mega Millions,Main
10/25/2022,30,3,2022,Mega Millions,Main
10/25/2022,35,3,2022,Mega Millions,Main
10/25/2022,45,3,2022,Mega Millions,Main
10/25/2022,66,3,2022,Mega Millions,Main
10/25/2022,21,3,2022,Mega Millions,Mega_Ball
10/28/2022,4,2,2022,Mega Millions,Main
10/28/2022,18,2,2022,Mega Millions,Main
10/28/2022,31,2,2022,Mega Millions,Main
10/28/2022,53,2,2022,Mega Millions,Main
10/28/2022,69,2,2022,Mega Millions,Main
10/28/2022,7,2,2022,Mega Millions,Mega_Ball
11/1/2022,5,3,2022,Mega Millions,Main
11/1/2022,9,3,2022,Mega Millions,Main
11/1/2022,15,3,2022,Mega Millions,Main
11/1/2022,16,3,2022,Mega Millions,Main
11/1/2022,17,3,2022,Mega Millions,Main
11/1/2022,25,3,2022,Mega Millions,Mega_Ball
11/4/2022,2,2,2022,Mega Millions,Main
11/4/2022,20,2,2022,Mega Millions,Main
11/4/2022,47,2,2022,Mega Millions,Main
11/4/2022,55,2,2022,Mega Millions,Main
11/4/2022,59,2,2022,Mega Millions,Main
11/4/2022,19,2,2022,Mega Millions,Mega_Ball
11/8/2022,5,4,2022,Mega Millions,Main
11/8/2022,13,4,2022,Mega Millions,Main
11/8/2022,29,4,2022,Mega Millions,Main
11/8/2022,38,4,2022,Mega Millions,Main
11/8/2022,59,4,2022,Mega Millions,Main
11/8/2022,23,4,2022,Mega Millions,Mega_Ball
11/11/2022,1,3,2022,Mega Millions,Main
11/11/2022,5,3,2022,Mega Millions,Main
11/11/2022,17,3,2022,Mega Millions,Main
11/11/2022,37,3,2022,Mega Millions,Main
11/11/2022,70,3,2022,Mega Millions,Main
11/11/2022,22,3,2022,Mega Millions,Mega_Ball
11/15/2022,6,2,2022,Mega Millions,Main
11/15/2022,19,2,2022,Mega Millions,Main
11/15/2022,28,2,2022,Mega Millions,Main
11/15/2022,46,2,2022,Mega Millions,Main
11/15/2022,61,2,2022,Mega Millions,Main
11/15/2022,18,2,2022,Mega Millions,Mega_Ball
11/18/2022,2,4,2022,Mega Millions,Main
11/18/2022,14,4,2022,Mega Millions,Main
11/18/2022,16,4,2022,Mega Millions,Main
11/18/2022,38,4,2022,Mega Millions,Main
11/18/2022,66,4,2022,Mega Millions,Main
11/18/2022,9,4,2022,Mega Millions,Mega_Ball
11/22/2022,13,3,2022,Mega Millions,Main
11/22/2022,23,3,2022,Mega Millions,Main
11/22/2022,24,3,2022,Mega Millions,Main
11/22/2022,25,3,2022,Mega Millions,Main
11/22/2022,43,3,2022,Mega Millions,Main
11/22/2022,2,3,2022,Mega Millions,Mega_Ball
11/25/2022,29,2,2022,Mega Millions,Main
11/25/2022,31,2,2022,Mega Millions,Main
11/25/2022,46,2,2022,Mega Millions,Main
11/25/2022,54,2,2022,Mega Millions,Main
11/25/2022,67,2,2022,Mega Millions,Main
11/25/2022,18,2,2022,Mega Millions,Mega_Ball
11/29/2022,20,4,2022,Mega Millions,Main
11/29/2022,23,4,2022,Mega Millions,Main
11/29/2022,37,4,2022,Mega Millions,Main
11/29/2022,46,4,2022,Mega Millions,Main
11/29/2022,52,4,2022,Mega Millions,Main
11/29/2022,6,4,2022,Mega Millions,Mega_Ball
12/2/2022,1,3,2022,Mega Millions,Main
12/2/2022,21,3,2022,Mega Millions,Main
12/2/2022,36,3,2022,Mega Millions,Main
12/2/2022,46,3,2022,Mega Millions,Main
12/2/2022,52,3,2022,Mega Millions,Main
12/2/2022,16,3,2022,Mega Millions,Mega_Ball
12/6/2022,15,3,2022,Mega Millions,Main
12/6/2022,16,3,2022,Mega Millions,Main
12/6/2022,19,3,2022,Mega Millions,Main
12/6/2022,28,3,2022,Mega Millions,Main
12/6/2022,47,3,2022,Mega Millions,Main
12/6/2022,13,3,2022,Mega Millions,Mega_Ball
12/9/2022,8,4,2022,Mega Millions,Main
12/9/2022,19,4,2022,Mega Millions,Main
12/9/2022,53,4,2022,Mega Millions,Main
12/9/2022,61,4,2022,Mega Millions,Main
12/9/2022,69,4,2022,Mega Millions,Main
12/9/2022,19,4,2022,Mega Millions,Mega_Ball
12/13/2022,14,2,2022,Mega Millions,Main
12/13/2022,22,2,2022,Mega Millions,Main
12/13/2022,48,2,2022,Mega Millions,Main
12/13/2022,58,2,2022,Mega Millions,Main
12/13/2022,68,2,2022,Mega Millions,Main
12/13/2022,6,2,2022,Mega Millions,Mega_Ball
12/16/2022,8,3,2022,Mega Millions,Main
12/16/2022,35,3,2022,Mega Millions,Main
12/16/2022,40,3,2022,Mega Millions,Main
12/16/2022,53,3,2022,Mega Millions,Main
12/16/2022,56,3,2022,Mega Millions,Main
12/16/2022,11,3,2022,Mega Millions,Mega_Ball
12/20/2022,3,4,2022,Mega Millions,Main
12/20/2022,4,4,2022,Mega Millions,Main
12/20/2022,33,4,2022,Mega Millions,Main
12/20/2022,36,4,2022,Mega Millions,Main
12/20/2022,52,4,2022,Mega Millions,Main
12/20/2022,17,4,2022,Mega Millions,Mega_Ball
12/23/2022,15,4,2022,Mega Millions,Main
12/23/2022,21,4,2022,Mega Millions,Main
12/23/2022,32,4,2022,Mega Millions,Main
12/23/2022,38,4,2022,Mega Millions,Main
12/23/2022,62,4,2022,Mega Millions,Main
12/23/2022,8,4,2022,Mega Millions,Mega_Ball
12/27/2022,9,2,2022,Mega Millions,Main
12/27/2022,13,2,2022,Mega Millions,Main
12/27/2022,36,2,2022,Mega Millions,Main
12/27/2022,59,2,2022,Mega Millions,Main
12/27/2022,61,2,2022,Mega Millions,Main
12/27/2022,11,2,2022,Mega Millions,Mega_Ball
12/30/2022,1,3,2022,Mega Millions,Main
12/30/2022,3,3,2022,Mega Millions,Main
12/30/2022,6,3,2022,Mega Millions,Main
12/30/2022,44,3,2022,Mega Millions,Main
12/30/2022,51,3,2022,Mega Millions,Main
12/30/2022,7,3,2022,Mega Millions,Mega_Ball
1/3/2023,25,4,2023,Mega Millions,Main
1/3/2023,29,4,2023,Mega Millions,Main
1/3/2023,33,4,2023,Mega Millions,Main
1/3/2023,41,4,2023,Mega Millions,Main
1/3/2023,44,4,2023,Mega Millions,Main
1/3/2023,18,4,2023,Mega Millions,Mega_Ball
1/6/2023,3,3,2023,Mega Millions,Main
1/6/2023,20,3,2023,Mega Millions,Main
1/6/2023,46,3,2023,Mega Millions,Main
1/6/2023,59,3,2023,Mega Millions,Main
1/6/2023,63,3,2023,Mega Millions,Main
1/6/2023,13,3,2023,Mega Millions,Mega_Ball
1/10/2023,7,3,2023,Mega Millions,Main
1/10/2023,13,3,2023,Mega Millions,Main
1/10/2023,14,3,2023,Mega Millions,Main
1/10/2023,15,3,2023,Mega Millions,Main
1/10/2023,18,3,2023,Mega Millions,Main
1/10/2023,9,3,2023,Mega Millions,Mega_Ball
1/13/2023,30,2,2023,Mega Millions,Main
1/13/2023,43,2,2023,Mega Millions,Main
1/13/2023,45,2,2023,Mega Millions,Main
1/13/2023,46,2,2023,Mega Millions,Main
1/13/2023,61,2,2023,Mega Millions,Main
1/13/2023,14,2,2023,Mega Millions,Mega_Ball
1/17/2023,2,3,2023,Mega Millions,Main
1/17/2023,12,3,2023,Mega Millions,Main
1/17/2023,18,3,2023,Mega Millions,Main
1/17/2023,24,3,2023,Mega Millions,Main
1/17/2023,39,3,2023,Mega Millions,Main
1/17/2023,18,3,2023,Mega Millions,Mega_Ball
1/20/2023,20,4,2023,Mega Millions,Main
1/20/2023,29,4,2023,Mega Millions,Main
1/20/2023,31,4,2023,Mega Millions,Main
1/20/2023,64,4,2023,Mega Millions,Main
1/20/2023,66,4,2023,Mega Millions,Main
1/20/2023,17,4,2023,Mega Millions,Mega_Ball
1/24/2023,33,4,2023,Mega Millions,Main
1/24/2023,41,4,2023,Mega Millions,Main
1/24/2023,47,4,2023,Mega Millions,Main
1/24/2023,50,4,2023,Mega Millions,Main
1/24/2023,62,4,2023,Mega Millions,Main
1/24/2023,20,4,2023,Mega Millions,Mega_Ball
1/27/2023,4,4,2023,Mega Millions,Main
1/27/2023,43,4,2023,Mega Millions,Main
1/27/2023,46,4,2023,Mega Millions,Main
1/27/2023,47,4,2023,Mega Millions,Main
1/27/2023,61,4,2023,Mega Millions,Main
1/27/2023,22,4,2023,Mega Millions,Mega_Ball
1/31/2023,7,4,2023,Mega Millions,Main
1/31/2023,9,4,2023,Mega Millions,Main
1/31/2023,18,4,2023,Mega Millions,Main
1/31/2023,29,4,2023,Mega Millions,Main
1/31/2023,39,4,2023,Mega Millions,Main
1/31/2023,13,4,2023,Mega Millions,Mega_Ball
2/3/2023,1,2,2023,Mega Millions,Main
2/3/2023,4,2,2023,Mega Millions,Main
2/3/2023,50,2,2023,Mega Millions,Main
2/3/2023,54,2,2023,Mega Millions,Main
2/3/2023,59,2,2023,Mega Millions,Main
2/3/2023,17,2,2023,Mega Millions,Mega_Ball
2/7/2023,9,2,2023,Mega Millions,Main
2/7/2023,15,2,2023,Mega Millions,Main
2/7/2023,46,2,2023,Mega Millions,Main
2/7/2023,55,2,2023,Mega Millions,Main
2/7/2023,57,2,2023,Mega Millions,Main
2/7/2023,4,2,2023,Mega Millions,Mega_Ball
2/10/2023,20,3,2023,Mega Millions,Main
2/10/2023,29,3,2023,Mega Millions,Main
2/10/2023,30,3,2023,Mega Millions,Main
2/10/2023,52,3,2023,Mega Millions,Main
2/10/2023,58,3,2023,Mega Millions,Main
2/10/2023,19,3,2023,Mega Millions,Mega_Ball
2/14/2023,23,3,2023,Mega Millions,Main
2/14/2023,24,3,2023,Mega Millions,Main
2/14/2023,35,3,2023,Mega Millions,Main
2/14/2023,40,3,2023,Mega Millions,Main
2/14/2023,43,3,2023,Mega Millions,Main
2/14/2023,1,3,2023,Mega Millions,Mega_Ball
2/17/2023,2,3,2023,Mega Millions,Main
2/17/2023,33,3,2023,Mega Millions,Main
2/17/2023,38,3,2023,Mega Millions,Main
2/17/2023,57,3,2023,Mega Millions,Main
2/17/2023,70,3,2023,Mega Millions,Main
2/17/2023,13,3,2023,Mega Millions,Mega_Ball
2/21/2023,2,2,2023,Mega Millions,Main
2/21/2023,15,2,2023,Mega Millions,Main
2/21/2023,30,2,2023,Mega Millions,Main
2/21/2023,36,2,2023,Mega Millions,Main
2/21/2023,63,2,2023,Mega Millions,Main
2/21/2023,24,2,2023,Mega Millions,Mega_Ball
2/24/2023,2,4,2023,Mega Millions,Main
2/24/2023,22,4,2023,Mega Millions,Main
2/24/2023,49,4,2023,Mega Millions,Main
2/24/2023,65,4,2023,Mega Millions,Main
2/24/2023,67,4,2023,Mega Millions,Main
2/24/2023,7,4,2023,Mega Millions,Mega_Ball
2/28/2023,14,2,2023,Mega Millions,Main
2/28/2023,16,2,2023,Mega Millions,Main
2/28/2023,40,2,2023,Mega Millions,Main
2/28/2023,52,2,2023,Mega Millions,Main
2/28/2023,59,2,2023,Mega Millions,Main
2/28/2023,13,2,2023,Mega Millions,Mega_Ball
3/3/2023,8,4,2023,Mega Millions,Main
3/3/2023,25,4,2023,Mega Millions,Main
3/3/2023,36,4,2023,Mega Millions,Main
3/3/2023,39,4,2023,Mega Millions,Main
3/3/2023,67,4,2023,Mega Millions,Main
3/3/2023,11,4,2023,Mega Millions,Mega_Ball
3/7/2023,15,4,2023,Mega Millions,Main
3/7/2023,22,4,2023,Mega Millions,Main
3/7/2023,25,4,2023,Mega Millions,Main
3/7/2023,28,4,2023,Mega Millions,Main
3/7/2023,69,4,2023,Mega Millions,Main
3/7/2023,21,4,2023,Mega Millions,Mega_Ball
3/10/2023,9,2,2023,Mega Millions,Main
3/10/2023,20,2,2023,Mega Millions,Main
3/10/2023,59,2,2023,Mega Millions,Main
3/10/2023,60,2,2023,Mega Millions,Main
3/10/2023,63,2,2023,Mega Millions,Main
3/10/2023,5,2,2023,Mega Millions,Mega_Ball
3/14/2023,1,3,2023,Mega Millions,Main
3/14/2023,7,3,2023,Mega Millions,Main
3/14/2023,23,3,2023,Mega Millions,Main
3/14/2023,38,3,2023,Mega Millions,Main
3/14/2023,55,3,2023,Mega Millions,Main
3/14/2023,2,3,2023,Mega Millions,Mega_Ball
3/17/2023,26,3,2023,Mega Millions,Main
3/17/2023,28,3,2023,Mega Millions,Main
3/17/2023,29,3,2023,Mega Millions,Main
3/17/2023,39,3,2023,Mega Millions,Main
3/17/2023,49,3,2023,Mega Millions,Main
3/17/2023,25,3,2023,Mega Millions,Mega_Ball
3/21/2023,1,2,2023,Mega Millions,Main
3/21/2023,21,2,2023,Mega Millions,Main
3/21/2023,25,2,2023,Mega Millions,Main
3/21/2023,27,2,2023,Mega Millions,Main
3/21/2023,40,2,2023,Mega Millions,Main
3/21/2023,11,2,2023,Mega Millions,Mega_Ball
3/24/2023,14,3,2023,Mega Millions,Main
3/24/2023,17,3,2023,Mega Millions,Main
3/24/2023,33,3,2023,Mega Millions,Main
3/24/2023,42,3,2023,Mega Millions,Main
3/24/2023,66,3,2023,Mega Millions,Main
3/24/2023,15,3,2023,Mega Millions,Mega_Ball
3/28/2023,2,4,2023,Mega Millions,Main
3/28/2023,3,4,2023,Mega Millions,Main
3/28/2023,18,4,2023,Mega Millions,Main
3/28/2023,32,4,2023,Mega Millions,Main
3/28/2023,68,4,2023,Mega Millions,Main
3/28/2023,24,4,2023,Mega Millions,Mega_Ball
3/31/2023,16,4,2023,Mega Millions,Main
3/31/2023,26,4,2023,Mega Millions,Main
3/31/2023,27,4,2023,Mega Millions,Main
3/31/2023,42,4,2023,Mega Millions,Main
3/31/2023,61,4,2023,Mega Millions,Main
3/31/2023,23,4,2023,Mega Millions,Mega_Ball
4/4/2023,1,3,2023,Mega Millions,Main
4/4/2023,37,3,2023,Mega Millions,Main
4/4/2023,45,3,2023,Mega Millions,Main
4/4/2023,62,3,2023,Mega Millions,Main
4/4/2023,64,3,2023,Mega Millions,Main
4/4/2023,4,3,2023,Mega Millions,Mega_Ball
4/7/2023,12,2,2023,Mega Millions,Main
4/7/2023,32,2,2023,Mega Millions,Main
4/7/2023,49,2,2023,Mega Millions,Main
4/7/2023,51,2,2023,Mega Millions,Main
4/7/2023,66,2,2023,Mega Millions,Main
4/7/2023,21,2,2023,Mega Millions,Mega_Ball
4/11/2023,31,3,2023,Mega Millions,Main
4/11/2023,35,3,2023,Mega Millions,Main
4/11/2023,53,3,2023,Mega Millions,Main
4/11/2023,54,3,2023,Mega Millions,Main
4/11/2023,55,3,2023,Mega Millions,Main
4/11/2023,24,3,2023,Mega Millions,Mega_Ball
4/14/2023,23,2,2023,Mega Millions,Main
4/14/2023,27,2,2023,Mega Millions,Main
4/14/2023,41,2,2023,Mega Millions,Main
4/14/2023,48,2,2023,Mega Millions,Main
4/14/2023,51,2,2023,Mega Millions,Main
4/14/2023,22,2,2023,Mega Millions,Mega_Ball
4/18/2023,7,2,2023,Mega Millions,Main
4/18/2023,9,2,2023,Mega Millions,Main
4/18/2023,15,2,2023,Mega Millions,Main
4/18/2023,19,2,2023,Mega Millions,Main
4/18/2023,25,2,2023,Mega Millions,Main
4/18/2023,4,2,2023,Mega Millions,Mega_Ball
4/21/2023,3,3,2023,Mega Millions,Main
4/21/2023,21,3,2023,Mega Millions,Main
4/21/2023,29,3,2023,Mega Millions,Main
4/21/2023,46,3,2023,Mega Millions,Main
4/21/2023,63,3,2023,Mega Millions,Main
4/21/2023,9,3,2023,Mega Millions,Mega_Ball
4/25/2023,8,2,2023,Mega Millions,Main
4/25/2023,29,2,2023,Mega Millions,Main
4/25/2023,46,2,2023,Mega Millions,Main
4/25/2023,47,2,2023,Mega Millions,Main
4/25/2023,48,2,2023,Mega Millions,Main
4/25/2023,12,2,2023,Mega Millions,Mega_Ball
4/28/2023,18,3,2023,Mega Millions,Main
4/28/2023,38,3,2023,Mega Millions,Main
4/28/2023,53,3,2023,Mega Millions,Main
4/28/2023,62,3,2023,Mega Millions,Main
4/28/2023,64,3,2023,Mega Millions,Main
4/28/2023,20,3,2023,Mega Millions,Mega_Ball
5/2/2023,3,2,2023,Mega Millions,Main
5/2/2023,15,2,2023,Mega Millions,Main
5/2/2023,16,2,2023,Mega Millions,Main
5/2/2023,32,2,2023,Mega Millions,Main
5/2/2023,41,2,2023,Mega Millions,Main
5/2/2023,9,2,2023,Mega Millions,Mega_Ball
5/5/2023,16,3,2023,Mega Millions,Main
5/5/2023,18,3,2023,Mega Millions,Main
5/5/2023,28,3,2023,Mega Millions,Main
5/5/2023,42,3,2023,Mega Millions,Main
5/5/2023,43,3,2023,Mega Millions,Main
5/5/2023,11,3,2023,Mega Millions,Mega_Ball
5/9/2023,4,3,2023,Mega Millions,Main
5/9/2023,37,3,2023,Mega Millions,Main
5/9/2023,46,3,2023,Mega Millions,Main
5/9/2023,48,3,2023,Mega Millions,Main
5/9/2023,51,3,2023,Mega Millions,Main
5/9/2023,19,3,2023,Mega Millions,Mega_Ball
5/12/2023,1,3,2023,Mega Millions,Main
5/12/2023,2,3,2023,Mega Millions,Main
5/12/2023,23,3,2023,Mega Millions,Main
5/12/2023,40,3,2023,Mega Millions,Main
5/12/2023,45,3,2023,Mega Millions,Main
5/12/2023,15,3,2023,Mega Millions,Mega_Ball
5/16/2023,15,3,2023,Mega Millions,Main
5/16/2023,34,3,2023,Mega Millions,Main
5/16/2023,36,3,2023,Mega Millions,Main
5/16/2023,69,3,2023,Mega Millions,Main
5/16/2023,70,3,2023,Mega Millions,Main
5/16/2023,17,3,2023,Mega Millions,Mega_Ball
5/19/2023,5,2,2023,Mega Millions,Main
5/19/2023,11,2,2023,Mega Millions,Main
5/19/2023,41,2,2023,Mega Millions,Main
5/19/2023,44,2,2023,Mega Millions,Main
5/19/2023,55,2,2023,Mega Millions,Main
5/19/2023,14,2,2023,Mega Millions,Mega_Ball
5/23/2023,3,2,2023,Mega Millions,Main
5/23/2023,10,2,2023,Mega Millions,Main
5/23/2023,22,2,2023,Mega Millions,Main
5/23/2023,65,2,2023,Mega Millions,Main
5/23/2023,66,2,2023,Mega Millions,Main
5/23/2023,19,2,2023,Mega Millions,Mega_Ball
5/26/2023,12,3,2023,Mega Millions,Main
5/26/2023,20,3,2023,Mega Millions,Main
5/26/2023,37,3,2023,Mega Millions,Main
5/26/2023,41,3,2023,Mega Millions,Main
5/26/2023,64,3,2023,Mega Millions,Main
5/26/2023,1,3,2023,Mega Millions,Mega_Ball
5/30/2023,13,2,2023,Mega Millions,Main
5/30/2023,16,2,2023,Mega Millions,Main
5/30/2023,40,2,2023,Mega Millions,Main
5/30/2023,64,2,2023,Mega Millions,Main
5/30/2023,68,2,2023,Mega Millions,Main
5/30/2023,21,2,2023,Mega Millions,Mega_Ball
6/2/2023,3,2,2023,Mega Millions,Main
6/2/2023,16,2,2023,Mega Millions,Main
6/2/2023,19,2,2023,Mega Millions,Main
6/2/2023,36,2,2023,Mega Millions,Main
6/2/2023,60,2,2023,Mega Millions,Main
6/2/2023,25,2,2023,Mega Millions,Mega_Ball
6/6/2023,6,2,2023,Mega Millions,Main
6/6/2023,12,2,2023,Mega Millions,Main
6/6/2023,23,2,2023,Mega Millions,Main
6/6/2023,29,2,2023,Mega Millions,Main
6/6/2023,57,2,2023,Mega Millions,Main
6/6/2023,4,2,2023,Mega Millions,Mega_Ball
6/9/2023,3,3,2023,Mega Millions,Main
6/9/2023,19,3,2023,Mega Millions,Main
6/9/2023,53,3,2023,Mega Millions,Main
6/9/2023,60,3,2023,Mega Millions,Main
6/9/2023,68,3,2023,Mega Millions,Main
6/9/2023,13,3,2023,Mega Millions,Mega_Ball
6/13/2023,8,4,2023,Mega Millions,Main
6/13/2023,10,4,2023,Mega Millions,Main
6/13/2023,19,4,2023,Mega Millions,Main
6/13/2023,44,4,2023,Mega Millions,Main
6/13/2023,47,4,2023,Mega Millions,Main
6/13/2023,4,4,2023,Mega Millions,Mega_Ball
6/16/2023,4,3,2023,Mega Millions,Main
6/16/2023,24,3,2023,Mega Millions,Main
6/16/2023,34,3,2023,Mega Millions,Main
6/16/2023,45,3,2023,Mega Millions,Main
6/16/2023,57,3,2023,Mega Millions,Main
6/16/2023,19,3,2023,Mega Millions,Mega_Ball
6/20/2023,6,4,2023,Mega Millions,Main
6/20/2023,37,4,2023,Mega Millions,Main
6/20/2023,39,4,2023,Mega Millions,Main
6/20/2023,45,4,2023,Mega Millions,Main
6/20/2023,46,4,2023,Mega Millions,Main
6/20/2023,21,4,2023,Mega Millions,Mega_Ball
6/23/2023,13,5,2023,Mega Millions,Main
6/23/2023,62,5,2023,Mega Millions,Main
6/23/2023,65,5,2023,Mega Millions,Main
6/23/2023,67,5,2023,Mega Millions,Main
6/23/2023,69,5,2023,Mega Millions,Main
6/23/2023,14,5,2023,Mega Millions,Mega_Ball
6/27/2023,8,4,2023,Mega Millions,Main
6/27/2023,34,4,2023,Mega Millions,Main
6/27/2023,35,4,2023,Mega Millions,Main
6/27/2023,41,4,2023,Mega Millions,Main
6/27/2023,52,4,2023,Mega Millions,Main
6/27/2023,12,4,2023,Mega Millions,Mega_Ball
6/30/2023,13,3,2023,Mega Millions,Main
6/30/2023,22,3,2023,Mega Millions,Main
6/30/2023,47,3,2023,Mega Millions,Main
6/30/2023,51,3,2023,Mega Millions,Main
6/30/2023,55,3,2023,Mega Millions,Main
6/30/2023,9,3,2023,Mega Millions,Mega_Ball
7/4/2023,21,3,2023,Mega Millions,Main
7/4/2023,33,3,2023,Mega Millions,Main
7/4/2023,54,3,2023,Mega Millions,Main
7/4/2023,61,3,2023,Mega Millions,Main
7/4/2023,67,3,2023,Mega Millions,Main
7/4/2023,12,3,2023,Mega Millions,Mega_Ball
7/7/2023,8,3,2023,Mega Millions,Main
7/7/2023,10,3,2023,Mega Millions,Main
7/7/2023,17,3,2023,Mega Millions,Main
7/7/2023,55,3,2023,Mega Millions,Main
7/7/2023,66,3,2023,Mega Millions,Main
7/7/2023,3,3,2023,Mega Millions,Mega_Ball
7/11/2023,10,2,2023,Mega Millions,Main
7/11/2023,17,2,2023,Mega Millions,Main
7/11/2023,33,2,2023,Mega Millions,Main
7/11/2023,51,2,2023,Mega Millions,Main
7/11/2023,64,2,2023,Mega Millions,Main
7/11/2023,5,2,2023,Mega Millions,Mega_Ball
7/14/2023,10,2,2023,Mega Millions,Main
7/14/2023,24,2,2023,Mega Millions,Main
7/14/2023,48,2,2023,Mega Millions,Main
7/14/2023,51,2,2023,Mega Millions,Main
7/14/2023,66,2,2023,Mega Millions,Main
7/14/2023,15,2,2023,Mega Millions,Mega_Ball
7/18/2023,19,4,2023,Mega Millions,Main
7/18/2023,22,4,2023,Mega Millions,Main
7/18/2023,31,4,2023,Mega Millions,Main
7/18/2023,37,4,2023,Mega Millions,Main
7/18/2023,54,4,2023,Mega Millions,Main
7/18/2023,18,4,2023,Mega Millions,Mega_Ball
7/21/2023,29,2,2023,Mega Millions,Main
7/21/2023,40,2,2023,Mega Millions,Main
7/21/2023,47,2,2023,Mega Millions,Main
7/21/2023,50,2,2023,Mega Millions,Main
7/21/2023,57,2,2023,Mega Millions,Main
7/21/2023,25,2,2023,Mega Millions,Mega_Ball
7/25/2023,3,4,2023,Mega Millions,Main
7/25/2023,5,4,2023,Mega Millions,Main
7/25/2023,6,4,2023,Mega Millions,Main
7/25/2023,44,4,2023,Mega Millions,Main
7/25/2023,61,4,2023,Mega Millions,Main
7/25/2023,25,4,2023,Mega Millions,Mega_Ball
7/28/2023,5,5,2023,Mega Millions,Main
7/28/2023,10,5,2023,Mega Millions,Main
7/28/2023,28,5,2023,Mega Millions,Main
7/28/2023,52,5,2023,Mega Millions,Main
7/28/2023,63,5,2023,Mega Millions,Main
7/28/2023,18,5,2023,Mega Millions,Mega_Ball
8/1/2023,8,4,2023,Mega Millions,Main
8/1/2023,24,4,2023,Mega Millions,Main
8/1/2023,30,4,2023,Mega Millions,Main
8/1/2023,45,4,2023,Mega Millions,Main
8/1/2023,61,4,2023,Mega Millions,Main
8/1/2023,12,4,2023,Mega Millions,Mega_Ball
8/4/2023,11,2,2023,Mega Millions,Main
8/4/2023,30,2,2023,Mega Millions,Main
8/4/2023,45,2,2023,Mega Millions,Main
8/4/2023,52,2,2023,Mega Millions,Main
8/4/2023,56,2,2023,Mega Millions,Main
8/4/2023,20,2,2023,Mega Millions,Mega_Ball
8/8/2023,13,2,2023,Mega Millions,Main
8/8/2023,19,2,2023,Mega Millions,Main
8/8/2023,20,2,2023,Mega Millions,Main
8/8/2023,32,2,2023,Mega Millions,Main
8/8/2023,33,2,2023,Mega Millions,Main
8/8/2023,14,2,2023,Mega Millions,Mega_Ball
8/11/2023,8,3,2023,Mega Millions,Main
8/11/2023,9,3,2023,Mega Millions,Main
8/11/2023,18,3,2023,Mega Millions,Main
8/11/2023,35,3,2023,Mega Millions,Main
8/11/2023,41,3,2023,Mega Millions,Main
8/11/2023,18,3,2023,Mega Millions,Mega_Ball
8/15/2023,18,3,2023,Mega Millions,Main
8/15/2023,39,3,2023,Mega Millions,Main
8/15/2023,42,3,2023,Mega Millions,Main
8/15/2023,57,3,2023,Mega Millions,Main
8/15/2023,63,3,2023,Mega Millions,Main
8/15/2023,7,3,2023,Mega Millions,Mega_Ball
8/18/2023,10,3,2023,Mega Millions,Main
8/18/2023,20,3,2023,Mega Millions,Main
8/18/2023,29,3,2023,Mega Millions,Main
8/18/2023,44,3,2023,Mega Millions,Main
8/18/2023,66,3,2023,Mega Millions,Main
8/18/2023,11,3,2023,Mega Millions,Mega_Ball
8/22/2023,1,2,2023,Mega Millions,Main
8/22/2023,12,2,2023,Mega Millions,Main
8/22/2023,26,2,2023,Mega Millions,Main
8/22/2023,36,2,2023,Mega Millions,Main
8/22/2023,50,2,2023,Mega Millions,Main
8/22/2023,7,2,2023,Mega Millions,Mega_Ball
8/25/2023,12,2,2023,Mega Millions,Main
8/25/2023,23,2,2023,Mega Millions,Main
8/25/2023,26,2,2023,Mega Millions,Main
8/25/2023,31,2,2023,Mega Millions,Main
8/25/2023,38,2,2023,Mega Millions,Main
8/25/2023,2,2,2023,Mega Millions,Mega_Ball
8/29/2023,9,3,2023,Mega Millions,Main
8/29/2023,39,3,2023,Mega Millions,Main
8/29/2023,52,3,2023,Mega Millions,Main
8/29/2023,61,3,2023,Mega Millions,Main
8/29/2023,63,3,2023,Mega Millions,Main
8/29/2023,25,3,2023,Mega Millions,Mega_Ball
9/1/2023,10,2,2023,Mega Millions,Main
9/1/2023,31,2,2023,Mega Millions,Main
9/1/2023,42,2,2023,Mega Millions,Main
9/1/2023,43,2,2023,Mega Millions,Main
9/1/2023,55,2,2023,Mega Millions,Main
9/1/2023,8,2,2023,Mega Millions,Mega_Ball
9/5/2023,3,2,2023,Mega Millions,Main
9/5/2023,43,2,2023,Mega Millions,Main
9/5/2023,50,2,2023,Mega Millions,Main
9/5/2023,51,2,2023,Mega Millions,Main
9/5/2023,65,2,2023,Mega Millions,Main
9/5/2023,13,2,2023,Mega Millions,Mega_Ball
9/8/2023,3,3,2023,Mega Millions,Main
9/8/2023,12,3,2023,Mega Millions,Main
9/8/2023,17,3,2023,Mega Millions,Main
9/8/2023,51,3,2023,Mega Millions,Main
9/8/2023,62,3,2023,Mega Millions,Main
9/8/2023,1,3,2023,Mega Millions,Mega_Ball
9/12/2023,2,5,2023,Mega Millions,Main
9/12/2023,14,5,2023,Mega Millions,Main
9/12/2023,21,5,2023,Mega Millions,Main
9/12/2023,42,5,2023,Mega Millions,Main
9/12/2023,67,5,2023,Mega Millions,Main
9/12/2023,18,5,2023,Mega Millions,Mega_Ball
9/15/2023,5,3,2023,Mega Millions,Main
9/15/2023,13,3,2023,Mega Millions,Main
9/15/2023,29,3,2023,Mega Millions,Main
9/15/2023,50,3,2023,Mega Millions,Main
9/15/2023,53,3,2023,Mega Millions,Main
9/15/2023,25,3,2023,Mega Millions,Mega_Ball
9/19/2023,6,2,2023,Mega Millions,Main
9/19/2023,9,2,2023,Mega Millions,Main
9/19/2023,13,2,2023,Mega Millions,Main
9/19/2023,29,2,2023,Mega Millions,Main
9/19/2023,66,2,2023,Mega Millions,Main
9/19/2023,24,2,2023,Mega Millions,Mega_Ball
9/22/2023,10,2,2023,Mega Millions,Main
9/22/2023,13,2,2023,Mega Millions,Main
9/22/2023,14,2,2023,Mega Millions,Main
9/22/2023,57,2,2023,Mega Millions,Main
9/22/2023,66,2,2023,Mega Millions,Main
9/22/2023,3,2,2023,Mega Millions,Mega_Ball
9/26/2023,15,4,2023,Mega Millions,Main
9/26/2023,30,4,2023,Mega Millions,Main
9/26/2023,35,4,2023,Mega Millions,Main
9/26/2023,42,4,2023,Mega Millions,Main
9/26/2023,60,4,2023,Mega Millions,Main
9/26/2023,16,4,2023,Mega Millions,Mega_Ball
9/29/2023,18,4,2023,Mega Millions,Main
9/29/2023,40,4,2023,Mega Millions,Main
9/29/2023,47,4,2023,Mega Millions,Main
9/29/2023,55,4,2023,Mega Millions,Main
9/29/2023,64,4,2023,Mega Millions,Main
9/29/2023,11,4,2023,Mega Millions,Mega_Ball
10/3/2023,3,3,2023,Mega Millions,Main
10/3/2023,19,3,2023,Mega Millions,Main
10/3/2023,32,3,2023,Mega Millions,Main
10/3/2023,39,3,2023,Mega Millions,Main
10/3/2023,59,3,2023,Mega Millions,Main
10/3/2023,24,3,2023,Mega Millions,Mega_Ball
10/6/2023,12,3,2023,Mega Millions,Main
10/6/2023,24,3,2023,Mega Millions,Main
10/6/2023,46,3,2023,Mega Millions,Main
10/6/2023,57,3,2023,Mega Millions,Main
10/6/2023,66,3,2023,Mega Millions,Main
10/6/2023,22,3,2023,Mega Millions,Mega_Ball
10/10/2023,3,4,2023,Mega Millions,Main
10/10/2023,8,4,2023,Mega Millions,Main
10/10/2023,17,4,2023,Mega Millions,Main
10/10/2023,46,4,2023,Mega Millions,Main
10/10/2023,63,4,2023,Mega Millions,Main
10/10/2023,7,4,2023,Mega Millions,Mega_Ball
10/13/2023,6,3,2023,Mega Millions,Main
10/13/2023,18,3,2023,Mega Millions,Main
10/13/2023,44,3,2023,Mega Millions,Main
10/13/2023,46,3,2023,Mega Millions,Main
10/13/2023,68,3,2023,Mega Millions,Main
10/13/2023,18,3,2023,Mega Millions,Mega_Ball
10/17/2023,5,4,2023,Mega Millions,Main
10/17/2023,6,4,2023,Mega Millions,Main
10/17/2023,29,4,2023,Mega Millions,Main
10/17/2023,32,4,2023,Mega Millions,Main
10/17/2023,61,4,2023,Mega Millions,Main
10/17/2023,20,4,2023,Mega Millions,Mega_Ball
10/20/2023,7,4,2023,Mega Millions,Main
10/20/2023,29,4,2023,Mega Millions,Main
10/20/2023,36,4,2023,Mega Millions,Main
10/20/2023,49,4,2023,Mega Millions,Main
10/20/2023,61,4,2023,Mega Millions,Main
10/20/2023,22,4,2023,Mega Millions,Mega_Ball
10/24/2023,16,3,2023,Mega Millions,Main
10/24/2023,20,3,2023,Mega Millions,Main
10/24/2023,30,3,2023,Mega Millions,Main
10/24/2023,54,3,2023,Mega Millions,Main
10/24/2023,59,3,2023,Mega Millions,Main
10/24/2023,7,3,2023,Mega Millions,Mega_Ball
10/27/2023,11,4,2023,Mega Millions,Main
10/27/2023,32,4,2023,Mega Millions,Main
10/27/2023,43,4,2023,Mega Millions,Main
10/27/2023,57,4,2023,Mega Millions,Main
10/27/2023,70,4,2023,Mega Millions,Main
10/27/2023,6,4,2023,Mega Millions,Mega_Ball
10/31/2023,14,3,2023,Mega Millions,Main
10/31/2023,35,3,2023,Mega Millions,Main
10/31/2023,37,3,2023,Mega Millions,Main
10/31/2023,55,3,2023,Mega Millions,Main
10/31/2023,70,3,2023,Mega Millions,Main
10/31/2023,15,3,2023,Mega Millions,Mega_Ball
11/3/2023,15,4,2023,Mega Millions,Main
11/3/2023,32,4,2023,Mega Millions,Main
11/3/2023,38,4,2023,Mega Millions,Main
11/3/2023,47,4,2023,Mega Millions,Main
11/3/2023,65,4,2023,Mega Millions,Main
11/3/2023,12,4,2023,Mega Millions,Mega_Ball
11/7/2023,3,2,2023,Mega Millions,Main
11/7/2023,11,2,2023,Mega Millions,Main
11/7/2023,33,2,2023,Mega Millions,Main
11/7/2023,42,2,2023,Mega Millions,Main
11/7/2023,52,2,2023,Mega Millions,Main
11/7/2023,20,2,2023,Mega Millions,Mega_Ball
11/10/2023,13,3,2023,Mega Millions,Main
11/10/2023,33,3,2023,Mega Millions,Main
11/10/2023,59,3,2023,Mega Millions,Main
11/10/2023,68,3,2023,Mega Millions,Main
11/10/2023,70,3,2023,Mega Millions,Main
11/10/2023,8,3,2023,Mega Millions,Mega_Ball
11/14/2023,29,4,2023,Mega Millions,Main
11/14/2023,35,4,2023,Mega Millions,Main
11/14/2023,59,4,2023,Mega Millions,Main
11/14/2023,61,4,2023,Mega Millions,Main
11/14/2023,69,4,2023,Mega Millions,Main
11/14/2023,22,4,2023,Mega Millions,Mega_Ball
11/17/2023,6,3,2023,Mega Millions,Main
11/17/2023,12,3,2023,Mega Millions,Main
11/17/2023,31,3,2023,Mega Millions,Main
11/17/2023,33,3,2023,Mega Millions,Main
11/17/2023,69,3,2023,Mega Millions,Main
11/17/2023,17,3,2023,Mega Millions,Mega_Ball
11/21/2023,17,4,2023,Mega Millions,Main
11/21/2023,22,4,2023,Mega Millions,Main
11/21/2023,25,4,2023,Mega Millions,Main
11/21/2023,30,4,2023,Mega Millions,Main
11/21/2023,38,4,2023,Mega Millions,Main
11/21/2023,24,4,2023,Mega Millions,Mega_Ball
11/24/2023,6,4,2023,Mega Millions,Main
11/24/2023,15,4,2023,Mega Millions,Main
11/24/2023,45,4,2023,Mega Millions,Main
11/24/2023,59,4,2023,Mega Millions,Main
11/24/2023,68,4,2023,Mega Millions,Main
11/24/2023,1,4,2023,Mega Millions,Mega_Ball
11/28/2023,27,3,2023,Mega Millions,Main
11/28/2023,37,3,2023,Mega Millions,Main
11/28/2023,42,3,2023,Mega Millions,Main
11/28/2023,59,3,2023,Mega Millions,Main
11/28/2023,61,3,2023,Mega Millions,Main
11/28/2023,11,3,2023,Mega Millions,Mega_Ball
12/1/2023,12,4,2023,Mega Millions,Main
12/1/2023,47,4,2023,Mega Millions,Main
12/1/2023,49,4,2023,Mega Millions,Main
12/1/2023,52,4,2023,Mega Millions,Main
12/1/2023,65,4,2023,Mega Millions,Main
12/1/2023,12,4,2023,Mega Millions,Mega_Ball
12/5/2023,18,4,2023,Mega Millions,Main
12/5/2023,35,4,2023,Mega Millions,Main
12/5/2023,40,4,2023,Mega Millions,Main
12/5/2023,64,4,2023,Mega Millions,Main
12/5/2023,67,4,2023,Mega Millions,Main
12/5/2023,18,4,2023,Mega Millions,Mega_Ball
12/8/2023,21,3,2023,Mega Millions,Main
12/8/2023,26,3,2023,Mega Millions,Main
12/8/2023,53,3,2023,Mega Millions,Main
12/8/2023,66,3,2023,Mega Millions,Main
12/8/2023,70,3,2023,Mega Millions,Main
12/8/2023,13,3,2023,Mega Millions,Mega_Ball
12/12/2023,8,4,2023,Mega Millions,Main
12/12/2023,23,4,2023,Mega Millions,Main
12/12/2023,44,4,2023,Mega Millions,Main
12/12/2023,45,4,2023,Mega Millions,Main
12/12/2023,53,4,2023,Mega Millions,Main
12/12/2023,3,4,2023,Mega Millions,Mega_Ball
12/15/2023,10,2,2023,Mega Millions,Main
12/15/2023,20,2,2023,Mega Millions,Main
12/15/2023,28,2,2023,Mega Millions,Main
12/15/2023,40,2,2023,Mega Millions,Main
12/15/2023,54,2,2023,Mega Millions,Main
12/15/2023,12,2,2023,Mega Millions,Mega_Ball
12/19/2023,17,3,2023,Mega Millions,Main
12/19/2023,26,3,2023,Mega Millions,Main
12/19/2023,50,3,2023,Mega Millions,Main
12/19/2023,58,3,2023,Mega Millions,Main
12/19/2023,61,3,2023,Mega Millions,Main
12/19/2023,11,3,2023,Mega Millions,Mega_Ball
12/22/2023,10,4,2023,Mega Millions,Main
12/22/2023,26,4,2023,Mega Millions,Main
12/22/2023,36,4,2023,Mega Millions,Main
12/22/2023,54,4,2023,Mega Millions,Main
12/22/2023,69,4,2023,Mega Millions,Main
12/22/2023,4,4,2023,Mega Millions,Mega_Ball
12/26/2023,8,3,2023,Mega Millions,Main
12/26/2023,10,3,2023,Mega Millions,Main
12/26/2023,22,3,2023,Mega Millions,Main
12/26/2023,58,3,2023,Mega Millions,Main
12/26/2023,64,3,2023,Mega Millions,Main
12/26/2023,21,3,2023,Mega Millions,Mega_Ball
12/29/2023,11,3,2023,Mega Millions,Main
12/29/2023,27,3,2023,Mega Millions,Main
12/29/2023,30,3,2023,Mega Millions,Main
12/29/2023,62,3,2023,Mega Millions,Main
12/29/2023,70,3,2023,Mega Millions,Main
12/29/2023,10,3,2023,Mega Millions,Mega_Ball
1/2/2024,3,2,2024,Mega Millions,Main
1/2/2024,18,2,2024,Mega Millions,Main
1/2/2024,27,2,2024,Mega Millions,Main
1/2/2024,29,2,2024,Mega Millions,Main
1/2/2024,64,2,2024,Mega Millions,Main
1/2/2024,1,2,2024,Mega Millions,Mega_Ball
1/5/2024,5,3,2024,Mega Millions,Main
1/5/2024,23,3,2024,Mega Millions,Main
1/5/2024,26,3,2024,Mega Millions,Main
1/5/2024,38,3,2024,Mega Millions,Main
1/5/2024,44,3,2024,Mega Millions,Main
1/5/2024,25,3,2024,Mega Millions,Mega_Ball
1/9/2024,12,3,2024,Mega Millions,Main
1/9/2024,15,3,2024,Mega Millions,Main
1/9/2024,32,3,2024,Mega Millions,Main
1/9/2024,33,3,2024,Mega Millions,Main
1/9/2024,53,3,2024,Mega Millions,Main
1/9/2024,24,3,2024,Mega Millions,Mega_Ball
1/12/2024,19,3,2024,Mega Millions,Main
1/12/2024,34,3,2024,Mega Millions,Main
1/12/2024,35,3,2024,Mega Millions,Main
1/12/2024,45,3,2024,Mega Millions,Main
1/12/2024,67,3,2024,Mega Millions,Main
1/12/2024,7,3,2024,Mega Millions,Mega_Ball
1/16/2024,2,2,2024,Mega Millions,Main
1/16/2024,10,2,2024,Mega Millions,Main
1/16/2024,42,2,2024,Mega Millions,Main
1/16/2024,49,2,2024,Mega Millions,Main
1/16/2024,54,2,2024,Mega Millions,Main
1/16/2024,13,2,2024,Mega Millions,Mega_Ball
1/19/2024,1,2,2024,Mega Millions,Main
1/19/2024,9,2,2024,Mega Millions,Main
1/19/2024,16,2,2024,Mega Millions,Main
1/19/2024,17,2,2024,Mega Millions,Main
1/19/2024,30,2,2024,Mega Millions,Main
1/19/2024,17,2,2024,Mega Millions,Mega_Ball
1/23/2024,21,2,2024,Mega Millions,Main
1/23/2024,28,2,2024,Mega Millions,Main
1/23/2024,58,2,2024,Mega Millions,Main
1/23/2024,69,2,2024,Mega Millions,Main
1/23/2024,70,2,2024,Mega Millions,Main
1/23/2024,20,2,2024,Mega Millions,Mega_Ball
1/26/2024,14,3,2024,Mega Millions,Main
1/26/2024,31,3,2024,Mega Millions,Main
1/26/2024,34,3,2024,Mega Millions,Main
1/26/2024,50,3,2024,Mega Millions,Main
1/26/2024,61,3,2024,Mega Millions,Main
1/26/2024,13,3,2024,Mega Millions,Mega_Ball
1/30/2024,3,4,2024,Mega Millions,Main
1/30/2024,5,4,2024,Mega Millions,Main
1/30/2024,16,4,2024,Mega Millions,Main
1/30/2024,58,4,2024,Mega Millions,Main
1/30/2024,59,4,2024,Mega Millions,Main
1/30/2024,11,4,2024,Mega Millions,Mega_Ball
2/2/2024,11,3,2024,Mega Millions,Main
2/2/2024,22,3,2024,Mega Millions,Main
2/2/2024,42,3,2024,Mega Millions,Main
2/2/2024,64,3,2024,Mega Millions,Main
2/2/2024,69,3,2024,Mega Millions,Main
2/2/2024,18,3,2024,Mega Millions,Mega_Ball
2/6/2024,2,4,2024,Mega Millions,Main
2/6/2024,10,4,2024,Mega Millions,Main
2/6/2024,31,4,2024,Mega Millions,Main
2/6/2024,44,4,2024,Mega Millions,Main
2/6/2024,57,4,2024,Mega Millions,Main
2/6/2024,10,4,2024,Mega Millions,Mega_Ball
2/9/2024,17,3,2024,Mega Millions,Main
2/9/2024,22,3,2024,Mega Millions,Main
2/9/2024,29,3,2024,Mega Millions,Main
2/9/2024,46,3,2024,Mega Millions,Main
2/9/2024,69,3,2024,Mega Millions,Main
2/9/2024,1,3,2024,Mega Millions,Mega_Ball
2/13/2024,1,3,2024,Mega Millions,Main
2/13/2024,3,3,2024,Mega Millions,Main
2/13/2024,19,3,2024,Mega Millions,Main
2/13/2024,25,3,2024,Mega Millions,Main
2/13/2024,58,3,2024,Mega Millions,Main
2/13/2024,20,3,2024,Mega Millions,Mega_Ball
2/16/2024,19,4,2024,Mega Millions,Main
2/16/2024,23,4,2024,Mega Millions,Main
2/16/2024,39,4,2024,Mega Millions,Main
2/16/2024,42,4,2024,Mega Millions,Main
2/16/2024,67,4,2024,Mega Millions,Main
2/16/2024,18,4,2024,Mega Millions,Mega_Ball
2/20/2024,5,2,2024,Mega Millions,Main
2/20/2024,45,2,2024,Mega Millions,Main
2/20/2024,55,2,2024,Mega Millions,Main
2/20/2024,58,2,2024,Mega Millions,Main
2/20/2024,68,2,2024,Mega Millions,Main
2/20/2024,7,2,2024,Mega Millions,Mega_Ball
2/23/2024,4,5,2024,Mega Millions,Main
2/23/2024,6,5,2024,Mega Millions,Main
2/23/2024,40,5,2024,Mega Millions,Main
2/23/2024,41,5,2024,Mega Millions,Main
2/23/2024,60,5,2024,Mega Millions,Main
2/23/2024,11,5,2024,Mega Millions,Mega_Ball
2/27/2024,6,3,2024,Mega Millions,Main
2/27/2024,18,3,2024,Mega Millions,Main
2/27/2024,26,3,2024,Mega Millions,Main
2/27/2024,27,3,2024,Mega Millions,Main
2/27/2024,49,3,2024,Mega Millions,Main
2/27/2024,4,3,2024,Mega Millions,Mega_Ball
3/1/2024,15,4,2024,Mega Millions,Main
3/1/2024,33,4,2024,Mega Millions,Main
3/1/2024,37,4,2024,Mega Millions,Main
3/1/2024,55,4,2024,Mega Millions,Main
3/1/2024,61,4,2024,Mega Millions,Main
3/1/2024,24,4,2024,Mega Millions,Mega_Ball
3/5/2024,2,2,2024,Mega Millions,Main
3/5/2024,49,2,2024,Mega Millions,Main
3/5/2024,50,2,2024,Mega Millions,Main
3/5/2024,61,2,2024,Mega Millions,Main
3/5/2024,70,2,2024,Mega Millions,Main
3/5/2024,14,2,2024,Mega Millions,Mega_Ball
3/8/2024,19,3,2024,Mega Millions,Main
3/8/2024,20,3,2024,Mega Millions,Main
3/8/2024,22,3,2024,Mega Millions,Main
3/8/2024,47,3,2024,Mega Millions,Main
3/8/2024,58,3,2024,Mega Millions,Main
3/8/2024,1,3,2024,Mega Millions,Mega_Ball
3/12/2024,2,3,2024,Mega Millions,Main
3/12/2024,16,3,2024,Mega Millions,Main
3/12/2024,31,3,2024,Mega Millions,Main
3/12/2024,57,3,2024,Mega Millions,Main
3/12/2024,64,3,2024,Mega Millions,Main
3/12/2024,24,3,2024,Mega Millions,Mega_Ball
3/15/2024,13,5,2024,Mega Millions,Main
3/15/2024,25,5,2024,Mega Millions,Main
3/15/2024,50,5,2024,Mega Millions,Main
3/15/2024,51,5,2024,Mega Millions,Main
3/15/2024,66,5,2024,Mega Millions,Main
3/15/2024,6,5,2024,Mega Millions,Mega_Ball
3/19/2024,24,2,2024,Mega Millions,Main
3/19/2024,46,2,2024,Mega Millions,Main
3/19/2024,49,2,2024,Mega Millions,Main
3/19/2024,62,2,2024,Mega Millions,Main
3/19/2024,66,2,2024,Mega Millions,Main
3/19/2024,7,2,2024,Mega Millions,Mega_Ball
3/22/2024,3,3,2024,Mega Millions,Main
3/22/2024,8,3,2024,Mega Millions,Main
3/22/2024,31,3,2024,Mega Millions,Main
3/22/2024,35,3,2024,Mega Millions,Main
3/22/2024,44,3,2024,Mega Millions,Main
3/22/2024,16,3,2024,Mega Millions,Mega_Ball
3/26/2024,7,2,2024,Mega Millions,Main
3/26/2024,11,2,2024,Mega Millions,Main
3/26/2024,22,2,2024,Mega Millions,Main
3/26/2024,29,2,2024,Mega Millions,Main
3/26/2024,38,2,2024,Mega Millions,Main
3/26/2024,4,2,2024,Mega Millions,Mega_Ball
3/29/2024,11,4,2024,Mega Millions,Main
3/29/2024,30,4,2024,Mega Millions,Main
3/29/2024,33,4,2024,Mega Millions,Main
3/29/2024,38,4,2024,Mega Millions,Main
3/29/2024,60,4,2024,Mega Millions,Main
3/29/2024,16,4,2024,Mega Millions,Mega_Ball
4/2/2024,10,3,2024,Mega Millions,Main
4/2/2024,50,3,2024,Mega Millions,Main
4/2/2024,56,3,2024,Mega Millions,Main
4/2/2024,60,3,2024,Mega Millions,Main
4/2/2024,66,3,2024,Mega Millions,Main
4/2/2024,19,3,2024,Mega Millions,Mega_Ball
4/5/2024,20,3,2024,Mega Millions,Main
4/5/2024,30,3,2024,Mega Millions,Main
4/5/2024,54,3,2024,Mega Millions,Main
4/5/2024,63,3,2024,Mega Millions,Main
4/5/2024,65,3,2024,Mega Millions,Main
4/5/2024,14,3,2024,Mega Millions,Mega_Ball
4/9/2024,34,4,2024,Mega Millions,Main
4/9/2024,43,4,2024,Mega Millions,Main
4/9/2024,51,4,2024,Mega Millions,Main
4/9/2024,52,4,2024,Mega Millions,Main
4/9/2024,69,4,2024,Mega Millions,Main
4/9/2024,25,4,2024,Mega Millions,Mega_Ball
4/12/2024,1,2,2024,Mega Millions,Main
4/12/2024,12,2,2024,Mega Millions,Main
4/12/2024,14,2,2024,Mega Millions,Main
4/12/2024,18,2,2024,Mega Millions,Main
4/12/2024,66,2,2024,Mega Millions,Main
4/12/2024,16,2,2024,Mega Millions,Mega_Ball
4/16/2024,21,4,2024,Mega Millions,Main
4/16/2024,26,4,2024,Mega Millions,Main
4/16/2024,36,4,2024,Mega Millions,Main
4/16/2024,44,4,2024,Mega Millions,Main
4/16/2024,59,4,2024,Mega Millions,Main
4/16/2024,2,4,2024,Mega Millions,Mega_Ball
